Time,01_A1:ANAKTUVUKPASSANNHUM_N99.6CONDNSDPMCDB:Des Heat Load [W],01_A1:ANAKTUVUKPASSANNCLG.4CONDNSDBMWB:Des Sens Cool Load [W],01_A1:ANAKTUVUKPASSANNHUM_N99.6CONDNSDPMCDB:Des Heat Mass Flow [kg/s],01_A1:ANAKTUVUKPASSANNCLG.4CONDNSDBMWB:Des Cool Mass Flow [kg/s],01_A2::Des Heat Load [W],01_A2:ANAKTUVUKPASSANNCLG.4CONDNSDBMWB:Des Sens Cool Load [W],01_A2::Des Heat Mass Flow [kg/s],01_A2:ANAKTUVUKPASSANNCLG.4CONDNSDBMWB:Des Cool Mass Flow [kg/s],01_B2:ANAKTUVUKPASSANNHTG99.6CONDNSDB:Des Heat Load [W],01_B2:ANAKTUVUKPASSANNCLG.4CONDNSDBMWB:Des Sens Cool Load [W],01_B2:ANAKTUVUKPASSANNHTG99.6CONDNSDB:Des Heat Mass Flow [kg/s],01_B2:ANAKTUVUKPASSANNCLG.4CONDNSDBMWB:Des Cool Mass Flow [kg/s],01_C1:ANAKTUVUKPASSANNHTG99.6CONDNSDB:Des Heat Load [W],01_C1:ANAKTUVUKPASSANNCLG.4CONDNSDBMWB:Des Sens Cool Load [W],01_C1:ANAKTUVUKPASSANNHTG99.6CONDNSDB:Des Heat Mass Flow [kg/s],01_C1:ANAKTUVUKPASSANNCLG.4CONDNSDBMWB:Des Cool Mass Flow [kg/s],02_A1::Des Heat Load [W],02_A1:ANAKTUVUKPASSANNCLG.4CONDNSDBMWB:Des Sens Cool Load [W],02_A1::Des Heat Mass Flow [kg/s],02_A1:ANAKTUVUKPASSANNCLG.4CONDNSDBMWB:Des Cool Mass Flow [kg/s],02_A2::Des Heat Load [W],02_A2:ANAKTUVUKPASSANNCLG.4CONDNSDBMWB:Des Sens Cool Load [W],02_A2::Des Heat Mass Flow [kg/s],02_A2:ANAKTUVUKPASSANNCLG.4CONDNSDBMWB:Des Cool Mass Flow [kg/s],02_B2::Des Heat Load [W],02_B2:ANAKTUVUKPASSANNCLG.4CONDNSDBMWB:Des Sens Cool Load [W],02_B2::Des Heat Mass Flow [kg/s],02_B2:ANAKTUVUKPASSANNCLG.4CONDNSDBMWB:Des Cool Mass Flow [kg/s],02_C1::Des Heat Load [W],02_C1:ANAKTUVUKPASSANNCLG.4CONDNSDBMWB:Des Sens Cool Load [W],02_C1::Des Heat Mass Flow [kg/s],02_C1:ANAKTUVUKPASSANNCLG.4CONDNSDBMWB:Des Cool Mass Flow [kg/s],03_A1::Des Heat Load [W],03_A1:ANAKTUVUKPASSANNCLG.4CONDNSDBMWB:Des Sens Cool Load [W],03_A1::Des Heat Mass Flow [kg/s],03_A1:ANAKTUVUKPASSANNCLG.4CONDNSDBMWB:Des Cool Mass Flow [kg/s],03_A2::Des Heat Load [W],03_A2:ANAKTUVUKPASSANNCLG.4CONDNSDBMWB:Des Sens Cool Load [W],03_A2::Des Heat Mass Flow [kg/s],03_A2:ANAKTUVUKPASSANNCLG.4CONDNSDBMWB:Des Cool Mass Flow [kg/s],03_B2::Des Heat Load [W],03_B2:ANAKTUVUKPASSANNCLG.4CONDNSDBMWB:Des Sens Cool Load [W],03_B2::Des Heat Mass Flow [kg/s],03_B2:ANAKTUVUKPASSANNCLG.4CONDNSDBMWB:Des Cool Mass Flow [kg/s],03_C1::Des Heat Load [W],03_C1:ANAKTUVUKPASSANNCLG.4CONDNSDBMWB:Des Sens Cool Load [W],03_C1::Des Heat Mass Flow [kg/s],03_C1:ANAKTUVUKPASSANNCLG.4CONDNSDBMWB:Des Cool Mass Flow [kg/s]
00:10:00,5.017312E+00,1.192724E+03,4.432431E-04,8.407677E-02,0.000000E+00,1.358115E+03,0.000000E+00,9.575132E-02,0.000000E+00,9.874275E+02,0.000000E+00,6.960993E-02,0.000000E+00,7.481485E+02,0.000000E+00,5.274127E-02,0.000000E+00,2.838717E+03,0.000000E+00,2.001374E-01,0.000000E+00,2.984005E+03,0.000000E+00,2.103784E-01,0.000000E+00,3.660385E+03,0.000000E+00,2.580559E-01,0.000000E+00,3.401483E+03,0.000000E+00,2.398043E-01,0.000000E+00,2.862226E+03,0.000000E+00,2.017947E-01,0.000000E+00,3.117316E+03,0.000000E+00,2.197753E-01,0.000000E+00,3.614439E+03,0.000000E+00,2.548162E-01,0.000000E+00,3.416066E+03,0.000000E+00,2.408321E-01
00:20:00,1.529222E+01,1.112129E+03,1.350968E-03,7.839545E-02,0.000000E+00,1.276604E+03,0.000000E+00,9.000403E-02,0.000000E+00,8.703407E+02,0.000000E+00,6.135539E-02,0.000000E+00,6.451236E+02,0.000000E+00,4.547820E-02,0.000000E+00,2.755429E+03,0.000000E+00,1.942643E-01,0.000000E+00,2.882091E+03,0.000000E+00,2.031923E-01,0.000000E+00,3.529312E+03,0.000000E+00,2.488142E-01,0.000000E+00,3.291192E+03,0.000000E+00,2.320278E-01,0.000000E+00,2.772438E+03,0.000000E+00,1.954633E-01,0.000000E+00,3.012717E+03,0.000000E+00,2.123998E-01,0.000000E+00,3.474099E+03,0.000000E+00,2.449213E-01,0.000000E+00,3.296263E+03,0.000000E+00,2.323849E-01
00:30:00,1.529222E+01,1.031526E+03,1.350968E-03,7.271357E-02,0.000000E+00,1.196328E+03,0.000000E+00,8.434389E-02,0.000000E+00,7.579345E+02,0.000000E+00,5.343089E-02,0.000000E+00,5.435471E+02,0.000000E+00,3.831729E-02,0.000000E+00,2.671723E+03,0.000000E+00,1.883617E-01,0.000000E+00,2.781434E+03,0.000000E+00,1.960949E-01,0.000000E+00,3.401878E+03,0.000000E+00,2.398291E-01,0.000000E+00,3.181639E+03,0.000000E+00,2.243033E-01,0.000000E+00,2.682416E+03,0.000000E+00,1.891154E-01,0.000000E+00,2.909322E+03,0.000000E+00,2.051093E-01,0.000000E+00,3.338366E+03,0.000000E+00,2.353512E-01,0.000000E+00,3.177753E+03,0.000000E+00,2.240290E-01
00:40:00,1.529222E+01,9.509369E+02,1.350968E-03,6.703270E-02,0.000000E+00,1.117017E+03,0.000000E+00,7.875176E-02,0.000000E+00,6.493638E+02,0.000000E+00,4.577679E-02,0.000000E+00,4.432746E+02,0.000000E+00,3.124833E-02,0.000000E+00,2.587632E+03,0.000000E+00,1.824321E-01,0.000000E+00,2.681642E+03,0.000000E+00,1.890585E-01,0.000000E+00,3.277440E+03,0.000000E+00,2.310554E-01,0.000000E+00,3.072734E+03,0.000000E+00,2.166247E-01,0.000000E+00,2.592192E+03,0.000000E+00,1.827534E-01,0.000000E+00,2.806862E+03,0.000000E+00,1.978847E-01,0.000000E+00,3.206470E+03,0.000000E+00,2.260517E-01,0.000000E+00,3.060400E+03,0.000000E+00,2.157548E-01
00:50:00,1.529222E+01,8.704075E+02,1.350968E-03,6.135603E-02,0.000000E+00,1.038595E+03,0.000000E+00,7.322229E-02,0.000000E+00,5.447160E+02,0.000000E+00,3.839926E-02,0.000000E+00,3.444879E+02,0.000000E+00,2.428412E-02,0.000000E+00,2.503208E+03,0.000000E+00,1.764789E-01,0.000000E+00,2.582637E+03,0.000000E+00,1.820775E-01,0.000000E+00,3.156143E+03,0.000000E+00,2.225031E-01,0.000000E+00,2.964692E+03,0.000000E+00,2.090068E-01,0.000000E+00,2.501819E+03,0.000000E+00,1.763808E-01,0.000000E+00,2.705292E+03,0.000000E+00,1.907229E-01,0.000000E+00,3.078686E+03,0.000000E+00,2.170421E-01,0.000000E+00,2.944477E+03,0.000000E+00,2.075814E-01
01:00:00,1.529222E+01,7.907179E+02,1.350968E-03,5.573857E-02,0.000000E+00,9.617001E+02,0.000000E+00,6.780048E-02,0.000000E+00,4.478365E+02,0.000000E+00,3.156937E-02,0.000000E+00,2.498937E+02,0.000000E+00,1.761546E-02,0.000000E+00,2.419100E+03,0.000000E+00,1.705481E-01,0.000000E+00,2.485233E+03,0.000000E+00,1.752095E-01,0.000000E+00,3.041147E+03,0.000000E+00,2.143950E-01,0.000000E+00,2.859873E+03,0.000000E+00,2.016162E-01,0.000000E+00,2.412397E+03,0.000000E+00,1.700753E-01,0.000000E+00,2.605998E+03,0.000000E+00,1.837216E-01,0.000000E+00,2.959698E+03,0.000000E+00,2.086526E-01,0.000000E+00,2.833677E+03,0.000000E+00,1.997691E-01
01:10:00,1.027491E+01,7.531409E+02,9.077251E-04,5.308968E-02,0.000000E+00,9.256938E+02,0.000000E+00,6.526151E-02,3.564379E+01,3.999580E+02,2.520085E-03,2.819396E-02,0.000000E+00,2.044109E+02,0.000000E+00,1.440908E-02,0.000000E+00,2.374197E+03,0.000000E+00,1.673813E-01,0.000000E+00,2.429652E+03,0.000000E+00,1.712901E-01,0.000000E+00,2.971867E+03,0.000000E+00,2.095100E-01,0.000000E+00,2.800685E+03,0.000000E+00,1.974426E-01,0.000000E+00,2.365359E+03,0.000000E+00,1.667580E-01,0.000000E+00,2.551947E+03,0.000000E+00,1.799100E-01,0.000000E+00,2.890325E+03,0.000000E+00,2.037611E-01,0.000000E+00,2.772355E+03,0.000000E+00,1.954452E-01
01:20:00,0.000000E+00,7.182128E+02,0.000000E+00,5.062752E-02,0.000000E+00,8.939238E+02,0.000000E+00,6.302164E-02,7.562789E+01,3.558794E+02,5.341468E-03,2.508668E-02,2.683021E+01,1.621449E+02,1.900189E-03,1.142968E-02,0.000000E+00,2.331600E+03,0.000000E+00,1.643776E-01,0.000000E+00,2.378911E+03,0.000000E+00,1.677123E-01,0.000000E+00,2.906511E+03,0.000000E+00,2.049020E-01,0.000000E+00,2.744613E+03,0.000000E+00,1.934893E-01,0.000000E+00,2.320268E+03,0.000000E+00,1.635785E-01,0.000000E+00,2.500209E+03,0.000000E+00,1.762619E-01,0.000000E+00,2.824385E+03,0.000000E+00,1.991120E-01,0.000000E+00,2.713741E+03,0.000000E+00,1.913126E-01
01:30:00,0.000000E+00,6.847757E+02,0.000000E+00,4.827046E-02,0.000000E+00,8.637483E+02,0.000000E+00,6.089425E-02,1.196160E+02,3.140558E+02,8.445378E-03,2.213839E-02,6.121521E+01,1.218709E+02,4.326375E-03,8.590724E-03,0.000000E+00,2.290362E+03,0.000000E+00,1.614698E-01,0.000000E+00,2.329908E+03,0.000000E+00,1.642573E-01,0.000000E+00,2.843587E+03,0.000000E+00,2.004655E-01,0.000000E+00,2.690435E+03,0.000000E+00,1.896695E-01,0.000000E+00,2.276522E+03,0.000000E+00,1.604940E-01,0.000000E+00,2.450019E+03,0.000000E+00,1.727231E-01,0.000000E+00,2.760803E+03,0.000000E+00,1.946293E-01,0.000000E+00,2.657010E+03,0.000000E+00,1.873128E-01
01:40:00,0.000000E+00,6.524075E+02,0.000000E+00,4.598877E-02,0.000000E+00,8.347094E+02,0.000000E+00,5.884698E-02,1.681260E+02,2.737927E+02,1.186842E-02,1.930010E-02,9.673655E+01,8.344825E+01,6.832750E-03,5.882288E-03,0.000000E+00,2.250083E+03,0.000000E+00,1.586298E-01,0.000000E+00,2.282217E+03,0.000000E+00,1.608948E-01,0.000000E+00,2.782447E+03,0.000000E+00,1.961550E-01,0.000000E+00,2.637622E+03,0.000000E+00,1.859459E-01,0.000000E+00,2.233870E+03,0.000000E+00,1.574867E-01,0.000000E+00,2.401081E+03,0.000000E+00,1.692727E-01,0.000000E+00,2.699128E+03,0.000000E+00,1.902811E-01,0.000000E+00,2.601821E+03,0.000000E+00,1.834218E-01
01:50:00,0.000000E+00,6.208989E+02,0.000000E+00,4.376766E-02,0.000000E+00,8.065797E+02,0.000000E+00,5.686382E-02,2.197393E+02,2.347976E+02,1.551050E-02,1.655119E-02,1.385406E+02,4.869518E+01,9.782442E-03,3.432525E-03,0.000000E+00,2.210570E+03,0.000000E+00,1.558438E-01,0.000000E+00,2.235569E+03,0.000000E+00,1.576058E-01,0.000000E+00,2.722770E+03,0.000000E+00,1.919476E-01,0.000000E+00,2.585928E+03,0.000000E+00,1.823013E-01,0.000000E+00,2.192159E+03,0.000000E+00,1.545457E-01,0.000000E+00,2.353224E+03,0.000000E+00,1.658986E-01,0.000000E+00,2.639087E+03,0.000000E+00,1.860480E-01,0.000000E+00,2.547975E+03,0.000000E+00,1.796255E-01
02:00:00,0.000000E+00,5.901318E+02,0.000000E+00,4.159883E-02,0.000000E+00,7.792510E+02,0.000000E+00,5.493711E-02,2.741103E+02,1.969119E+02,1.934721E-02,1.388049E-02,1.839157E+02,1.726076E+01,1.298417E-02,1.216700E-03,0.000000E+00,2.171716E+03,0.000000E+00,1.531043E-01,0.000000E+00,2.189833E+03,0.000000E+00,1.543813E-01,0.000000E+00,2.664385E+03,0.000000E+00,1.878313E-01,0.000000E+00,2.535215E+03,0.000000E+00,1.787259E-01,0.000000E+00,2.151294E+03,0.000000E+00,1.516645E-01,0.000000E+00,2.306364E+03,0.000000E+00,1.625947E-01,0.000000E+00,2.580524E+03,0.000000E+00,1.819192E-01,0.000000E+00,2.495349E+03,0.000000E+00,1.759153E-01
02:10:00,0.000000E+00,5.684886E+02,0.000000E+00,4.007315E-02,0.000000E+00,7.607350E+02,0.000000E+00,5.363169E-02,3.047309E+02,1.693490E+02,2.150313E-02,1.193749E-02,2.420724E+02,7.837249E+00,1.708784E-02,5.524343E-04,0.000000E+00,2.141349E+03,0.000000E+00,1.509631E-01,0.000000E+00,2.153151E+03,0.000000E+00,1.517950E-01,0.000000E+00,2.615768E+03,0.000000E+00,1.844036E-01,0.000000E+00,2.494127E+03,0.000000E+00,1.758290E-01,0.000000E+00,2.119743E+03,0.000000E+00,1.494398E-01,0.000000E+00,2.269448E+03,0.000000E+00,1.599919E-01,0.000000E+00,2.532689E+03,0.000000E+00,1.785467E-01,0.000000E+00,2.453344E+03,0.000000E+00,1.729538E-01
02:20:00,0.000000E+00,5.479641E+02,0.000000E+00,3.862634E-02,0.000000E+00,7.436890E+02,0.000000E+00,5.243000E-02,3.337261E+02,1.432241E+02,2.354954E-02,1.009591E-02,2.767621E+02,2.298755E+00,1.952881E-02,1.620348E-04,0.000000E+00,2.112040E+03,0.000000E+00,1.488967E-01,0.000000E+00,2.118187E+03,0.000000E+00,1.493300E-01,0.000000E+00,2.568795E+03,0.000000E+00,1.810920E-01,0.000000E+00,2.454428E+03,0.000000E+00,1.730301E-01,0.000000E+00,2.089284E+03,0.000000E+00,1.472923E-01,0.000000E+00,2.233734E+03,0.000000E+00,1.574739E-01,0.000000E+00,2.486468E+03,0.000000E+00,1.752881E-01,0.000000E+00,2.412764E+03,0.000000E+00,1.700929E-01
02:30:00,0.000000E+00,5.282499E+02,0.000000E+00,3.723664E-02,0.000000E+00,7.273393E+02,0.000000E+00,5.127740E-02,3.611269E+02,1.181811E+02,2.548349E-02,8.330595E-03,3.069193E+02,0.000000E+00,2.165709E-02,0.000000E+00,0.000000E+00,2.083540E+03,0.000000E+00,1.468873E-01,0.000000E+00,2.084225E+03,0.000000E+00,1.469355E-01,0.000000E+00,2.523146E+03,0.000000E+00,1.778737E-01,0.000000E+00,2.415821E+03,0.000000E+00,1.703083E-01,0.000000E+00,2.059738E+03,0.000000E+00,1.452092E-01,0.000000E+00,2.199034E+03,0.000000E+00,1.550275E-01,0.000000E+00,2.441621E+03,0.000000E+00,1.721264E-01,0.000000E+00,2.373389E+03,0.000000E+00,1.673169E-01
02:40:00,0.000000E+00,5.104323E+02,0.000000E+00,3.598065E-02,0.000000E+00,7.120768E+02,0.000000E+00,5.020141E-02,3.860498E+02,1.003107E+02,2.724257E-02,7.070875E-03,3.385390E+02,0.000000E+00,2.388861E-02,0.000000E+00,0.000000E+00,2.056721E+03,0.000000E+00,1.449964E-01,0.000000E+00,2.052005E+03,0.000000E+00,1.446639E-01,0.000000E+00,2.483720E+03,0.000000E+00,1.750941E-01,0.000000E+00,2.383640E+03,0.000000E+00,1.680395E-01,0.000000E+00,2.032620E+03,0.000000E+00,1.432973E-01,0.000000E+00,2.166831E+03,0.000000E+00,1.527571E-01,0.000000E+00,2.405295E+03,0.000000E+00,1.695654E-01,0.000000E+00,2.343127E+03,0.000000E+00,1.651833E-01
02:50:00,0.000000E+00,4.938816E+02,0.000000E+00,3.481395E-02,0.000000E+00,6.976205E+02,0.000000E+00,4.918225E-02,4.097279E+02,8.667624E+01,2.891377E-02,6.109762E-03,3.662438E+02,0.000000E+00,2.584393E-02,0.000000E+00,0.000000E+00,2.031132E+03,0.000000E+00,1.431923E-01,0.000000E+00,2.021058E+03,0.000000E+00,1.424821E-01,0.000000E+00,2.448526E+03,0.000000E+00,1.726130E-01,0.000000E+00,2.356169E+03,0.000000E+00,1.661028E-01,0.000000E+00,2.007008E+03,0.000000E+00,1.414916E-01,0.000000E+00,2.135912E+03,0.000000E+00,1.505772E-01,0.000000E+00,2.373877E+03,0.000000E+00,1.673504E-01,0.000000E+00,2.318531E+03,0.000000E+00,1.634494E-01
03:00:00,0.000000E+00,4.786505E+02,0.000000E+00,3.374029E-02,0.000000E+00,6.837231E+02,0.000000E+00,4.820249E-02,4.323466E+02,7.679774E+01,3.051018E-02,5.413411E-03,3.925425E+02,0.000000E+00,2.770000E-02,0.000000E+00,0.000000E+00,2.006809E+03,0.000000E+00,1.414774E-01,0.000000E+00,1.991098E+03,0.000000E+00,1.403699E-01,0.000000E+00,2.417231E+03,0.000000E+00,1.704067E-01,0.000000E+00,2.333231E+03,0.000000E+00,1.644857E-01,0.000000E+00,1.982964E+03,0.000000E+00,1.397964E-01,0.000000E+00,2.106107E+03,0.000000E+00,1.484759E-01,0.000000E+00,2.346881E+03,0.000000E+00,1.654472E-01,0.000000E+00,2.299273E+03,0.000000E+00,1.620917E-01
03:10:00,0.000000E+00,4.692861E+02,0.000000E+00,3.308017E-02,0.000000E+00,6.739579E+02,0.000000E+00,4.751402E-02,4.493476E+02,7.576700E+01,3.171015E-02,5.340748E-03,4.128195E+02,0.000000E+00,2.913118E-02,0.000000E+00,0.000000E+00,1.987964E+03,0.000000E+00,1.401487E-01,0.000000E+00,1.966193E+03,0.000000E+00,1.386141E-01,0.000000E+00,2.394519E+03,0.000000E+00,1.688055E-01,0.000000E+00,2.320015E+03,0.000000E+00,1.635540E-01,0.000000E+00,1.965124E+03,0.000000E+00,1.385385E-01,0.000000E+00,2.082019E+03,0.000000E+00,1.467776E-01,0.000000E+00,2.329599E+03,0.000000E+00,1.642289E-01,0.000000E+00,2.291235E+03,0.000000E+00,1.615251E-01
03:20:00,0.000000E+00,4.626939E+02,0.000000E+00,3.261546E-02,0.000000E+00,6.649052E+02,0.000000E+00,4.687582E-02,4.653429E+02,8.084655E+01,3.283905E-02,5.698806E-03,4.318294E+02,0.000000E+00,3.047287E-02,0.000000E+00,0.000000E+00,1.971658E+03,0.000000E+00,1.389992E-01,0.000000E+00,1.942805E+03,0.000000E+00,1.369652E-01,0.000000E+00,2.377842E+03,0.000000E+00,1.676298E-01,0.000000E+00,2.315128E+03,0.000000E+00,1.632096E-01,0.000000E+00,1.950352E+03,0.000000E+00,1.374971E-01,0.000000E+00,2.059388E+03,0.000000E+00,1.451822E-01,0.000000E+00,2.319427E+03,0.000000E+00,1.635119E-01,0.000000E+00,2.293357E+03,0.000000E+00,1.616748E-01
03:30:00,0.000000E+00,4.591658E+02,0.000000E+00,3.236675E-02,0.000000E+00,6.565322E+02,0.000000E+00,4.628552E-02,4.804692E+02,9.149124E+01,3.390658E-02,6.449158E-03,4.497342E+02,0.000000E+00,3.173656E-02,0.000000E+00,0.000000E+00,1.958184E+03,0.000000E+00,1.380492E-01,0.000000E+00,1.920534E+03,0.000000E+00,1.353951E-01,0.000000E+00,2.366878E+03,0.000000E+00,1.668570E-01,0.000000E+00,2.318942E+03,0.000000E+00,1.634785E-01,0.000000E+00,1.938977E+03,0.000000E+00,1.366951E-01,0.000000E+00,2.038029E+03,0.000000E+00,1.436763E-01,0.000000E+00,2.315817E+03,0.000000E+00,1.632574E-01,0.000000E+00,2.305753E+03,0.000000E+00,1.625488E-01
03:40:00,0.000000E+00,4.582655E+02,0.000000E+00,3.230327E-02,0.000000E+00,6.482090E+02,0.000000E+00,4.569874E-02,4.949150E+02,1.016445E+02,3.492605E-02,7.164888E-03,4.667506E+02,0.000000E+00,3.293752E-02,0.000000E+00,0.000000E+00,1.947249E+03,0.000000E+00,1.372783E-01,0.000000E+00,1.898457E+03,0.000000E+00,1.338387E-01,0.000000E+00,2.356870E+03,0.000000E+00,1.661515E-01,0.000000E+00,2.327404E+03,0.000000E+00,1.640752E-01,0.000000E+00,1.930240E+03,0.000000E+00,1.360792E-01,0.000000E+00,2.016351E+03,0.000000E+00,1.421480E-01,0.000000E+00,2.311894E+03,0.000000E+00,1.629810E-01,0.000000E+00,2.322113E+03,0.000000E+00,1.637024E-01
03:50:00,0.000000E+00,4.615212E+02,0.000000E+00,3.253275E-02,0.000000E+00,6.401019E+02,0.000000E+00,4.512719E-02,5.087709E+02,1.143428E+02,3.590386E-02,8.060039E-03,4.829916E+02,7.150527E+00,3.408374E-02,5.058747E-04,0.000000E+00,1.940120E+03,0.000000E+00,1.367757E-01,0.000000E+00,1.876929E+03,0.000000E+00,1.323210E-01,0.000000E+00,2.349977E+03,0.000000E+00,1.656656E-01,0.000000E+00,2.343732E+03,0.000000E+00,1.652265E-01,0.000000E+00,1.926041E+03,0.000000E+00,1.357832E-01,0.000000E+00,1.995499E+03,0.000000E+00,1.406779E-01,0.000000E+00,2.311506E+03,0.000000E+00,1.629537E-01,0.000000E+00,2.347690E+03,0.000000E+00,1.655057E-01
04:00:00,0.000000E+00,4.711698E+02,0.000000E+00,3.321286E-02,0.000000E+00,6.324694E+02,0.000000E+00,4.458909E-02,5.221161E+02,1.321763E+02,3.684560E-02,9.317194E-03,4.985558E+02,4.188773E+01,3.518217E-02,2.954473E-03,0.000000E+00,1.938763E+03,0.000000E+00,1.366801E-01,0.000000E+00,1.856320E+03,0.000000E+00,1.308680E-01,0.000000E+00,2.348389E+03,0.000000E+00,1.655537E-01,0.000000E+00,2.372887E+03,0.000000E+00,1.672821E-01,0.000000E+00,1.928845E+03,0.000000E+00,1.359810E-01,0.000000E+00,1.975787E+03,0.000000E+00,1.392883E-01,0.000000E+00,2.317660E+03,0.000000E+00,1.633876E-01,0.000000E+00,2.389066E+03,0.000000E+00,1.684229E-01
04:10:00,0.000000E+00,4.963127E+02,0.000000E+00,3.498518E-02,0.000000E+00,6.336885E+02,0.000000E+00,4.467504E-02,5.239947E+02,1.639949E+02,3.697814E-02,1.156023E-02,5.017484E+02,9.109029E+01,3.540755E-02,6.422970E-03,0.000000E+00,1.952203E+03,0.000000E+00,1.376276E-01,0.000000E+00,1.845310E+03,0.000000E+00,1.300918E-01,0.000000E+00,2.361215E+03,0.000000E+00,1.664580E-01,0.000000E+00,2.424984E+03,0.000000E+00,1.709551E-01,0.000000E+00,1.947778E+03,0.000000E+00,1.373158E-01,0.000000E+00,1.966368E+03,0.000000E+00,1.386242E-01,0.000000E+00,2.339097E+03,0.000000E+00,1.648990E-01,0.000000E+00,2.455504E+03,0.000000E+00,1.731070E-01
04:20:00,0.000000E+00,5.279936E+02,0.000000E+00,3.721836E-02,0.000000E+00,6.356970E+02,0.000000E+00,4.481674E-02,5.252927E+02,1.966915E+02,3.706950E-02,1.386527E-02,5.042545E+02,1.571994E+02,3.558427E-02,1.108348E-02,0.000000E+00,1.971989E+03,0.000000E+00,1.390227E-01,0.000000E+00,1.835570E+03,0.000000E+00,1.294052E-01,0.000000E+00,2.376197E+03,0.000000E+00,1.675144E-01,0.000000E+00,2.487114E+03,0.000000E+00,1.753355E-01,0.000000E+00,1.973840E+03,0.000000E+00,1.391533E-01,0.000000E+00,1.958113E+03,0.000000E+00,1.380423E-01,0.000000E+00,2.362543E+03,0.000000E+00,1.665521E-01,0.000000E+00,2.532921E+03,0.000000E+00,1.785653E-01
04:30:00,0.000000E+00,5.648319E+02,0.000000E+00,3.981508E-02,0.000000E+00,6.382708E+02,0.000000E+00,4.499832E-02,5.260212E+02,2.287508E+02,3.712065E-02,1.612542E-02,5.060426E+02,2.359263E+02,3.571031E-02,1.663377E-02,0.000000E+00,1.997224E+03,0.000000E+00,1.408020E-01,0.000000E+00,1.826844E+03,0.000000E+00,1.287902E-01,0.000000E+00,2.391915E+03,0.000000E+00,1.686226E-01,0.000000E+00,2.557254E+03,0.000000E+00,1.802807E-01,0.000000E+00,2.005831E+03,0.000000E+00,1.414090E-01,0.000000E+00,1.951060E+03,0.000000E+00,1.375451E-01,0.000000E+00,2.386451E+03,0.000000E+00,1.682377E-01,0.000000E+00,2.618806E+03,0.000000E+00,1.846205E-01
04:40:00,0.000000E+00,6.061740E+02,0.000000E+00,4.272928E-02,0.000000E+00,6.413713E+02,0.000000E+00,4.521702E-02,5.263523E+02,2.588416E+02,3.714375E-02,1.824685E-02,5.073086E+02,3.271337E+02,3.579949E-02,2.306417E-02,0.000000E+00,2.027432E+03,0.000000E+00,1.429319E-01,0.000000E+00,1.819115E+03,0.000000E+00,1.282454E-01,0.000000E+00,2.407156E+03,0.000000E+00,1.696972E-01,0.000000E+00,2.633856E+03,0.000000E+00,1.856814E-01,0.000000E+00,2.043239E+03,0.000000E+00,1.440464E-01,0.000000E+00,1.945189E+03,0.000000E+00,1.371313E-01,0.000000E+00,2.409528E+03,0.000000E+00,1.698647E-01,0.000000E+00,2.711468E+03,0.000000E+00,1.911535E-01
04:50:00,0.000000E+00,6.512046E+02,0.000000E+00,4.590347E-02,0.000000E+00,6.449784E+02,0.000000E+00,4.547143E-02,5.263310E+02,2.857583E+02,3.714199E-02,2.014454E-02,5.080991E+02,4.233307E+02,3.585511E-02,2.984484E-02,0.000000E+00,2.061999E+03,0.000000E+00,1.453690E-01,0.000000E+00,1.812366E+03,0.000000E+00,1.277696E-01,0.000000E+00,2.420788E+03,0.000000E+00,1.706583E-01,0.000000E+00,2.715197E+03,0.000000E+00,1.914162E-01,0.000000E+00,2.085341E+03,0.000000E+00,1.470148E-01,0.000000E+00,1.940503E+03,0.000000E+00,1.368010E-01,0.000000E+00,2.430526E+03,0.000000E+00,1.713452E-01,0.000000E+00,2.808903E+03,0.000000E+00,1.980230E-01
05:00:00,0.000000E+00,6.976765E+02,0.000000E+00,4.917927E-02,0.000000E+00,6.489697E+02,0.000000E+00,4.575292E-02,5.260006E+02,3.057621E+02,3.711842E-02,2.155491E-02,5.084636E+02,5.036166E+02,3.588066E-02,3.550620E-02,0.000000E+00,2.099102E+03,0.000000E+00,1.479849E-01,0.000000E+00,1.806422E+03,0.000000E+00,1.273506E-01,0.000000E+00,2.429617E+03,0.000000E+00,1.712808E-01,0.000000E+00,2.796142E+03,0.000000E+00,1.971231E-01,0.000000E+00,2.129788E+03,0.000000E+00,1.501485E-01,0.000000E+00,1.936775E+03,0.000000E+00,1.365382E-01,0.000000E+00,2.445381E+03,0.000000E+00,1.723924E-01,0.000000E+00,2.904425E+03,0.000000E+00,2.047575E-01
05:10:00,0.000000E+00,7.700422E+02,0.000000E+00,5.428031E-02,0.000000E+00,6.756103E+02,0.000000E+00,4.763122E-02,4.972626E+02,3.476254E+02,3.509026E-02,2.450630E-02,4.795208E+02,6.165973E+02,3.383812E-02,4.347306E-02,0.000000E+00,2.161737E+03,0.000000E+00,1.524008E-01,0.000000E+00,1.824947E+03,0.000000E+00,1.286567E-01,0.000000E+00,2.460140E+03,0.000000E+00,1.734326E-01,0.000000E+00,2.903985E+03,0.000000E+00,2.047261E-01,0.000000E+00,2.201485E+03,0.000000E+00,1.552033E-01,0.000000E+00,1.960527E+03,0.000000E+00,1.382127E-01,0.000000E+00,2.483310E+03,0.000000E+00,1.750663E-01,0.000000E+00,3.028382E+03,0.000000E+00,2.134966E-01
05:20:00,0.000000E+00,8.443063E+02,0.000000E+00,5.951517E-02,0.000000E+00,7.039849E+02,0.000000E+00,4.963214E-02,4.669367E+02,3.841969E+02,3.294986E-02,2.708502E-02,4.489449E+02,7.244207E+02,3.168014E-02,5.107763E-02,0.000000E+00,2.227374E+03,0.000000E+00,1.570286E-01,0.000000E+00,1.846923E+03,0.000000E+00,1.302063E-01,0.000000E+00,2.487200E+03,0.000000E+00,1.753404E-01,0.000000E+00,3.011845E+03,0.000000E+00,2.123305E-01,0.000000E+00,2.275842E+03,0.000000E+00,1.604459E-01,0.000000E+00,1.986619E+03,0.000000E+00,1.400524E-01,0.000000E+00,2.516681E+03,0.000000E+00,1.774191E-01,0.000000E+00,3.151249E+03,0.000000E+00,2.221590E-01
05:30:00,0.000000E+00,9.212870E+02,0.000000E+00,6.494153E-02,0.000000E+00,7.337718E+02,0.000000E+00,5.173275E-02,4.354734E+02,4.173690E+02,3.072921E-02,2.942405E-02,4.170268E+02,8.321670E+02,2.942744E-02,5.867688E-02,0.000000E+00,2.296537E+03,0.000000E+00,1.619049E-01,0.000000E+00,1.871154E+03,0.000000E+00,1.319149E-01,0.000000E+00,2.511854E+03,0.000000E+00,1.770786E-01,0.000000E+00,3.121328E+03,0.000000E+00,2.200493E-01,0.000000E+00,2.354083E+03,0.000000E+00,1.659622E-01,0.000000E+00,2.015227E+03,0.000000E+00,1.420696E-01,0.000000E+00,2.547473E+03,0.000000E+00,1.795900E-01,0.000000E+00,3.276061E+03,0.000000E+00,2.309584E-01
05:40:00,0.000000E+00,9.999737E+02,0.000000E+00,7.048815E-02,0.000000E+00,7.646057E+02,0.000000E+00,5.390712E-02,4.033090E+02,4.462896E+02,2.845909E-02,3.146329E-02,3.842261E+02,9.380250E+02,2.711247E-02,6.614300E-02,0.000000E+00,2.368399E+03,0.000000E+00,1.669716E-01,0.000000E+00,1.897138E+03,0.000000E+00,1.337471E-01,0.000000E+00,2.533457E+03,0.000000E+00,1.786018E-01,0.000000E+00,3.231086E+03,0.000000E+00,2.277875E-01,0.000000E+00,2.435180E+03,0.000000E+00,1.716800E-01,0.000000E+00,2.045639E+03,0.000000E+00,1.442140E-01,0.000000E+00,2.574773E+03,0.000000E+00,1.815147E-01,0.000000E+00,3.400935E+03,0.000000E+00,2.397622E-01
05:50:00,0.000000E+00,1.079847E+03,0.000000E+00,7.611837E-02,0.000000E+00,7.962455E+02,0.000000E+00,5.613826E-02,3.705541E+02,4.715449E+02,2.614734E-02,3.324404E-02,3.506359E+02,1.041775E+03,2.474180E-02,7.346036E-02,0.000000E+00,2.442500E+03,0.000000E+00,1.721962E-01,0.000000E+00,1.924589E+03,0.000000E+00,1.356829E-01,0.000000E+00,2.552344E+03,0.000000E+00,1.799334E-01,0.000000E+00,3.340688E+03,0.000000E+00,2.355146E-01,0.000000E+00,2.518624E+03,0.000000E+00,1.775633E-01,0.000000E+00,2.077703E+03,0.000000E+00,1.464748E-01,0.000000E+00,2.599030E+03,0.000000E+00,1.832250E-01,0.000000E+00,3.525388E+03,0.000000E+00,2.485363E-01
06:00:00,0.000000E+00,1.160482E+03,0.000000E+00,8.180232E-02,0.000000E+00,8.286122E+02,0.000000E+00,5.842061E-02,3.372791E+02,4.945820E+02,2.379890E-02,3.486836E-02,3.163254E+02,1.143463E+03,2.232031E-02,8.063203E-02,0.000000E+00,2.518453E+03,0.000000E+00,1.775513E-01,0.000000E+00,1.953401E+03,0.000000E+00,1.377144E-01,0.000000E+00,2.569580E+03,0.000000E+00,1.811487E-01,0.000000E+00,3.450059E+03,0.000000E+00,2.432254E-01,0.000000E+00,2.603975E+03,0.000000E+00,1.835809E-01,0.000000E+00,2.111310E+03,0.000000E+00,1.488444E-01,0.000000E+00,2.621547E+03,0.000000E+00,1.848126E-01,0.000000E+00,3.649355E+03,0.000000E+00,2.572761E-01
06:10:00,0.000000E+00,1.260703E+03,0.000000E+00,8.886694E-02,0.000000E+00,8.780421E+02,0.000000E+00,6.190604E-02,2.836545E+02,5.366275E+02,2.001480E-02,3.783282E-02,2.636418E+02,1.262654E+03,1.860263E-02,8.903783E-02,0.000000E+00,2.613373E+03,0.000000E+00,1.842437E-01,0.000000E+00,2.001631E+03,0.000000E+00,1.411150E-01,0.000000E+00,2.603915E+03,0.000000E+00,1.835695E-01,0.000000E+00,3.576440E+03,0.000000E+00,2.521354E-01,0.000000E+00,2.710331E+03,0.000000E+00,1.910795E-01,0.000000E+00,2.167692E+03,0.000000E+00,1.528197E-01,0.000000E+00,2.663831E+03,0.000000E+00,1.877937E-01,0.000000E+00,3.792591E+03,0.000000E+00,2.673743E-01
06:20:00,0.000000E+00,1.362780E+03,0.000000E+00,9.606236E-02,0.000000E+00,9.326973E+02,0.000000E+00,6.576028E-02,2.277077E+02,5.809895E+02,1.606716E-02,4.096113E-02,2.111818E+02,1.382696E+03,1.490104E-02,9.750400E-02,0.000000E+00,2.711258E+03,0.000000E+00,1.911453E-01,0.000000E+00,2.054296E+03,0.000000E+00,1.448286E-01,0.000000E+00,2.640838E+03,0.000000E+00,1.861729E-01,0.000000E+00,3.705216E+03,0.000000E+00,2.612145E-01,0.000000E+00,2.819293E+03,0.000000E+00,1.987621E-01,0.000000E+00,2.226847E+03,0.000000E+00,1.569907E-01,0.000000E+00,2.708538E+03,0.000000E+00,1.909459E-01,0.000000E+00,3.937699E+03,0.000000E+00,2.776047E-01
06:30:00,0.000000E+00,1.464871E+03,0.000000E+00,1.032587E-01,0.000000E+00,9.885896E+02,0.000000E+00,6.970161E-02,1.719273E+02,6.269110E+02,1.213127E-02,4.419941E-02,1.588649E+02,1.501560E+03,1.120955E-02,1.058866E-01,0.000000E+00,2.810526E+03,0.000000E+00,1.981445E-01,0.000000E+00,2.108764E+03,0.000000E+00,1.486693E-01,0.000000E+00,2.679575E+03,0.000000E+00,1.889043E-01,0.000000E+00,3.834606E+03,0.000000E+00,2.703369E-01,0.000000E+00,2.929237E+03,0.000000E+00,2.065141E-01,0.000000E+00,2.287621E+03,0.000000E+00,1.612759E-01,0.000000E+00,2.754886E+03,0.000000E+00,1.942139E-01,0.000000E+00,4.082619E+03,0.000000E+00,2.878220E-01
06:40:00,0.000000E+00,1.566961E+03,0.000000E+00,1.104551E-01,0.000000E+00,1.045619E+03,0.000000E+00,7.372308E-02,1.158820E+02,6.757324E+02,8.176690E-03,4.764209E-02,1.062422E+02,1.620535E+03,7.496478E-03,1.142764E-01,0.000000E+00,2.911029E+03,0.000000E+00,2.052310E-01,0.000000E+00,2.165028E+03,0.000000E+00,1.526368E-01,0.000000E+00,2.721244E+03,0.000000E+00,1.918425E-01,0.000000E+00,3.965502E+03,0.000000E+00,2.795657E-01,0.000000E+00,3.040287E+03,0.000000E+00,2.143441E-01,0.000000E+00,2.350310E+03,0.000000E+00,1.656963E-01,0.000000E+00,2.804587E+03,0.000000E+00,1.977183E-01,0.000000E+00,4.228934E+03,0.000000E+00,2.981378E-01
06:50:00,0.000000E+00,1.668693E+03,0.000000E+00,1.176262E-01,0.000000E+00,1.103724E+03,0.000000E+00,7.782041E-02,5.951075E+01,7.278114E+02,4.199111E-03,5.131442E-02,5.329203E+01,1.739769E+03,3.760304E-03,1.226839E-01,0.000000E+00,3.012400E+03,0.000000E+00,2.123787E-01,0.000000E+00,2.223004E+03,0.000000E+00,1.567250E-01,0.000000E+00,2.766165E+03,0.000000E+00,1.950100E-01,0.000000E+00,4.097983E+03,0.000000E+00,2.889063E-01,0.000000E+00,3.152057E+03,0.000000E+00,2.222251E-01,0.000000E+00,2.414783E+03,0.000000E+00,1.702424E-01,0.000000E+00,2.858040E+03,0.000000E+00,2.014874E-01,0.000000E+00,4.376764E+03,0.000000E+00,3.085606E-01
07:00:00,0.000000E+00,1.769749E+03,0.000000E+00,1.247496E-01,0.000000E+00,1.162794E+03,0.000000E+00,8.198566E-02,2.781241E+00,7.834990E+02,1.962461E-04,5.524112E-02,0.000000E+00,1.859142E+03,0.000000E+00,1.311007E-01,0.000000E+00,3.114301E+03,0.000000E+00,2.195640E-01,0.000000E+00,2.282570E+03,0.000000E+00,1.609252E-01,0.000000E+00,2.814475E+03,0.000000E+00,1.984166E-01,0.000000E+00,4.231830E+03,0.000000E+00,2.983433E-01,0.000000E+00,3.264178E+03,0.000000E+00,2.301308E-01,0.000000E+00,2.480918E+03,0.000000E+00,1.749058E-01,0.000000E+00,2.915543E+03,0.000000E+00,2.055421E-01,0.000000E+00,4.525859E+03,0.000000E+00,3.190726E-01
07:10:00,1.374691E+00,1.864111E+03,1.196881E-04,1.314012E-01,0.000000E+00,1.219202E+03,0.000000E+00,8.596330E-02,0.000000E+00,8.344834E+02,0.000000E+00,5.883650E-02,0.000000E+00,1.968237E+03,0.000000E+00,1.387921E-01,0.000000E+00,3.210727E+03,0.000000E+00,2.263633E-01,0.000000E+00,2.338489E+03,0.000000E+00,1.648684E-01,0.000000E+00,2.858045E+03,0.000000E+00,2.014890E-01,0.000000E+00,4.356649E+03,0.000000E+00,3.071441E-01,0.000000E+00,3.370568E+03,0.000000E+00,2.376327E-01,0.000000E+00,2.543008E+03,0.000000E+00,1.792840E-01,0.000000E+00,2.968891E+03,0.000000E+00,2.093039E-01,0.000000E+00,4.665686E+03,0.000000E+00,3.289314E-01
07:20:00,1.374691E+00,1.957296E+03,1.196881E-04,1.379699E-01,0.000000E+00,1.276146E+03,0.000000E+00,8.997869E-02,0.000000E+00,8.887046E+02,0.000000E+00,6.266008E-02,0.000000E+00,2.076513E+03,0.000000E+00,1.464247E-01,0.000000E+00,3.307127E+03,0.000000E+00,2.331608E-01,0.000000E+00,2.396054E+03,0.000000E+00,1.689278E-01,0.000000E+00,2.904687E+03,0.000000E+00,2.047782E-01,0.000000E+00,4.481459E+03,0.000000E+00,3.159441E-01,0.000000E+00,3.476745E+03,0.000000E+00,2.451195E-01,0.000000E+00,2.606737E+03,0.000000E+00,1.837779E-01,0.000000E+00,3.025919E+03,0.000000E+00,2.133253E-01,0.000000E+00,4.805346E+03,0.000000E+00,3.387784E-01
07:30:00,1.374691E+00,2.049185E+03,1.196881E-04,1.444472E-01,0.000000E+00,1.334019E+03,0.000000E+00,9.405951E-02,0.000000E+00,9.453507E+02,0.000000E+00,6.665461E-02,0.000000E+00,2.182865E+03,0.000000E+00,1.539213E-01,0.000000E+00,3.403322E+03,0.000000E+00,2.399438E-01,0.000000E+00,2.455178E+03,0.000000E+00,1.730970E-01,0.000000E+00,2.953926E+03,0.000000E+00,2.082503E-01,0.000000E+00,4.605424E+03,0.000000E+00,3.246846E-01,0.000000E+00,3.582522E+03,0.000000E+00,2.525781E-01,0.000000E+00,2.672052E+03,0.000000E+00,1.883836E-01,0.000000E+00,3.086052E+03,0.000000E+00,2.175655E-01,0.000000E+00,4.943952E+03,0.000000E+00,3.485511E-01
07:40:00,1.374691E+00,2.139461E+03,1.196881E-04,1.508108E-01,0.000000E+00,1.392759E+03,0.000000E+00,9.820153E-02,0.000000E+00,1.003896E+03,0.000000E+00,7.078296E-02,0.000000E+00,2.286326E+03,0.000000E+00,1.612138E-01,0.000000E+00,3.498985E+03,0.000000E+00,2.466894E-01,0.000000E+00,2.515813E+03,0.000000E+00,1.773728E-01,0.000000E+00,3.005272E+03,0.000000E+00,2.118710E-01,0.000000E+00,4.727428E+03,0.000000E+00,3.332867E-01,0.000000E+00,3.687504E+03,0.000000E+00,2.599807E-01,0.000000E+00,2.738885E+03,0.000000E+00,1.930963E-01,0.000000E+00,3.148698E+03,0.000000E+00,2.219830E-01,0.000000E+00,5.080205E+03,0.000000E+00,3.581579E-01
07:50:00,1.374691E+00,2.228077E+03,1.196881E-04,1.570575E-01,0.000000E+00,1.452468E+03,0.000000E+00,1.024118E-01,0.000000E+00,1.064204E+03,0.000000E+00,7.503554E-02,0.000000E+00,2.386682E+03,0.000000E+00,1.682873E-01,0.000000E+00,3.593993E+03,0.000000E+00,2.533887E-01,0.000000E+00,2.578077E+03,0.000000E+00,1.817633E-01,0.000000E+00,3.058686E+03,0.000000E+00,2.156375E-01,0.000000E+00,4.847127E+03,0.000000E+00,3.417264E-01,0.000000E+00,3.791571E+03,0.000000E+00,2.673188E-01,0.000000E+00,2.807356E+03,0.000000E+00,1.979245E-01,0.000000E+00,3.213819E+03,0.000000E+00,2.265748E-01,0.000000E+00,5.213804E+03,0.000000E+00,3.675776E-01
08:00:00,1.374691E+00,2.315464E+03,1.196881E-04,1.632175E-01,0.000000E+00,1.513780E+03,0.000000E+00,1.067350E-01,0.000000E+00,1.126394E+03,0.000000E+00,7.942074E-02,0.000000E+00,2.484647E+03,0.000000E+00,1.751923E-01,0.000000E+00,3.688609E+03,0.000000E+00,2.600604E-01,0.000000E+00,2.642635E+03,0.000000E+00,1.863155E-01,0.000000E+00,3.114480E+03,0.000000E+00,2.195717E-01,0.000000E+00,4.964973E+03,0.000000E+00,3.500353E-01,0.000000E+00,3.895039E+03,0.000000E+00,2.746146E-01,0.000000E+00,2.878122E+03,0.000000E+00,2.029144E-01,0.000000E+00,3.281697E+03,0.000000E+00,2.313610E-01,0.000000E+00,5.345348E+03,0.000000E+00,3.768523E-01
08:10:00,0.000000E+00,2.347557E+03,0.000000E+00,1.654797E-01,0.000000E+00,1.526246E+03,0.000000E+00,1.076142E-01,0.000000E+00,1.126690E+03,0.000000E+00,7.944195E-02,0.000000E+00,2.512454E+03,0.000000E+00,1.771505E-01,0.000000E+00,3.731706E+03,0.000000E+00,2.630999E-01,0.000000E+00,2.657554E+03,0.000000E+00,1.873682E-01,0.000000E+00,3.112815E+03,0.000000E+00,2.194551E-01,0.000000E+00,5.017091E+03,0.000000E+00,3.537104E-01,0.000000E+00,3.943198E+03,0.000000E+00,2.780110E-01,0.000000E+00,2.893805E+03,0.000000E+00,2.040209E-01,0.000000E+00,3.287816E+03,0.000000E+00,2.317932E-01,0.000000E+00,5.406365E+03,0.000000E+00,3.811547E-01
08:20:00,0.000000E+00,2.375110E+03,0.000000E+00,1.674220E-01,0.000000E+00,1.535130E+03,0.000000E+00,1.082399E-01,0.000000E+00,1.125398E+03,0.000000E+00,7.934986E-02,0.000000E+00,2.534412E+03,0.000000E+00,1.786951E-01,0.000000E+00,3.771038E+03,0.000000E+00,2.658732E-01,0.000000E+00,2.669169E+03,0.000000E+00,1.881870E-01,0.000000E+00,3.109708E+03,0.000000E+00,2.192362E-01,0.000000E+00,5.063615E+03,0.000000E+00,3.569903E-01,0.000000E+00,3.987840E+03,0.000000E+00,2.811587E-01,0.000000E+00,2.909081E+03,0.000000E+00,2.050980E-01,0.000000E+00,3.293392E+03,0.000000E+00,2.321864E-01,0.000000E+00,5.462054E+03,0.000000E+00,3.850808E-01
08:30:00,0.000000E+00,2.399331E+03,0.000000E+00,1.691295E-01,0.000000E+00,1.543982E+03,0.000000E+00,1.088633E-01,0.000000E+00,1.123630E+03,0.000000E+00,7.922410E-02,0.000000E+00,2.551962E+03,0.000000E+00,1.799290E-01,0.000000E+00,3.807545E+03,0.000000E+00,2.684469E-01,0.000000E+00,2.681038E+03,0.000000E+00,1.890236E-01,0.000000E+00,3.106592E+03,0.000000E+00,2.190163E-01,0.000000E+00,5.105996E+03,0.000000E+00,3.599778E-01,0.000000E+00,4.029506E+03,0.000000E+00,2.840961E-01,0.000000E+00,2.924701E+03,0.000000E+00,2.061990E-01,0.000000E+00,3.299445E+03,0.000000E+00,2.326130E-01,0.000000E+00,5.513427E+03,0.000000E+00,3.887021E-01
08:40:00,0.000000E+00,2.420603E+03,0.000000E+00,1.706290E-01,0.000000E+00,1.553188E+03,0.000000E+00,1.095116E-01,0.000000E+00,1.122254E+03,0.000000E+00,7.912602E-02,0.000000E+00,2.565892E+03,0.000000E+00,1.809081E-01,0.000000E+00,3.841534E+03,0.000000E+00,2.708428E-01,0.000000E+00,2.693533E+03,0.000000E+00,1.899041E-01,0.000000E+00,3.104109E+03,0.000000E+00,2.188410E-01,0.000000E+00,5.144824E+03,0.000000E+00,3.627143E-01,0.000000E+00,4.068323E+03,0.000000E+00,2.868323E-01,0.000000E+00,2.940927E+03,0.000000E+00,2.073426E-01,0.000000E+00,3.306384E+03,0.000000E+00,2.331018E-01,0.000000E+00,5.560830E+03,0.000000E+00,3.920431E-01
08:50:00,0.000000E+00,2.438898E+03,0.000000E+00,1.719187E-01,0.000000E+00,1.562791E+03,0.000000E+00,1.101879E-01,0.000000E+00,1.121238E+03,0.000000E+00,7.905344E-02,0.000000E+00,2.575909E+03,0.000000E+00,1.816116E-01,0.000000E+00,3.872942E+03,0.000000E+00,2.730563E-01,0.000000E+00,2.706721E+03,0.000000E+00,1.908333E-01,0.000000E+00,3.102291E+03,0.000000E+00,2.187123E-01,0.000000E+00,5.179807E+03,0.000000E+00,3.651794E-01,0.000000E+00,4.104151E+03,0.000000E+00,2.893573E-01,0.000000E+00,2.957699E+03,0.000000E+00,2.085247E-01,0.000000E+00,3.314083E+03,0.000000E+00,2.336441E-01,0.000000E+00,5.603769E+03,0.000000E+00,3.950689E-01
09:00:00,0.000000E+00,2.453614E+03,0.000000E+00,1.729561E-01,0.000000E+00,1.572219E+03,0.000000E+00,1.108520E-01,0.000000E+00,1.120016E+03,0.000000E+00,7.896638E-02,0.000000E+00,2.580854E+03,0.000000E+00,1.819578E-01,0.000000E+00,3.901228E+03,0.000000E+00,2.750496E-01,0.000000E+00,2.719992E+03,0.000000E+00,1.917684E-01,0.000000E+00,3.100677E+03,0.000000E+00,2.185980E-01,0.000000E+00,5.209877E+03,0.000000E+00,3.672978E-01,0.000000E+00,4.136364E+03,0.000000E+00,2.916274E-01,0.000000E+00,2.974380E+03,0.000000E+00,2.097001E-01,0.000000E+00,3.321871E+03,0.000000E+00,2.341926E-01,0.000000E+00,5.640946E+03,0.000000E+00,3.976883E-01
09:10:00,0.000000E+00,2.475680E+03,0.000000E+00,1.745115E-01,0.000000E+00,1.592199E+03,0.000000E+00,1.122601E-01,0.000000E+00,1.134546E+03,0.000000E+00,7.999005E-02,0.000000E+00,2.599884E+03,0.000000E+00,1.832974E-01,0.000000E+00,3.937172E+03,0.000000E+00,2.775827E-01,0.000000E+00,2.744060E+03,0.000000E+00,1.934646E-01,0.000000E+00,3.115006E+03,0.000000E+00,2.196076E-01,0.000000E+00,5.253827E+03,0.000000E+00,3.703948E-01,0.000000E+00,4.175827E+03,0.000000E+00,2.944086E-01,0.000000E+00,3.001923E+03,0.000000E+00,2.116413E-01,0.000000E+00,3.345652E+03,0.000000E+00,2.358685E-01,0.000000E+00,5.691466E+03,0.000000E+00,4.012483E-01
09:20:00,0.000000E+00,2.493787E+03,0.000000E+00,1.757879E-01,0.000000E+00,1.611897E+03,0.000000E+00,1.136484E-01,0.000000E+00,1.148739E+03,0.000000E+00,8.099023E-02,0.000000E+00,2.612627E+03,0.000000E+00,1.841942E-01,0.000000E+00,3.969507E+03,0.000000E+00,2.798614E-01,0.000000E+00,2.768081E+03,0.000000E+00,1.951576E-01,0.000000E+00,3.129443E+03,0.000000E+00,2.206249E-01,0.000000E+00,5.291546E+03,0.000000E+00,3.730525E-01,0.000000E+00,4.211124E+03,0.000000E+00,2.968961E-01,0.000000E+00,3.029232E+03,0.000000E+00,2.135662E-01,0.000000E+00,3.369324E+03,0.000000E+00,2.375368E-01,0.000000E+00,5.735136E+03,0.000000E+00,4.043254E-01
09:30:00,0.000000E+00,2.507583E+03,0.000000E+00,1.767604E-01,0.000000E+00,1.631202E+03,0.000000E+00,1.150092E-01,0.000000E+00,1.162635E+03,0.000000E+00,8.196955E-02,0.000000E+00,2.618492E+03,0.000000E+00,1.846063E-01,0.000000E+00,3.997841E+03,0.000000E+00,2.818583E-01,0.000000E+00,2.791898E+03,0.000000E+00,1.968363E-01,0.000000E+00,3.143895E+03,0.000000E+00,2.216434E-01,0.000000E+00,5.322230E+03,0.000000E+00,3.752145E-01,0.000000E+00,4.241852E+03,0.000000E+00,2.990617E-01,0.000000E+00,3.056252E+03,0.000000E+00,2.154707E-01,0.000000E+00,3.392809E+03,0.000000E+00,2.391920E-01,0.000000E+00,5.771212E+03,0.000000E+00,4.068674E-01
09:40:00,0.000000E+00,2.516679E+03,0.000000E+00,1.774016E-01,0.000000E+00,1.650081E+03,0.000000E+00,1.163399E-01,0.000000E+00,1.176144E+03,0.000000E+00,8.292157E-02,0.000000E+00,2.616812E+03,0.000000E+00,1.844867E-01,0.000000E+00,4.021740E+03,0.000000E+00,2.835426E-01,0.000000E+00,2.815455E+03,0.000000E+00,1.984967E-01,0.000000E+00,3.158289E+03,0.000000E+00,2.226578E-01,0.000000E+00,5.345056E+03,0.000000E+00,3.768226E-01,0.000000E+00,4.267548E+03,0.000000E+00,3.008727E-01,0.000000E+00,3.082931E+03,0.000000E+00,2.173513E-01,0.000000E+00,3.416043E+03,0.000000E+00,2.408296E-01,0.000000E+00,5.798872E+03,0.000000E+00,4.088162E-01
09:50:00,0.000000E+00,2.520643E+03,0.000000E+00,1.776810E-01,0.000000E+00,1.668518E+03,0.000000E+00,1.176395E-01,0.000000E+00,1.189251E+03,0.000000E+00,8.384526E-02,0.000000E+00,2.606927E+03,0.000000E+00,1.837886E-01,0.000000E+00,4.040728E+03,0.000000E+00,2.848809E-01,0.000000E+00,2.838709E+03,0.000000E+00,2.001359E-01,0.000000E+00,3.172579E+03,0.000000E+00,2.236649E-01,0.000000E+00,5.359178E+03,0.000000E+00,3.778173E-01,0.000000E+00,4.287706E+03,0.000000E+00,3.022934E-01,0.000000E+00,3.109231E+03,0.000000E+00,2.192052E-01,0.000000E+00,3.438977E+03,0.000000E+00,2.424461E-01,0.000000E+00,5.817228E+03,0.000000E+00,4.101093E-01
10:00:00,0.000000E+00,2.518378E+03,0.000000E+00,1.775214E-01,0.000000E+00,1.686893E+03,0.000000E+00,1.189347E-01,0.000000E+00,1.203312E+03,0.000000E+00,8.483621E-02,0.000000E+00,2.587735E+03,0.000000E+00,1.824346E-01,0.000000E+00,4.053786E+03,0.000000E+00,2.858011E-01,0.000000E+00,2.862125E+03,0.000000E+00,2.017864E-01,0.000000E+00,3.187911E+03,0.000000E+00,2.247455E-01,0.000000E+00,5.363338E+03,0.000000E+00,3.781098E-01,0.000000E+00,4.301081E+03,0.000000E+00,3.032360E-01,0.000000E+00,3.135847E+03,0.000000E+00,2.210814E-01,0.000000E+00,3.463260E+03,0.000000E+00,2.441577E-01,0.000000E+00,5.824748E+03,0.000000E+00,4.106386E-01
10:10:00,0.000000E+00,2.518374E+03,0.000000E+00,1.775211E-01,0.000000E+00,1.713026E+03,0.000000E+00,1.207770E-01,0.000000E+00,1.227829E+03,0.000000E+00,8.656437E-02,0.000000E+00,2.571446E+03,0.000000E+00,1.812853E-01,0.000000E+00,4.068869E+03,0.000000E+00,2.868641E-01,0.000000E+00,2.893523E+03,0.000000E+00,2.039998E-01,0.000000E+00,3.213560E+03,0.000000E+00,2.265536E-01,0.000000E+00,5.368944E+03,0.000000E+00,3.785043E-01,0.000000E+00,4.316205E+03,0.000000E+00,3.043018E-01,0.000000E+00,3.170730E+03,0.000000E+00,2.235405E-01,0.000000E+00,3.498135E+03,0.000000E+00,2.466161E-01,0.000000E+00,5.833450E+03,0.000000E+00,4.112514E-01
10:20:00,0.000000E+00,2.512357E+03,0.000000E+00,1.770970E-01,0.000000E+00,1.739206E+03,0.000000E+00,1.226226E-01,0.000000E+00,1.252353E+03,0.000000E+00,8.829317E-02,0.000000E+00,2.546288E+03,0.000000E+00,1.795110E-01,0.000000E+00,4.077963E+03,0.000000E+00,2.875049E-01,0.000000E+00,2.925154E+03,0.000000E+00,2.062297E-01,0.000000E+00,3.239535E+03,0.000000E+00,2.283846E-01,0.000000E+00,5.364408E+03,0.000000E+00,3.781839E-01,0.000000E+00,4.324594E+03,0.000000E+00,3.048929E-01,0.000000E+00,3.205432E+03,0.000000E+00,2.259870E-01,0.000000E+00,3.533025E+03,0.000000E+00,2.490757E-01,0.000000E+00,5.830754E+03,0.000000E+00,4.110607E-01
10:30:00,0.000000E+00,2.500018E+03,0.000000E+00,1.762272E-01,0.000000E+00,1.764978E+03,0.000000E+00,1.244396E-01,0.000000E+00,1.276672E+03,0.000000E+00,9.000761E-02,0.000000E+00,2.512023E+03,0.000000E+00,1.770947E-01,0.000000E+00,4.080700E+03,0.000000E+00,2.876977E-01,0.000000E+00,2.956539E+03,0.000000E+00,2.084423E-01,0.000000E+00,3.265587E+03,0.000000E+00,2.302213E-01,0.000000E+00,5.349313E+03,0.000000E+00,3.771192E-01,0.000000E+00,4.325915E+03,0.000000E+00,3.049858E-01,0.000000E+00,3.239814E+03,0.000000E+00,2.284109E-01,0.000000E+00,3.567736E+03,0.000000E+00,2.515227E-01,0.000000E+00,5.816120E+03,0.000000E+00,4.100284E-01
10:40:00,0.000000E+00,2.481350E+03,0.000000E+00,1.749113E-01,0.000000E+00,1.790251E+03,0.000000E+00,1.262214E-01,0.000000E+00,1.300660E+03,0.000000E+00,9.169864E-02,0.000000E+00,2.468828E+03,0.000000E+00,1.740490E-01,0.000000E+00,4.076976E+03,0.000000E+00,2.874351E-01,0.000000E+00,2.987573E+03,0.000000E+00,2.106303E-01,0.000000E+00,3.291586E+03,0.000000E+00,2.320542E-01,0.000000E+00,5.323669E+03,0.000000E+00,3.753111E-01,0.000000E+00,4.320110E+03,0.000000E+00,3.045765E-01,0.000000E+00,3.273832E+03,0.000000E+00,2.308093E-01,0.000000E+00,3.602162E+03,0.000000E+00,2.539498E-01,0.000000E+00,5.789486E+03,0.000000E+00,4.081504E-01
10:50:00,0.000000E+00,2.456665E+03,0.000000E+00,1.731713E-01,0.000000E+00,1.814963E+03,0.000000E+00,1.279637E-01,0.000000E+00,1.324261E+03,0.000000E+00,9.336237E-02,0.000000E+00,2.417387E+03,0.000000E+00,1.704220E-01,0.000000E+00,4.066975E+03,0.000000E+00,2.867300E-01,0.000000E+00,3.018172E+03,0.000000E+00,2.127877E-01,0.000000E+00,3.317452E+03,0.000000E+00,2.338778E-01,0.000000E+00,5.287987E+03,0.000000E+00,3.727953E-01,0.000000E+00,4.307433E+03,0.000000E+00,3.036827E-01,0.000000E+00,3.307488E+03,0.000000E+00,2.331822E-01,0.000000E+00,3.636231E+03,0.000000E+00,2.563517E-01,0.000000E+00,5.751336E+03,0.000000E+00,4.054607E-01
11:00:00,0.000000E+00,2.427291E+03,0.000000E+00,1.711007E-01,0.000000E+00,1.838658E+03,0.000000E+00,1.296343E-01,0.000000E+00,1.346060E+03,0.000000E+00,9.489914E-02,0.000000E+00,2.359371E+03,0.000000E+00,1.663315E-01,0.000000E+00,4.051744E+03,0.000000E+00,2.856562E-01,0.000000E+00,3.047766E+03,0.000000E+00,2.148742E-01,0.000000E+00,3.341938E+03,0.000000E+00,2.356041E-01,0.000000E+00,5.243752E+03,0.000000E+00,3.696767E-01,0.000000E+00,4.289215E+03,0.000000E+00,3.023983E-01,0.000000E+00,3.340086E+03,0.000000E+00,2.354806E-01,0.000000E+00,3.668190E+03,0.000000E+00,2.586048E-01,0.000000E+00,5.703404E+03,0.000000E+00,4.020814E-01
11:10:00,0.000000E+00,2.389363E+03,0.000000E+00,1.684271E-01,0.000000E+00,1.857407E+03,0.000000E+00,1.309561E-01,0.000000E+00,1.362384E+03,0.000000E+00,9.604988E-02,0.000000E+00,2.291196E+03,0.000000E+00,1.615249E-01,0.000000E+00,4.027677E+03,0.000000E+00,2.839595E-01,0.000000E+00,3.072391E+03,0.000000E+00,2.166104E-01,0.000000E+00,3.361477E+03,0.000000E+00,2.369817E-01,0.000000E+00,5.187725E+03,0.000000E+00,3.657267E-01,0.000000E+00,4.261405E+03,0.000000E+00,3.004377E-01,0.000000E+00,3.367681E+03,0.000000E+00,2.374262E-01,0.000000E+00,3.694545E+03,0.000000E+00,2.604630E-01,0.000000E+00,5.641862E+03,0.000000E+00,3.977427E-01
11:20:00,0.000000E+00,2.348161E+03,0.000000E+00,1.655228E-01,0.000000E+00,1.874857E+03,0.000000E+00,1.321864E-01,0.000000E+00,1.377693E+03,0.000000E+00,9.712898E-02,0.000000E+00,2.219397E+03,0.000000E+00,1.564628E-01,0.000000E+00,3.999581E+03,0.000000E+00,2.819787E-01,0.000000E+00,3.095721E+03,0.000000E+00,2.182552E-01,0.000000E+00,3.380133E+03,0.000000E+00,2.382970E-01,0.000000E+00,5.126033E+03,0.000000E+00,3.613774E-01,0.000000E+00,4.229364E+03,0.000000E+00,2.981789E-01,0.000000E+00,3.394758E+03,0.000000E+00,2.393352E-01,0.000000E+00,3.719833E+03,0.000000E+00,2.622458E-01,0.000000E+00,5.573575E+03,0.000000E+00,3.929285E-01
11:30:00,0.000000E+00,2.305433E+03,0.000000E+00,1.625109E-01,0.000000E+00,1.891351E+03,0.000000E+00,1.333492E-01,0.000000E+00,1.392150E+03,0.000000E+00,9.814801E-02,0.000000E+00,2.146736E+03,0.000000E+00,1.513399E-01,0.000000E+00,3.968983E+03,0.000000E+00,2.798215E-01,0.000000E+00,3.118083E+03,0.000000E+00,2.198318E-01,0.000000E+00,3.398045E+03,0.000000E+00,2.395599E-01,0.000000E+00,5.061376E+03,0.000000E+00,3.568192E-01,0.000000E+00,4.194778E+03,0.000000E+00,2.957405E-01,0.000000E+00,3.421599E+03,0.000000E+00,2.412277E-01,0.000000E+00,3.744154E+03,0.000000E+00,2.639605E-01,0.000000E+00,5.501490E+03,0.000000E+00,3.878466E-01
11:40:00,0.000000E+00,2.263022E+03,0.000000E+00,1.595214E-01,0.000000E+00,1.906927E+03,0.000000E+00,1.344473E-01,0.000000E+00,1.405835E+03,0.000000E+00,9.911259E-02,0.000000E+00,2.076322E+03,0.000000E+00,1.463756E-01,0.000000E+00,3.937535E+03,0.000000E+00,2.776044E-01,0.000000E+00,3.139500E+03,0.000000E+00,2.213418E-01,0.000000E+00,3.415264E+03,0.000000E+00,2.407739E-01,0.000000E+00,4.996730E+03,0.000000E+00,3.522617E-01,0.000000E+00,4.159478E+03,0.000000E+00,2.932518E-01,0.000000E+00,3.448492E+03,0.000000E+00,2.431238E-01,0.000000E+00,3.767552E+03,0.000000E+00,2.656101E-01,0.000000E+00,5.428825E+03,0.000000E+00,3.827237E-01
11:50:00,0.000000E+00,2.222727E+03,0.000000E+00,1.566809E-01,0.000000E+00,1.921615E+03,0.000000E+00,1.354828E-01,0.000000E+00,1.418787E+03,0.000000E+00,1.000256E-01,0.000000E+00,2.010745E+03,0.000000E+00,1.417524E-01,0.000000E+00,3.906876E+03,0.000000E+00,2.754429E-01,0.000000E+00,3.159990E+03,0.000000E+00,2.227864E-01,0.000000E+00,3.431814E+03,0.000000E+00,2.419407E-01,0.000000E+00,4.934854E+03,0.000000E+00,3.478994E-01,0.000000E+00,4.125282E+03,0.000000E+00,2.908410E-01,0.000000E+00,3.475810E+03,0.000000E+00,2.450498E-01,0.000000E+00,3.790054E+03,0.000000E+00,2.671965E-01,0.000000E+00,5.358761E+03,0.000000E+00,3.777843E-01
12:00:00,0.000000E+00,2.186123E+03,0.000000E+00,1.541008E-01,0.000000E+00,1.935441E+03,0.000000E+00,1.364576E-01,0.000000E+00,1.431044E+03,0.000000E+00,1.008896E-01,0.000000E+00,1.952126E+03,0.000000E+00,1.376197E-01,0.000000E+00,3.878472E+03,0.000000E+00,2.734405E-01,0.000000E+00,3.179571E+03,0.000000E+00,2.241669E-01,0.000000E+00,3.447717E+03,0.000000E+00,2.430618E-01,0.000000E+00,4.878108E+03,0.000000E+00,3.438990E-01,0.000000E+00,4.093812E+03,0.000000E+00,2.886224E-01,0.000000E+00,3.504069E+03,0.000000E+00,2.470422E-01,0.000000E+00,3.811666E+03,0.000000E+00,2.687202E-01,0.000000E+00,5.294104E+03,0.000000E+00,3.732261E-01
12:10:00,0.000000E+00,2.145969E+03,0.000000E+00,1.512703E-01,0.000000E+00,1.940275E+03,0.000000E+00,1.367984E-01,0.000000E+00,1.433365E+03,0.000000E+00,1.010530E-01,0.000000E+00,1.892499E+03,0.000000E+00,1.334161E-01,0.000000E+00,3.845574E+03,0.000000E+00,2.711213E-01,0.000000E+00,3.189996E+03,0.000000E+00,2.249019E-01,0.000000E+00,3.454424E+03,0.000000E+00,2.435348E-01,0.000000E+00,4.819481E+03,0.000000E+00,3.397660E-01,0.000000E+00,4.057812E+03,0.000000E+00,2.860844E-01,0.000000E+00,3.524985E+03,0.000000E+00,2.485170E-01,0.000000E+00,3.823043E+03,0.000000E+00,2.695224E-01,0.000000E+00,5.227551E+03,0.000000E+00,3.685343E-01
12:20:00,0.000000E+00,2.110741E+03,0.000000E+00,1.487870E-01,0.000000E+00,1.943424E+03,0.000000E+00,1.370203E-01,0.000000E+00,1.434581E+03,0.000000E+00,1.011385E-01,0.000000E+00,1.841311E+03,0.000000E+00,1.298074E-01,0.000000E+00,3.816120E+03,0.000000E+00,2.690448E-01,0.000000E+00,3.198603E+03,0.000000E+00,2.255086E-01,0.000000E+00,3.460021E+03,0.000000E+00,2.439293E-01,0.000000E+00,4.767925E+03,0.000000E+00,3.361315E-01,0.000000E+00,4.025996E+03,0.000000E+00,2.838414E-01,0.000000E+00,3.548421E+03,0.000000E+00,2.501692E-01,0.000000E+00,3.833219E+03,0.000000E+00,2.702397E-01,0.000000E+00,5.169169E+03,0.000000E+00,3.644186E-01
12:30:00,0.000000E+00,2.080623E+03,0.000000E+00,1.466641E-01,0.000000E+00,1.945648E+03,0.000000E+00,1.371769E-01,0.000000E+00,1.435043E+03,0.000000E+00,1.011709E-01,0.000000E+00,1.798378E+03,0.000000E+00,1.267807E-01,0.000000E+00,3.790313E+03,0.000000E+00,2.672254E-01,0.000000E+00,3.206155E+03,0.000000E+00,2.260409E-01,0.000000E+00,3.464817E+03,0.000000E+00,2.442674E-01,0.000000E+00,4.723439E+03,0.000000E+00,3.329954E-01,0.000000E+00,3.998504E+03,0.000000E+00,2.819033E-01,0.000000E+00,3.575720E+03,0.000000E+00,2.520939E-01,0.000000E+00,3.842414E+03,0.000000E+00,2.708879E-01,0.000000E+00,5.119046E+03,0.000000E+00,3.608851E-01
12:40:00,0.000000E+00,2.054917E+03,0.000000E+00,1.448520E-01,0.000000E+00,1.947072E+03,0.000000E+00,1.372771E-01,0.000000E+00,1.434926E+03,0.000000E+00,1.011624E-01,0.000000E+00,1.762110E+03,0.000000E+00,1.242240E-01,0.000000E+00,3.767575E+03,0.000000E+00,2.656223E-01,0.000000E+00,3.212776E+03,0.000000E+00,2.265076E-01,0.000000E+00,3.468960E+03,0.000000E+00,2.445594E-01,0.000000E+00,4.684730E+03,0.000000E+00,3.302666E-01,0.000000E+00,3.974637E+03,0.000000E+00,2.802206E-01,0.000000E+00,3.607187E+03,0.000000E+00,2.543123E-01,0.000000E+00,3.850720E+03,0.000000E+00,2.714733E-01,0.000000E+00,5.075827E+03,0.000000E+00,3.578384E-01
12:50:00,0.000000E+00,2.032300E+03,0.000000E+00,1.432577E-01,0.000000E+00,1.947784E+03,0.000000E+00,1.373271E-01,0.000000E+00,1.434317E+03,0.000000E+00,1.011192E-01,0.000000E+00,1.730513E+03,0.000000E+00,1.219965E-01,0.000000E+00,3.746770E+03,0.000000E+00,2.641555E-01,0.000000E+00,3.218566E+03,0.000000E+00,2.269157E-01,0.000000E+00,3.472535E+03,0.000000E+00,2.448113E-01,0.000000E+00,4.649820E+03,0.000000E+00,3.278056E-01,0.000000E+00,3.953150E+03,0.000000E+00,2.787058E-01,0.000000E+00,3.642794E+03,0.000000E+00,2.568228E-01,0.000000E+00,3.858217E+03,0.000000E+00,2.720018E-01,0.000000E+00,5.037211E+03,0.000000E+00,3.551161E-01
13:00:00,0.000000E+00,2.011487E+03,0.000000E+00,1.417906E-01,0.000000E+00,1.947839E+03,0.000000E+00,1.373309E-01,0.000000E+00,1.433275E+03,0.000000E+00,1.010456E-01,0.000000E+00,1.701394E+03,0.000000E+00,1.199438E-01,0.000000E+00,3.726599E+03,0.000000E+00,2.627334E-01,0.000000E+00,3.223593E+03,0.000000E+00,2.272699E-01,0.000000E+00,3.475604E+03,0.000000E+00,2.450276E-01,0.000000E+00,4.616477E+03,0.000000E+00,3.254550E-01,0.000000E+00,3.932606E+03,0.000000E+00,2.772573E-01,0.000000E+00,3.681974E+03,0.000000E+00,2.595850E-01,0.000000E+00,3.865060E+03,0.000000E+00,2.724840E-01,0.000000E+00,5.000593E+03,0.000000E+00,3.525347E-01
13:10:00,0.000000E+00,1.983144E+03,0.000000E+00,1.397927E-01,0.000000E+00,1.939002E+03,0.000000E+00,1.367077E-01,0.000000E+00,1.422824E+03,0.000000E+00,1.003086E-01,0.000000E+00,1.663507E+03,0.000000E+00,1.172730E-01,0.000000E+00,3.698291E+03,0.000000E+00,2.607376E-01,0.000000E+00,3.219525E+03,0.000000E+00,2.269829E-01,0.000000E+00,3.469922E+03,0.000000E+00,2.446269E-01,0.000000E+00,4.574168E+03,0.000000E+00,3.224723E-01,0.000000E+00,3.903328E+03,0.000000E+00,2.751932E-01,0.000000E+00,3.712512E+03,0.000000E+00,2.617380E-01,0.000000E+00,3.861794E+03,0.000000E+00,2.722537E-01,0.000000E+00,4.954406E+03,0.000000E+00,3.492786E-01
13:20:00,0.000000E+00,1.955619E+03,0.000000E+00,1.378524E-01,0.000000E+00,1.928772E+03,0.000000E+00,1.359862E-01,0.000000E+00,1.413307E+03,0.000000E+00,9.963748E-02,0.000000E+00,1.626152E+03,0.000000E+00,1.146395E-01,0.000000E+00,3.669591E+03,0.000000E+00,2.587140E-01,0.000000E+00,3.214138E+03,0.000000E+00,2.266029E-01,0.000000E+00,3.464691E+03,0.000000E+00,2.442580E-01,0.000000E+00,4.531437E+03,0.000000E+00,3.194597E-01,0.000000E+00,3.874108E+03,0.000000E+00,2.731329E-01,0.000000E+00,3.740522E+03,0.000000E+00,2.637126E-01,0.000000E+00,3.858756E+03,0.000000E+00,2.720393E-01,0.000000E+00,4.908662E+03,0.000000E+00,3.460536E-01
13:30:00,0.000000E+00,1.929153E+03,0.000000E+00,1.359868E-01,0.000000E+00,1.918855E+03,0.000000E+00,1.352868E-01,0.000000E+00,1.406168E+03,0.000000E+00,9.913393E-02,0.000000E+00,1.589243E+03,0.000000E+00,1.120375E-01,0.000000E+00,3.640863E+03,0.000000E+00,2.566883E-01,0.000000E+00,3.208929E+03,0.000000E+00,2.262354E-01,0.000000E+00,3.461222E+03,0.000000E+00,2.440132E-01,0.000000E+00,4.488496E+03,0.000000E+00,3.164323E-01,0.000000E+00,3.845238E+03,0.000000E+00,2.710972E-01,0.000000E+00,3.765139E+03,0.000000E+00,2.654479E-01,0.000000E+00,3.857360E+03,0.000000E+00,2.719407E-01,0.000000E+00,4.863706E+03,0.000000E+00,3.428840E-01
13:40:00,0.000000E+00,1.903897E+03,0.000000E+00,1.342063E-01,0.000000E+00,1.909792E+03,0.000000E+00,1.346476E-01,0.000000E+00,1.401481E+03,0.000000E+00,9.880334E-02,0.000000E+00,1.552903E+03,0.000000E+00,1.094755E-01,0.000000E+00,3.612421E+03,0.000000E+00,2.546828E-01,0.000000E+00,3.204666E+03,0.000000E+00,2.259345E-01,0.000000E+00,3.459559E+03,0.000000E+00,2.438957E-01,0.000000E+00,4.445713E+03,0.000000E+00,3.134159E-01,0.000000E+00,3.816959E+03,0.000000E+00,2.691031E-01,0.000000E+00,3.785331E+03,0.000000E+00,2.668711E-01,0.000000E+00,3.857490E+03,0.000000E+00,2.719496E-01,0.000000E+00,4.819924E+03,0.000000E+00,3.397972E-01
13:50:00,0.000000E+00,1.880267E+03,0.000000E+00,1.325406E-01,0.000000E+00,1.902522E+03,0.000000E+00,1.341347E-01,0.000000E+00,1.398984E+03,0.000000E+00,9.862716E-02,0.000000E+00,1.518082E+03,0.000000E+00,1.070206E-01,0.000000E+00,3.584798E+03,0.000000E+00,2.527350E-01,0.000000E+00,3.202598E+03,0.000000E+00,2.257884E-01,0.000000E+00,3.459391E+03,0.000000E+00,2.438836E-01,0.000000E+00,4.403842E+03,0.000000E+00,3.104638E-01,0.000000E+00,3.789739E+03,0.000000E+00,2.671837E-01,0.000000E+00,3.800172E+03,0.000000E+00,2.679170E-01,0.000000E+00,3.858733E+03,0.000000E+00,2.720370E-01,0.000000E+00,4.778118E+03,0.000000E+00,3.368497E-01
14:00:00,0.000000E+00,1.858511E+03,0.000000E+00,1.310068E-01,0.000000E+00,1.897984E+03,0.000000E+00,1.338146E-01,0.000000E+00,1.398484E+03,0.000000E+00,9.859183E-02,0.000000E+00,1.485849E+03,0.000000E+00,1.047482E-01,0.000000E+00,3.558539E+03,0.000000E+00,2.508833E-01,0.000000E+00,3.203917E+03,0.000000E+00,2.258812E-01,0.000000E+00,3.460495E+03,0.000000E+00,2.439613E-01,0.000000E+00,4.363970E+03,0.000000E+00,3.076525E-01,0.000000E+00,3.764100E+03,0.000000E+00,2.653758E-01,0.000000E+00,3.809210E+03,0.000000E+00,2.685537E-01,0.000000E+00,3.860766E+03,0.000000E+00,2.721800E-01,0.000000E+00,4.739216E+03,0.000000E+00,3.341068E-01
14:10:00,0.000000E+00,1.846592E+03,0.000000E+00,1.301665E-01,0.000000E+00,1.905018E+03,0.000000E+00,1.343104E-01,0.000000E+00,1.409033E+03,0.000000E+00,9.933542E-02,0.000000E+00,1.465981E+03,0.000000E+00,1.033475E-01,0.000000E+00,3.541625E+03,0.000000E+00,2.496905E-01,0.000000E+00,3.217887E+03,0.000000E+00,2.268657E-01,0.000000E+00,3.471221E+03,0.000000E+00,2.447173E-01,0.000000E+00,4.335434E+03,0.000000E+00,3.056405E-01,0.000000E+00,3.748738E+03,0.000000E+00,2.642924E-01,0.000000E+00,3.823623E+03,0.000000E+00,2.695692E-01,0.000000E+00,3.873174E+03,0.000000E+00,2.730545E-01,0.000000E+00,4.712998E+03,0.000000E+00,3.322582E-01
14:20:00,0.000000E+00,1.835390E+03,0.000000E+00,1.293767E-01,0.000000E+00,1.916493E+03,0.000000E+00,1.351194E-01,0.000000E+00,1.420897E+03,0.000000E+00,1.001719E-01,0.000000E+00,1.448143E+03,0.000000E+00,1.020900E-01,0.000000E+00,3.525761E+03,0.000000E+00,2.485718E-01,0.000000E+00,3.237739E+03,0.000000E+00,2.282652E-01,0.000000E+00,3.483053E+03,0.000000E+00,2.455513E-01,0.000000E+00,4.308862E+03,0.000000E+00,3.037671E-01,0.000000E+00,3.734194E+03,0.000000E+00,2.632668E-01,0.000000E+00,3.836183E+03,0.000000E+00,2.704543E-01,0.000000E+00,3.886428E+03,0.000000E+00,2.739887E-01,0.000000E+00,4.688275E+03,0.000000E+00,3.305151E-01
14:30:00,0.000000E+00,1.824216E+03,0.000000E+00,1.285890E-01,0.000000E+00,1.930912E+03,0.000000E+00,1.361361E-01,0.000000E+00,1.433663E+03,0.000000E+00,1.010720E-01,0.000000E+00,1.431806E+03,0.000000E+00,1.009384E-01,0.000000E+00,3.510320E+03,0.000000E+00,2.474830E-01,0.000000E+00,3.262653E+03,0.000000E+00,2.300217E-01,0.000000E+00,3.495859E+03,0.000000E+00,2.464540E-01,0.000000E+00,4.283615E+03,0.000000E+00,3.019871E-01,0.000000E+00,3.719794E+03,0.000000E+00,2.622514E-01,0.000000E+00,3.847024E+03,0.000000E+00,2.712183E-01,0.000000E+00,3.900470E+03,0.000000E+00,2.749785E-01,0.000000E+00,4.664086E+03,0.000000E+00,3.288097E-01
14:40:00,0.000000E+00,1.812868E+03,0.000000E+00,1.277890E-01,0.000000E+00,1.947602E+03,0.000000E+00,1.373129E-01,0.000000E+00,1.448589E+03,0.000000E+00,1.021243E-01,0.000000E+00,1.416774E+03,0.000000E+00,9.987869E-02,0.000000E+00,3.495079E+03,0.000000E+00,2.464084E-01,0.000000E+00,3.291902E+03,0.000000E+00,2.320837E-01,0.000000E+00,3.511146E+03,0.000000E+00,2.475316E-01,0.000000E+00,4.259441E+03,0.000000E+00,3.002826E-01,0.000000E+00,3.705317E+03,0.000000E+00,2.612306E-01,0.000000E+00,3.857541E+03,0.000000E+00,2.719595E-01,0.000000E+00,3.917154E+03,0.000000E+00,2.761546E-01,0.000000E+00,4.640153E+03,0.000000E+00,3.271223E-01
14:50:00,0.000000E+00,1.801256E+03,0.000000E+00,1.269704E-01,0.000000E+00,1.965570E+03,0.000000E+00,1.385798E-01,0.000000E+00,1.467425E+03,0.000000E+00,1.034522E-01,0.000000E+00,1.402481E+03,0.000000E+00,9.887112E-02,0.000000E+00,3.479923E+03,0.000000E+00,2.453397E-01,0.000000E+00,3.324403E+03,0.000000E+00,2.343750E-01,0.000000E+00,3.530993E+03,0.000000E+00,2.489307E-01,0.000000E+00,4.236174E+03,0.000000E+00,2.986423E-01,0.000000E+00,3.690641E+03,0.000000E+00,2.601958E-01,0.000000E+00,3.869347E+03,0.000000E+00,2.727916E-01,0.000000E+00,3.938816E+03,0.000000E+00,2.776816E-01,0.000000E+00,4.616347E+03,0.000000E+00,3.254439E-01
15:00:00,0.000000E+00,1.789315E+03,0.000000E+00,1.261286E-01,0.000000E+00,1.983892E+03,0.000000E+00,1.398716E-01,0.000000E+00,1.491853E+03,0.000000E+00,1.051745E-01,0.000000E+00,1.388404E+03,0.000000E+00,9.787875E-02,0.000000E+00,3.464772E+03,0.000000E+00,2.442715E-01,0.000000E+00,3.359197E+03,0.000000E+00,2.368281E-01,0.000000E+00,3.557437E+03,0.000000E+00,2.507950E-01,0.000000E+00,4.213483E+03,0.000000E+00,2.970425E-01,0.000000E+00,3.675672E+03,0.000000E+00,2.591403E-01,0.000000E+00,3.883960E+03,0.000000E+00,2.738217E-01,0.000000E+00,3.967666E+03,0.000000E+00,2.797155E-01,0.000000E+00,4.592570E+03,0.000000E+00,3.237676E-01
15:10:00,0.000000E+00,1.797356E+03,0.000000E+00,1.266954E-01,0.000000E+00,2.021710E+03,0.000000E+00,1.425380E-01,0.000000E+00,1.546386E+03,0.000000E+00,1.090192E-01,0.000000E+00,1.398487E+03,0.000000E+00,9.858962E-02,0.000000E+00,3.468856E+03,0.000000E+00,2.445593E-01,0.000000E+00,3.415653E+03,0.000000E+00,2.408082E-01,0.000000E+00,3.613858E+03,0.000000E+00,2.547726E-01,0.000000E+00,4.213754E+03,0.000000E+00,2.970615E-01,0.000000E+00,3.680950E+03,0.000000E+00,2.595123E-01,0.000000E+00,3.924017E+03,0.000000E+00,2.766456E-01,0.000000E+00,4.028801E+03,0.000000E+00,2.840255E-01,0.000000E+00,4.592972E+03,0.000000E+00,3.237958E-01
15:20:00,0.000000E+00,1.806065E+03,0.000000E+00,1.273093E-01,0.000000E+00,2.061851E+03,0.000000E+00,1.453685E-01,0.000000E+00,1.609329E+03,0.000000E+00,1.134571E-01,0.000000E+00,1.409817E+03,0.000000E+00,9.938859E-02,0.000000E+00,3.473973E+03,0.000000E+00,2.449202E-01,0.000000E+00,3.475248E+03,0.000000E+00,2.450098E-01,0.000000E+00,3.680368E+03,0.000000E+00,2.594618E-01,0.000000E+00,4.215467E+03,0.000000E+00,2.971825E-01,0.000000E+00,3.686762E+03,0.000000E+00,2.599221E-01,0.000000E+00,3.969319E+03,0.000000E+00,2.798396E-01,0.000000E+00,4.100316E+03,0.000000E+00,2.890675E-01,0.000000E+00,4.594307E+03,0.000000E+00,3.238900E-01
15:30:00,0.000000E+00,1.814870E+03,0.000000E+00,1.279300E-01,0.000000E+00,2.102720E+03,0.000000E+00,1.482502E-01,0.000000E+00,1.679851E+03,0.000000E+00,1.184295E-01,0.000000E+00,1.421816E+03,0.000000E+00,1.002348E-01,0.000000E+00,3.479646E+03,0.000000E+00,2.453203E-01,0.000000E+00,3.536386E+03,0.000000E+00,2.493203E-01,0.000000E+00,3.756377E+03,0.000000E+00,2.648208E-01,0.000000E+00,4.218053E+03,0.000000E+00,2.973650E-01,0.000000E+00,3.692780E+03,0.000000E+00,2.603466E-01,0.000000E+00,4.019407E+03,0.000000E+00,2.833712E-01,0.000000E+00,4.181612E+03,0.000000E+00,2.947992E-01,0.000000E+00,4.596130E+03,0.000000E+00,3.240187E-01
15:40:00,0.000000E+00,1.823539E+03,0.000000E+00,1.285412E-01,0.000000E+00,2.144776E+03,0.000000E+00,1.512154E-01,0.000000E+00,1.756759E+03,0.000000E+00,1.238521E-01,0.000000E+00,1.434207E+03,0.000000E+00,1.011086E-01,0.000000E+00,3.485657E+03,0.000000E+00,2.457443E-01,0.000000E+00,3.599268E+03,0.000000E+00,2.537538E-01,0.000000E+00,3.840834E+03,0.000000E+00,2.707754E-01,0.000000E+00,4.221268E+03,0.000000E+00,2.975918E-01,0.000000E+00,3.698872E+03,0.000000E+00,2.607764E-01,0.000000E+00,4.073499E+03,0.000000E+00,2.871852E-01,0.000000E+00,4.271488E+03,0.000000E+00,3.011359E-01,0.000000E+00,4.598263E+03,0.000000E+00,3.241693E-01
15:50:00,0.000000E+00,1.831940E+03,0.000000E+00,1.291335E-01,0.000000E+00,2.188273E+03,0.000000E+00,1.542822E-01,0.000000E+00,1.838508E+03,0.000000E+00,1.296160E-01,0.000000E+00,1.446873E+03,0.000000E+00,1.020017E-01,0.000000E+00,3.491880E+03,0.000000E+00,2.461834E-01,0.000000E+00,3.663858E+03,0.000000E+00,2.583078E-01,0.000000E+00,3.932204E+03,0.000000E+00,2.772174E-01,0.000000E+00,4.224988E+03,0.000000E+00,2.978544E-01,0.000000E+00,3.704956E+03,0.000000E+00,2.612057E-01,0.000000E+00,4.130469E+03,0.000000E+00,2.912020E-01,0.000000E+00,4.368150E+03,0.000000E+00,3.079511E-01,0.000000E+00,4.600595E+03,0.000000E+00,3.243340E-01
16:00:00,0.000000E+00,1.840167E+03,0.000000E+00,1.297136E-01,0.000000E+00,2.233296E+03,0.000000E+00,1.574565E-01,0.000000E+00,1.923275E+03,0.000000E+00,1.355927E-01,0.000000E+00,1.459734E+03,0.000000E+00,1.029086E-01,0.000000E+00,3.498229E+03,0.000000E+00,2.466314E-01,0.000000E+00,3.729938E+03,0.000000E+00,2.629667E-01,0.000000E+00,4.028642E+03,0.000000E+00,2.840168E-01,0.000000E+00,4.229133E+03,0.000000E+00,2.981468E-01,0.000000E+00,3.710970E+03,0.000000E+00,2.616300E-01,0.000000E+00,4.188971E+03,0.000000E+00,2.953269E-01,0.000000E+00,4.469334E+03,0.000000E+00,3.150851E-01,0.000000E+00,4.603037E+03,0.000000E+00,3.245065E-01
16:10:00,0.000000E+00,1.893559E+03,0.000000E+00,1.334774E-01,0.000000E+00,2.325132E+03,0.000000E+00,1.639312E-01,0.000000E+00,2.060460E+03,0.000000E+00,1.452648E-01,0.000000E+00,1.525822E+03,0.000000E+00,1.075679E-01,0.000000E+00,3.546901E+03,0.000000E+00,2.500632E-01,0.000000E+00,3.841914E+03,0.000000E+00,2.708614E-01,0.000000E+00,4.176011E+03,0.000000E+00,2.944067E-01,0.000000E+00,4.283425E+03,0.000000E+00,3.019746E-01,0.000000E+00,3.762190E+03,0.000000E+00,2.652415E-01,0.000000E+00,4.295229E+03,0.000000E+00,3.028187E-01,0.000000E+00,4.624500E+03,0.000000E+00,3.260247E-01,0.000000E+00,4.659101E+03,0.000000E+00,3.284593E-01
16:20:00,0.000000E+00,1.949922E+03,0.000000E+00,1.374506E-01,0.000000E+00,2.422637E+03,0.000000E+00,1.708063E-01,0.000000E+00,2.199870E+03,0.000000E+00,1.550946E-01,0.000000E+00,1.594977E+03,0.000000E+00,1.124442E-01,0.000000E+00,3.598273E+03,0.000000E+00,2.536859E-01,0.000000E+00,3.959553E+03,0.000000E+00,2.791560E-01,0.000000E+00,4.327388E+03,0.000000E+00,3.050798E-01,0.000000E+00,4.341139E+03,0.000000E+00,3.060442E-01,0.000000E+00,3.815495E+03,0.000000E+00,2.690005E-01,0.000000E+00,4.402601E+03,0.000000E+00,3.103896E-01,0.000000E+00,4.782054E+03,0.000000E+00,3.371332E-01,0.000000E+00,4.717765E+03,0.000000E+00,3.325958E-01
16:30:00,0.000000E+00,2.008061E+03,0.000000E+00,1.415489E-01,0.000000E+00,2.521256E+03,0.000000E+00,1.777602E-01,0.000000E+00,2.338536E+03,0.000000E+00,1.648719E-01,0.000000E+00,1.665984E+03,0.000000E+00,1.174511E-01,0.000000E+00,3.651346E+03,0.000000E+00,2.574289E-01,0.000000E+00,4.078288E+03,0.000000E+00,2.875282E-01,0.000000E+00,4.479707E+03,0.000000E+00,3.158194E-01,0.000000E+00,4.401107E+03,0.000000E+00,3.102730E-01,0.000000E+00,3.870222E+03,0.000000E+00,2.728602E-01,0.000000E+00,4.509281E+03,0.000000E+00,3.179120E-01,0.000000E+00,4.939089E+03,0.000000E+00,3.482054E-01,0.000000E+00,4.778200E+03,0.000000E+00,3.368576E-01
16:40:00,0.000000E+00,2.066977E+03,0.000000E+00,1.457020E-01,0.000000E+00,2.620391E+03,0.000000E+00,1.847505E-01,0.000000E+00,2.474788E+03,0.000000E+00,1.744789E-01,0.000000E+00,1.736846E+03,0.000000E+00,1.224477E-01,0.000000E+00,3.705249E+03,0.000000E+00,2.612306E-01,0.000000E+00,4.197548E+03,0.000000E+00,2.959376E-01,0.000000E+00,4.631156E+03,0.000000E+00,3.264979E-01,0.000000E+00,4.461613E+03,0.000000E+00,3.145398E-01,0.000000E+00,3.925476E+03,0.000000E+00,2.767572E-01,0.000000E+00,4.615056E+03,0.000000E+00,3.253709E-01,0.000000E+00,5.093855E+03,0.000000E+00,3.591178E-01,0.000000E+00,4.838343E+03,0.000000E+00,3.410989E-01
16:50:00,0.000000E+00,2.126860E+03,0.000000E+00,1.499233E-01,0.000000E+00,2.718646E+03,0.000000E+00,1.916788E-01,0.000000E+00,2.607232E+03,0.000000E+00,1.838172E-01,0.000000E+00,1.808464E+03,0.000000E+00,1.274976E-01,0.000000E+00,3.760073E+03,0.000000E+00,2.650974E-01,0.000000E+00,4.315824E+03,0.000000E+00,3.042778E-01,0.000000E+00,4.780068E+03,0.000000E+00,3.369977E-01,0.000000E+00,4.523303E+03,0.000000E+00,3.188902E-01,0.000000E+00,3.981578E+03,0.000000E+00,2.807142E-01,0.000000E+00,4.718554E+03,0.000000E+00,3.326694E-01,0.000000E+00,5.244690E+03,0.000000E+00,3.697533E-01,0.000000E+00,4.899458E+03,0.000000E+00,3.454088E-01
17:00:00,0.000000E+00,2.187413E+03,0.000000E+00,1.541917E-01,0.000000E+00,2.815171E+03,0.000000E+00,1.984851E-01,0.000000E+00,2.735083E+03,0.000000E+00,1.928316E-01,0.000000E+00,1.880762E+03,0.000000E+00,1.325954E-01,0.000000E+00,3.815708E+03,0.000000E+00,2.690214E-01,0.000000E+00,4.432163E+03,0.000000E+00,3.124816E-01,0.000000E+00,4.925328E+03,0.000000E+00,3.472401E-01,0.000000E+00,4.586112E+03,0.000000E+00,3.233196E-01,0.000000E+00,4.038411E+03,0.000000E+00,2.847227E-01,0.000000E+00,4.819405E+03,0.000000E+00,3.397814E-01,0.000000E+00,5.390631E+03,0.000000E+00,3.800437E-01,0.000000E+00,4.961459E+03,0.000000E+00,3.497814E-01
17:10:00,0.000000E+00,2.282575E+03,0.000000E+00,1.608998E-01,0.000000E+00,2.945330E+03,0.000000E+00,2.076629E-01,0.000000E+00,2.896406E+03,0.000000E+00,2.042059E-01,0.000000E+00,1.993755E+03,0.000000E+00,1.405624E-01,0.000000E+00,3.903929E+03,0.000000E+00,2.752431E-01,0.000000E+00,4.580781E+03,0.000000E+00,3.229612E-01,0.000000E+00,5.101717E+03,0.000000E+00,3.596772E-01,0.000000E+00,4.687032E+03,0.000000E+00,3.304361E-01,0.000000E+00,4.130460E+03,0.000000E+00,2.912144E-01,0.000000E+00,4.954227E+03,0.000000E+00,3.492886E-01,0.000000E+00,5.569906E+03,0.000000E+00,3.926844E-01,0.000000E+00,5.064722E+03,0.000000E+00,3.570631E-01
17:20:00,0.000000E+00,2.380417E+03,0.000000E+00,1.677968E-01,0.000000E+00,3.078152E+03,0.000000E+00,2.170292E-01,0.000000E+00,3.055531E+03,0.000000E+00,2.154257E-01,0.000000E+00,2.109847E+03,0.000000E+00,1.487487E-01,0.000000E+00,3.995135E+03,0.000000E+00,2.816758E-01,0.000000E+00,4.731638E+03,0.000000E+00,3.335993E-01,0.000000E+00,5.276228E+03,0.000000E+00,3.719825E-01,0.000000E+00,4.791756E+03,0.000000E+00,3.378213E-01,0.000000E+00,4.224962E+03,0.000000E+00,2.978797E-01,0.000000E+00,5.088342E+03,0.000000E+00,3.587467E-01,0.000000E+00,5.745548E+03,0.000000E+00,4.050696E-01,0.000000E+00,5.170807E+03,0.000000E+00,3.645444E-01
17:30:00,0.000000E+00,2.479813E+03,0.000000E+00,1.748034E-01,0.000000E+00,3.209071E+03,0.000000E+00,2.262617E-01,0.000000E+00,3.210638E+03,0.000000E+00,2.263624E-01,0.000000E+00,2.229014E+03,0.000000E+00,1.571520E-01,0.000000E+00,4.088383E+03,0.000000E+00,2.882530E-01,0.000000E+00,4.880717E+03,0.000000E+00,3.441125E-01,0.000000E+00,5.447361E+03,0.000000E+00,3.840501E-01,0.000000E+00,4.899742E+03,0.000000E+00,3.454369E-01,0.000000E+00,4.321249E+03,0.000000E+00,3.046713E-01,0.000000E+00,5.221196E+03,0.000000E+00,3.681164E-01,0.000000E+00,5.916688E+03,0.000000E+00,4.171379E-01,0.000000E+00,5.278894E+03,0.000000E+00,3.721674E-01
17:40:00,0.000000E+00,2.580859E+03,0.000000E+00,1.819263E-01,0.000000E+00,3.337109E+03,0.000000E+00,2.352913E-01,0.000000E+00,3.360493E+03,0.000000E+00,2.369290E-01,0.000000E+00,2.352661E+03,0.000000E+00,1.658711E-01,0.000000E+00,4.183694E+03,0.000000E+00,2.949761E-01,0.000000E+00,5.026836E+03,0.000000E+00,3.544177E-01,0.000000E+00,5.613991E+03,0.000000E+00,3.958008E-01,0.000000E+00,5.011863E+03,0.000000E+00,3.533444E-01,0.000000E+00,4.419641E+03,0.000000E+00,3.116118E-01,0.000000E+00,5.351827E+03,0.000000E+00,3.773299E-01,0.000000E+00,6.082903E+03,0.000000E+00,4.288596E-01,0.000000E+00,5.390371E+03,0.000000E+00,3.800297E-01
17:50:00,0.000000E+00,2.682890E+03,0.000000E+00,1.891186E-01,0.000000E+00,3.462454E+03,0.000000E+00,2.441312E-01,0.000000E+00,3.505063E+03,0.000000E+00,2.471231E-01,0.000000E+00,2.478962E+03,0.000000E+00,1.747774E-01,0.000000E+00,4.280522E+03,0.000000E+00,3.018064E-01,0.000000E+00,5.170185E+03,0.000000E+00,3.645278E-01,0.000000E+00,5.776067E+03,0.000000E+00,4.072308E-01,0.000000E+00,5.126807E+03,0.000000E+00,3.614512E-01,0.000000E+00,4.519444E+03,0.000000E+00,3.186519E-01,0.000000E+00,5.480950E+03,0.000000E+00,3.864375E-01,0.000000E+00,6.244516E+03,0.000000E+00,4.402573E-01,0.000000E+00,5.503536E+03,0.000000E+00,3.880113E-01
18:00:00,0.000000E+00,2.785703E+03,0.000000E+00,1.963661E-01,0.000000E+00,3.585084E+03,0.000000E+00,2.527797E-01,0.000000E+00,3.644458E+03,0.000000E+00,2.569525E-01,0.000000E+00,2.607356E+03,0.000000E+00,1.838312E-01,0.000000E+00,4.378672E+03,0.000000E+00,3.087300E-01,0.000000E+00,5.310763E+03,0.000000E+00,3.744427E-01,0.000000E+00,5.933645E+03,0.000000E+00,4.183438E-01,0.000000E+00,5.244235E+03,0.000000E+00,3.697333E-01,0.000000E+00,4.620472E+03,0.000000E+00,3.257787E-01,0.000000E+00,5.608467E+03,0.000000E+00,3.954321E-01,0.000000E+00,6.401772E+03,0.000000E+00,4.513479E-01,0.000000E+00,5.618111E+03,0.000000E+00,3.960924E-01
18:10:00,0.000000E+00,2.807289E+03,0.000000E+00,1.978880E-01,0.000000E+00,3.621137E+03,0.000000E+00,2.553240E-01,0.000000E+00,3.689697E+03,0.000000E+00,2.601436E-01,0.000000E+00,2.648326E+03,0.000000E+00,1.867216E-01,0.000000E+00,4.401830E+03,0.000000E+00,3.103664E-01,0.000000E+00,5.366065E+03,0.000000E+00,3.783454E-01,0.000000E+00,6.004982E+03,0.000000E+00,4.233770E-01,0.000000E+00,5.281925E+03,0.000000E+00,3.723940E-01,0.000000E+00,4.639762E+03,0.000000E+00,3.271425E-01,0.000000E+00,5.646122E+03,0.000000E+00,3.980911E-01,0.000000E+00,6.464738E+03,0.000000E+00,4.557911E-01,0.000000E+00,5.643791E+03,0.000000E+00,3.979066E-01
18:20:00,0.000000E+00,2.823592E+03,0.000000E+00,1.990373E-01,0.000000E+00,3.642149E+03,0.000000E+00,2.568065E-01,0.000000E+00,3.723564E+03,0.000000E+00,2.625316E-01,0.000000E+00,2.684494E+03,0.000000E+00,1.892719E-01,0.000000E+00,4.420293E+03,0.000000E+00,3.116706E-01,0.000000E+00,5.406367E+03,0.000000E+00,3.811894E-01,0.000000E+00,6.065504E+03,0.000000E+00,4.276466E-01,0.000000E+00,5.315115E+03,0.000000E+00,3.747366E-01,0.000000E+00,4.655255E+03,0.000000E+00,3.282374E-01,0.000000E+00,5.676906E+03,0.000000E+00,4.002645E-01,0.000000E+00,6.518507E+03,0.000000E+00,4.595849E-01,0.000000E+00,5.665219E+03,0.000000E+00,3.994199E-01
18:30:00,0.000000E+00,2.837062E+03,0.000000E+00,1.999871E-01,0.000000E+00,3.657474E+03,0.000000E+00,2.578876E-01,0.000000E+00,3.749702E+03,0.000000E+00,2.643747E-01,0.000000E+00,2.717080E+03,0.000000E+00,1.915695E-01,0.000000E+00,4.436084E+03,0.000000E+00,3.127859E-01,0.000000E+00,5.439903E+03,0.000000E+00,3.835556E-01,0.000000E+00,6.118173E+03,0.000000E+00,4.313621E-01,0.000000E+00,5.345547E+03,0.000000E+00,3.768842E-01,0.000000E+00,4.668250E+03,0.000000E+00,3.291556E-01,0.000000E+00,5.702230E+03,0.000000E+00,4.020521E-01,0.000000E+00,6.565039E+03,0.000000E+00,4.628679E-01,0.000000E+00,5.683921E+03,0.000000E+00,4.007407E-01
18:40:00,0.000000E+00,2.848713E+03,0.000000E+00,2.008086E-01,0.000000E+00,3.668198E+03,0.000000E+00,2.586441E-01,0.000000E+00,3.770321E+03,0.000000E+00,2.658285E-01,0.000000E+00,2.746267E+03,0.000000E+00,1.936275E-01,0.000000E+00,4.450131E+03,0.000000E+00,3.137776E-01,0.000000E+00,5.467877E+03,0.000000E+00,3.855291E-01,0.000000E+00,6.164725E+03,0.000000E+00,4.346458E-01,0.000000E+00,5.373837E+03,0.000000E+00,3.788806E-01,0.000000E+00,4.679322E+03,0.000000E+00,3.299376E-01,0.000000E+00,5.722844E+03,0.000000E+00,4.035071E-01,0.000000E+00,6.605227E+03,0.000000E+00,4.657031E-01,0.000000E+00,5.700498E+03,0.000000E+00,4.019112E-01
18:50:00,0.000000E+00,2.859800E+03,0.000000E+00,2.015903E-01,0.000000E+00,3.676825E+03,0.000000E+00,2.592529E-01,0.000000E+00,3.787942E+03,0.000000E+00,2.670711E-01,0.000000E+00,2.771881E+03,0.000000E+00,1.954336E-01,0.000000E+00,4.463497E+03,0.000000E+00,3.147210E-01,0.000000E+00,5.492703E+03,0.000000E+00,3.872805E-01,0.000000E+00,6.207202E+03,0.000000E+00,4.376419E-01,0.000000E+00,5.400103E+03,0.000000E+00,3.807339E-01,0.000000E+00,4.689356E+03,0.000000E+00,3.306462E-01,0.000000E+00,5.740269E+03,0.000000E+00,4.047368E-01,0.000000E+00,6.641024E+03,0.000000E+00,4.682283E-01,0.000000E+00,5.716097E+03,0.000000E+00,4.030125E-01
19:00:00,0.000000E+00,2.870743E+03,0.000000E+00,2.023619E-01,0.000000E+00,3.684273E+03,0.000000E+00,2.597785E-01,0.000000E+00,3.803353E+03,0.000000E+00,2.681580E-01,0.000000E+00,2.795205E+03,0.000000E+00,1.970783E-01,0.000000E+00,4.476566E+03,0.000000E+00,3.156434E-01,0.000000E+00,5.515266E+03,0.000000E+00,3.888721E-01,0.000000E+00,6.246242E+03,0.000000E+00,4.403955E-01,0.000000E+00,5.424602E+03,0.000000E+00,3.824625E-01,0.000000E+00,4.698651E+03,0.000000E+00,3.313025E-01,0.000000E+00,5.754917E+03,0.000000E+00,4.057706E-01,0.000000E+00,6.672872E+03,0.000000E+00,4.704750E-01,0.000000E+00,5.731035E+03,0.000000E+00,4.040671E-01
19:10:00,0.000000E+00,2.845033E+03,0.000000E+00,2.005497E-01,0.000000E+00,3.653301E+03,0.000000E+00,2.575953E-01,0.000000E+00,3.773202E+03,0.000000E+00,2.660326E-01,0.000000E+00,2.769257E+03,0.000000E+00,1.952490E-01,0.000000E+00,4.454906E+03,0.000000E+00,3.141171E-01,0.000000E+00,5.499019E+03,0.000000E+00,3.877274E-01,0.000000E+00,6.241260E+03,0.000000E+00,4.400454E-01,0.000000E+00,5.402859E+03,0.000000E+00,3.809308E-01,0.000000E+00,4.670379E+03,0.000000E+00,3.293099E-01,0.000000E+00,5.728297E+03,0.000000E+00,4.038946E-01,0.000000E+00,6.656912E+03,0.000000E+00,4.693509E-01,0.000000E+00,5.698142E+03,0.000000E+00,4.017493E-01
19:20:00,0.000000E+00,2.817658E+03,0.000000E+00,1.986202E-01,0.000000E+00,3.618027E+03,0.000000E+00,2.551081E-01,0.000000E+00,3.739256E+03,0.000000E+00,2.636390E-01,0.000000E+00,2.739065E+03,0.000000E+00,1.931199E-01,0.000000E+00,4.431415E+03,0.000000E+00,3.124610E-01,0.000000E+00,5.477324E+03,0.000000E+00,3.861981E-01,0.000000E+00,6.231019E+03,0.000000E+00,4.393238E-01,0.000000E+00,5.376885E+03,0.000000E+00,3.791001E-01,0.000000E+00,4.640333E+03,0.000000E+00,3.271917E-01,0.000000E+00,5.698148E+03,0.000000E+00,4.017692E-01,0.000000E+00,6.635288E+03,0.000000E+00,4.678268E-01,0.000000E+00,5.663268E+03,0.000000E+00,3.992912E-01
19:30:00,0.000000E+00,2.789703E+03,0.000000E+00,1.966498E-01,0.000000E+00,3.581726E+03,0.000000E+00,2.525482E-01,0.000000E+00,3.702731E+03,0.000000E+00,2.610635E-01,0.000000E+00,2.705712E+03,0.000000E+00,1.907678E-01,0.000000E+00,4.407017E+03,0.000000E+00,3.107405E-01,0.000000E+00,5.453209E+03,0.000000E+00,3.844976E-01,0.000000E+00,6.216521E+03,0.000000E+00,4.383016E-01,0.000000E+00,5.347576E+03,0.000000E+00,3.770337E-01,0.000000E+00,4.609228E+03,0.000000E+00,3.249983E-01,0.000000E+00,5.665281E+03,0.000000E+00,3.994516E-01,0.000000E+00,6.608705E+03,0.000000E+00,4.659525E-01,0.000000E+00,5.627089E+03,0.000000E+00,3.967405E-01
19:40:00,0.000000E+00,2.761465E+03,0.000000E+00,1.946594E-01,0.000000E+00,3.544334E+03,0.000000E+00,2.499113E-01,0.000000E+00,3.664060E+03,0.000000E+00,2.583364E-01,0.000000E+00,2.670031E+03,0.000000E+00,1.882515E-01,0.000000E+00,4.382016E+03,0.000000E+00,3.089771E-01,0.000000E+00,5.426613E+03,0.000000E+00,3.826216E-01,0.000000E+00,6.198131E+03,0.000000E+00,4.370045E-01,0.000000E+00,5.315497E+03,0.000000E+00,3.747717E-01,0.000000E+00,4.577301E+03,0.000000E+00,3.227465E-01,0.000000E+00,5.629709E+03,0.000000E+00,3.969427E-01,0.000000E+00,6.577429E+03,0.000000E+00,4.637467E-01,0.000000E+00,5.589770E+03,0.000000E+00,3.941091E-01
19:50:00,0.000000E+00,2.732097E+03,0.000000E+00,1.925894E-01,0.000000E+00,3.504060E+03,0.000000E+00,2.470709E-01,0.000000E+00,3.622093E+03,0.000000E+00,2.553770E-01,0.000000E+00,2.633562E+03,0.000000E+00,1.856796E-01,0.000000E+00,4.355767E+03,0.000000E+00,3.071254E-01,0.000000E+00,5.395872E+03,0.000000E+00,3.804530E-01,0.000000E+00,6.175039E+03,0.000000E+00,4.353754E-01,0.000000E+00,5.281589E+03,0.000000E+00,3.723803E-01,0.000000E+00,4.544172E+03,0.000000E+00,3.204096E-01,0.000000E+00,5.590261E+03,0.000000E+00,3.941602E-01,0.000000E+00,6.540389E+03,0.000000E+00,4.611342E-01,0.000000E+00,5.550771E+03,0.000000E+00,3.913588E-01
20:00:00,0.000000E+00,2.700725E+03,0.000000E+00,1.903780E-01,0.000000E+00,3.460501E+03,0.000000E+00,2.439988E-01,0.000000E+00,3.577244E+03,0.000000E+00,2.522142E-01,0.000000E+00,2.596737E+03,0.000000E+00,1.830826E-01,0.000000E+00,4.327582E+03,0.000000E+00,3.051371E-01,0.000000E+00,5.360608E+03,0.000000E+00,3.779654E-01,0.000000E+00,6.147757E+03,0.000000E+00,4.334507E-01,0.000000E+00,5.246910E+03,0.000000E+00,3.699345E-01,0.000000E+00,4.509675E+03,0.000000E+00,3.179761E-01,0.000000E+00,5.547042E+03,0.000000E+00,3.911115E-01,0.000000E+00,6.498368E+03,0.000000E+00,4.581702E-01,0.000000E+00,5.510573E+03,0.000000E+00,3.885238E-01
20:10:00,0.000000E+00,2.674771E+03,0.000000E+00,1.885486E-01,0.000000E+00,3.420264E+03,0.000000E+00,2.411610E-01,0.000000E+00,3.536686E+03,0.000000E+00,2.493539E-01,0.000000E+00,2.566045E+03,0.000000E+00,1.809182E-01,0.000000E+00,4.303942E+03,0.000000E+00,3.034692E-01,0.000000E+00,5.327074E+03,0.000000E+00,3.755998E-01,0.000000E+00,6.122351E+03,0.000000E+00,4.316582E-01,0.000000E+00,5.217015E+03,0.000000E+00,3.678259E-01,0.000000E+00,4.481039E+03,0.000000E+00,3.159560E-01,0.000000E+00,5.507698E+03,0.000000E+00,3.883362E-01,0.000000E+00,6.458967E+03,0.000000E+00,4.553909E-01,0.000000E+00,5.475673E+03,0.000000E+00,3.860623E-01
20:20:00,0.000000E+00,2.648357E+03,0.000000E+00,1.866867E-01,0.000000E+00,3.376809E+03,0.000000E+00,2.380963E-01,0.000000E+00,3.495489E+03,0.000000E+00,2.464487E-01,0.000000E+00,2.537251E+03,0.000000E+00,1.788876E-01,0.000000E+00,4.279749E+03,0.000000E+00,3.017624E-01,0.000000E+00,5.289084E+03,0.000000E+00,3.729200E-01,0.000000E+00,6.095148E+03,0.000000E+00,4.297391E-01,0.000000E+00,5.188791E+03,0.000000E+00,3.658351E-01,0.000000E+00,4.451871E+03,0.000000E+00,3.138983E-01,0.000000E+00,5.464512E+03,0.000000E+00,3.852900E-01,0.000000E+00,6.417520E+03,0.000000E+00,4.524674E-01,0.000000E+00,5.441440E+03,0.000000E+00,3.836478E-01
20:30:00,0.000000E+00,2.621329E+03,0.000000E+00,1.847815E-01,0.000000E+00,3.329293E+03,0.000000E+00,2.347454E-01,0.000000E+00,3.454024E+03,0.000000E+00,2.435245E-01,0.000000E+00,2.510417E+03,0.000000E+00,1.769953E-01,0.000000E+00,4.254849E+03,0.000000E+00,3.000058E-01,0.000000E+00,5.245849E+03,0.000000E+00,3.698706E-01,0.000000E+00,6.066609E+03,0.000000E+00,4.277259E-01,0.000000E+00,5.162430E+03,0.000000E+00,3.639758E-01,0.000000E+00,4.422084E+03,0.000000E+00,3.117972E-01,0.000000E+00,5.417328E+03,0.000000E+00,3.819621E-01,0.000000E+00,6.374769E+03,0.000000E+00,4.494522E-01,0.000000E+00,5.408212E+03,0.000000E+00,3.813044E-01
20:40:00,0.000000E+00,2.593687E+03,0.000000E+00,1.828331E-01,0.000000E+00,3.278082E+03,0.000000E+00,2.311340E-01,0.000000E+00,3.412569E+03,0.000000E+00,2.406013E-01,0.000000E+00,2.485644E+03,0.000000E+00,1.752485E-01,0.000000E+00,4.229219E+03,0.000000E+00,2.981979E-01,0.000000E+00,5.197649E+03,0.000000E+00,3.664714E-01,0.000000E+00,6.037104E+03,0.000000E+00,4.256447E-01,0.000000E+00,5.138107E+03,0.000000E+00,3.622603E-01,0.000000E+00,4.391692E+03,0.000000E+00,3.096536E-01,0.000000E+00,5.366210E+03,0.000000E+00,3.783569E-01,0.000000E+00,6.331197E+03,0.000000E+00,4.463792E-01,0.000000E+00,5.376312E+03,0.000000E+00,3.790546E-01
20:50:00,0.000000E+00,2.565714E+03,0.000000E+00,1.808612E-01,0.000000E+00,3.223463E+03,0.000000E+00,2.272824E-01,0.000000E+00,3.371067E+03,0.000000E+00,2.376747E-01,0.000000E+00,2.462645E+03,0.000000E+00,1.736267E-01,0.000000E+00,4.203070E+03,0.000000E+00,2.963536E-01,0.000000E+00,5.144686E+03,0.000000E+00,3.627363E-01,0.000000E+00,6.006627E+03,0.000000E+00,4.234952E-01,0.000000E+00,5.115636E+03,0.000000E+00,3.606755E-01,0.000000E+00,4.360726E+03,0.000000E+00,3.074696E-01,0.000000E+00,5.311303E+03,0.000000E+00,3.744847E-01,0.000000E+00,6.286821E+03,0.000000E+00,4.432497E-01,0.000000E+00,5.345762E+03,0.000000E+00,3.769001E-01
21:00:00,0.000000E+00,2.537849E+03,0.000000E+00,1.788970E-01,0.000000E+00,3.164986E+03,0.000000E+00,2.231589E-01,0.000000E+00,3.327585E+03,0.000000E+00,2.346087E-01,0.000000E+00,2.439299E+03,0.000000E+00,1.719805E-01,0.000000E+00,4.176742E+03,0.000000E+00,2.944966E-01,0.000000E+00,5.086384E+03,0.000000E+00,3.586249E-01,0.000000E+00,5.973480E+03,0.000000E+00,4.211575E-01,0.000000E+00,5.093232E+03,0.000000E+00,3.590954E-01,0.000000E+00,4.328981E+03,0.000000E+00,3.052307E-01,0.000000E+00,5.251783E+03,0.000000E+00,3.702874E-01,0.000000E+00,6.239353E+03,0.000000E+00,4.399022E-01,0.000000E+00,5.314922E+03,0.000000E+00,3.747252E-01
21:10:00,0.000000E+00,2.499256E+03,0.000000E+00,1.761766E-01,0.000000E+00,3.094287E+03,0.000000E+00,2.181736E-01,0.000000E+00,3.268761E+03,0.000000E+00,2.304609E-01,0.000000E+00,2.401203E+03,0.000000E+00,1.692943E-01,0.000000E+00,4.139334E+03,0.000000E+00,2.918584E-01,0.000000E+00,5.014103E+03,0.000000E+00,3.535279E-01,0.000000E+00,5.924001E+03,0.000000E+00,4.176683E-01,0.000000E+00,5.056169E+03,0.000000E+00,3.564818E-01,0.000000E+00,4.286013E+03,0.000000E+00,3.022004E-01,0.000000E+00,5.178482E+03,0.000000E+00,3.651183E-01,0.000000E+00,6.175684E+03,0.000000E+00,4.354126E-01,0.000000E+00,5.269540E+03,0.000000E+00,3.715251E-01
21:20:00,0.000000E+00,2.460680E+03,0.000000E+00,1.734573E-01,0.000000E+00,3.023090E+03,0.000000E+00,2.131531E-01,0.000000E+00,3.207718E+03,0.000000E+00,2.261565E-01,0.000000E+00,2.362795E+03,0.000000E+00,1.665860E-01,0.000000E+00,4.101696E+03,0.000000E+00,2.892039E-01,0.000000E+00,4.939602E+03,0.000000E+00,3.482742E-01,0.000000E+00,5.871494E+03,0.000000E+00,4.139655E-01,0.000000E+00,5.018933E+03,0.000000E+00,3.538558E-01,0.000000E+00,4.242757E+03,0.000000E+00,2.991497E-01,0.000000E+00,5.102605E+03,0.000000E+00,3.597675E-01,0.000000E+00,6.108861E+03,0.000000E+00,4.307004E-01,0.000000E+00,5.223902E+03,0.000000E+00,3.683067E-01
21:30:00,0.000000E+00,2.422014E+03,0.000000E+00,1.707317E-01,0.000000E+00,2.951306E+03,0.000000E+00,2.080914E-01,0.000000E+00,3.143344E+03,0.000000E+00,2.216173E-01,0.000000E+00,2.323426E+03,0.000000E+00,1.638099E-01,0.000000E+00,4.063728E+03,0.000000E+00,2.865262E-01,0.000000E+00,4.862848E+03,0.000000E+00,3.428619E-01,0.000000E+00,5.814899E+03,0.000000E+00,4.099745E-01,0.000000E+00,4.980840E+03,0.000000E+00,3.511696E-01,0.000000E+00,4.199170E+03,0.000000E+00,2.960758E-01,0.000000E+00,5.024433E+03,0.000000E+00,3.542551E-01,0.000000E+00,6.037737E+03,0.000000E+00,4.256851E-01,0.000000E+00,5.177301E+03,0.000000E+00,3.650206E-01
21:40:00,0.000000E+00,2.383221E+03,0.000000E+00,1.679971E-01,0.000000E+00,2.879061E+03,0.000000E+00,2.029973E-01,0.000000E+00,3.074658E+03,0.000000E+00,2.167742E-01,0.000000E+00,2.282583E+03,0.000000E+00,1.609300E-01,0.000000E+00,4.025412E+03,0.000000E+00,2.838241E-01,0.000000E+00,4.783957E+03,0.000000E+00,3.372992E-01,0.000000E+00,5.753257E+03,0.000000E+00,4.056279E-01,0.000000E+00,4.941282E+03,0.000000E+00,3.483801E-01,0.000000E+00,4.155261E+03,0.000000E+00,2.929794E-01,0.000000E+00,4.944184E+03,0.000000E+00,3.485963E-01,0.000000E+00,5.961281E+03,0.000000E+00,4.202940E-01,0.000000E+00,5.129097E+03,0.000000E+00,3.616215E-01
21:50:00,0.000000E+00,2.344297E+03,0.000000E+00,1.652533E-01,0.000000E+00,2.806647E+03,0.000000E+00,1.978914E-01,0.000000E+00,3.000947E+03,0.000000E+00,2.115768E-01,0.000000E+00,2.239826E+03,0.000000E+00,1.579151E-01,0.000000E+00,3.986753E+03,0.000000E+00,2.810980E-01,0.000000E+00,4.703226E+03,0.000000E+00,3.316068E-01,0.000000E+00,5.685844E+03,0.000000E+00,4.008745E-01,0.000000E+00,4.899726E+03,0.000000E+00,3.454500E-01,0.000000E+00,4.111053E+03,0.000000E+00,2.898620E-01,0.000000E+00,4.862145E+03,0.000000E+00,3.428116E-01,0.000000E+00,5.878742E+03,0.000000E+00,4.144741E-01,0.000000E+00,5.078745E+03,0.000000E+00,3.580712E-01
22:00:00,0.000000E+00,2.305732E+03,0.000000E+00,1.625348E-01,0.000000E+00,2.734966E+03,0.000000E+00,1.928374E-01,0.000000E+00,2.923235E+03,0.000000E+00,2.060974E-01,0.000000E+00,2.195882E+03,0.000000E+00,1.548166E-01,0.000000E+00,3.948151E+03,0.000000E+00,2.783759E-01,0.000000E+00,4.621501E+03,0.000000E+00,3.258445E-01,0.000000E+00,5.613418E+03,0.000000E+00,3.957678E-01,0.000000E+00,4.856660E+03,0.000000E+00,3.424134E-01,0.000000E+00,4.067091E+03,0.000000E+00,2.867620E-01,0.000000E+00,4.779207E+03,0.000000E+00,3.369636E-01,0.000000E+00,5.791372E+03,0.000000E+00,4.083138E-01,0.000000E+00,5.027089E+03,0.000000E+00,3.544290E-01
22:10:00,0.000000E+00,2.222777E+03,0.000000E+00,1.566872E-01,0.000000E+00,2.621989E+03,0.000000E+00,1.848717E-01,0.000000E+00,2.789530E+03,0.000000E+00,1.966703E-01,0.000000E+00,2.097878E+03,0.000000E+00,1.479068E-01,0.000000E+00,3.867860E+03,0.000000E+00,2.727145E-01,0.000000E+00,4.493999E+03,0.000000E+00,3.168546E-01,0.000000E+00,5.488058E+03,0.000000E+00,3.869290E-01,0.000000E+00,4.763055E+03,0.000000E+00,3.358136E-01,0.000000E+00,3.978100E+03,0.000000E+00,2.804872E-01,0.000000E+00,4.646905E+03,0.000000E+00,3.276351E-01,0.000000E+00,5.646247E+03,0.000000E+00,3.980815E-01,0.000000E+00,4.920460E+03,0.000000E+00,3.469110E-01
22:20:00,0.000000E+00,2.136874E+03,0.000000E+00,1.506317E-01,0.000000E+00,2.504175E+03,0.000000E+00,1.765646E-01,0.000000E+00,2.645289E+03,0.000000E+00,1.865000E-01,0.000000E+00,1.993683E+03,0.000000E+00,1.405599E-01,0.000000E+00,3.784451E+03,0.000000E+00,2.668327E-01,0.000000E+00,4.359321E+03,0.000000E+00,3.073582E-01,0.000000E+00,5.351418E+03,0.000000E+00,3.772944E-01,0.000000E+00,4.662877E+03,0.000000E+00,3.287499E-01,0.000000E+00,3.886636E+03,0.000000E+00,2.740373E-01,0.000000E+00,4.510471E+03,0.000000E+00,3.180147E-01,0.000000E+00,5.489687E+03,0.000000E+00,3.870424E-01,0.000000E+00,4.807630E+03,0.000000E+00,3.389552E-01
22:30:00,0.000000E+00,2.049319E+03,0.000000E+00,1.444598E-01,0.000000E+00,2.385483E+03,0.000000E+00,1.681953E-01,0.000000E+00,2.492751E+03,0.000000E+00,1.757446E-01,0.000000E+00,1.884661E+03,0.000000E+00,1.328727E-01,0.000000E+00,3.699001E+03,0.000000E+00,2.608067E-01,0.000000E+00,4.221790E+03,0.000000E+00,2.976603E-01,0.000000E+00,5.205339E+03,0.000000E+00,3.669940E-01,0.000000E+00,4.557285E+03,0.000000E+00,3.213043E-01,0.000000E+00,3.793412E+03,0.000000E+00,2.674632E-01,0.000000E+00,4.371510E+03,0.000000E+00,3.082158E-01,0.000000E+00,5.323460E+03,0.000000E+00,3.753214E-01,0.000000E+00,4.689435E+03,0.000000E+00,3.306209E-01
22:40:00,0.000000E+00,1.960467E+03,0.000000E+00,1.381965E-01,0.000000E+00,2.266232E+03,0.000000E+00,1.597864E-01,0.000000E+00,2.330941E+03,0.000000E+00,1.643354E-01,0.000000E+00,1.770586E+03,0.000000E+00,1.248292E-01,0.000000E+00,3.611867E+03,0.000000E+00,2.546617E-01,0.000000E+00,4.081892E+03,0.000000E+00,2.877954E-01,0.000000E+00,5.048958E+03,0.000000E+00,3.559669E-01,0.000000E+00,4.445995E+03,0.000000E+00,3.134566E-01,0.000000E+00,3.698600E+03,0.000000E+00,2.607768E-01,0.000000E+00,4.230220E+03,0.000000E+00,2.982525E-01,0.000000E+00,5.145888E+03,0.000000E+00,3.628003E-01,0.000000E+00,4.565139E+03,0.000000E+00,3.218563E-01
22:50:00,0.000000E+00,1.870694E+03,0.000000E+00,1.318682E-01,0.000000E+00,2.147898E+03,0.000000E+00,1.514420E-01,0.000000E+00,2.164743E+03,0.000000E+00,1.526169E-01,0.000000E+00,1.653076E+03,0.000000E+00,1.165435E-01,0.000000E+00,3.523380E+03,0.000000E+00,2.484211E-01,0.000000E+00,3.941644E+03,0.000000E+00,2.779055E-01,0.000000E+00,4.886302E+03,0.000000E+00,3.444972E-01,0.000000E+00,4.330328E+03,0.000000E+00,3.053002E-01,0.000000E+00,3.602541E+03,0.000000E+00,2.540022E-01,0.000000E+00,4.088929E+03,0.000000E+00,2.882890E-01,0.000000E+00,4.962493E+03,0.000000E+00,3.498684E-01,0.000000E+00,4.436521E+03,0.000000E+00,3.127868E-01
23:00:00,0.000000E+00,1.780160E+03,0.000000E+00,1.254863E-01,0.000000E+00,2.031372E+03,0.000000E+00,1.432251E-01,0.000000E+00,1.996214E+03,0.000000E+00,1.407340E-01,0.000000E+00,1.532766E+03,0.000000E+00,1.080604E-01,0.000000E+00,3.433702E+03,0.000000E+00,2.420965E-01,0.000000E+00,3.802589E+03,0.000000E+00,2.680998E-01,0.000000E+00,4.719330E+03,0.000000E+00,3.327232E-01,0.000000E+00,4.210884E+03,0.000000E+00,2.968775E-01,0.000000E+00,3.505382E+03,0.000000E+00,2.471501E-01,0.000000E+00,3.948899E+03,0.000000E+00,2.784143E-01,0.000000E+00,4.775352E+03,0.000000E+00,3.366724E-01,0.000000E+00,4.304214E+03,0.000000E+00,3.034571E-01
23:10:00,0.000000E+00,1.696514E+03,0.000000E+00,1.195899E-01,0.000000E+00,1.924404E+03,0.000000E+00,1.356822E-01,0.000000E+00,1.836939E+03,0.000000E+00,1.295038E-01,0.000000E+00,1.420033E+03,0.000000E+00,1.001118E-01,0.000000E+00,3.350198E+03,0.000000E+00,2.362073E-01,0.000000E+00,3.674015E+03,0.000000E+00,2.590333E-01,0.000000E+00,4.559087E+03,0.000000E+00,3.214238E-01,0.000000E+00,4.097628E+03,0.000000E+00,2.888911E-01,0.000000E+00,3.414791E+03,0.000000E+00,2.407613E-01,0.000000E+00,3.819062E+03,0.000000E+00,2.692584E-01,0.000000E+00,4.596261E+03,0.000000E+00,3.240441E-01,0.000000E+00,4.178658E+03,0.000000E+00,2.946034E-01
23:20:00,0.000000E+00,1.612511E+03,0.000000E+00,1.136684E-01,0.000000E+00,1.821455E+03,0.000000E+00,1.284228E-01,0.000000E+00,1.680081E+03,0.000000E+00,1.184445E-01,0.000000E+00,1.306094E+03,0.000000E+00,9.207850E-02,0.000000E+00,3.265914E+03,0.000000E+00,2.302634E-01,0.000000E+00,3.549358E+03,0.000000E+00,2.502432E-01,0.000000E+00,4.399069E+03,0.000000E+00,3.101406E-01,0.000000E+00,3.982114E+03,0.000000E+00,2.807457E-01,0.000000E+00,3.323455E+03,0.000000E+00,2.343201E-01,0.000000E+00,3.692725E+03,0.000000E+00,2.603497E-01,0.000000E+00,4.418537E+03,0.000000E+00,3.115125E-01,0.000000E+00,4.051019E+03,0.000000E+00,2.856033E-01
23:30:00,0.000000E+00,1.528197E+03,0.000000E+00,1.077249E-01,0.000000E+00,1.721914E+03,0.000000E+00,1.214038E-01,0.000000E+00,1.528385E+03,0.000000E+00,1.077493E-01,0.000000E+00,1.192064E+03,0.000000E+00,8.403892E-02,0.000000E+00,3.180899E+03,0.000000E+00,2.242680E-01,0.000000E+00,3.428610E+03,0.000000E+00,2.417288E-01,0.000000E+00,4.241843E+03,0.000000E+00,2.990544E-01,0.000000E+00,3.865402E+03,0.000000E+00,2.725160E-01,0.000000E+00,3.231503E+03,0.000000E+00,2.278356E-01,0.000000E+00,3.570346E+03,0.000000E+00,2.517202E-01,0.000000E+00,4.245397E+03,0.000000E+00,2.993044E-01,0.000000E+00,3.922709E+03,0.000000E+00,2.765559E-01
23:40:00,0.000000E+00,1.443741E+03,0.000000E+00,1.017715E-01,0.000000E+00,1.626309E+03,0.000000E+00,1.146624E-01,0.000000E+00,1.385620E+03,0.000000E+00,9.768371E-02,0.000000E+00,1.079541E+03,0.000000E+00,7.610551E-02,0.000000E+00,3.095302E+03,0.000000E+00,2.182317E-01,0.000000E+00,3.312475E+03,0.000000E+00,2.335398E-01,0.000000E+00,4.090930E+03,0.000000E+00,2.884134E-01,0.000000E+00,3.749000E+03,0.000000E+00,2.643082E-01,0.000000E+00,3.139139E+03,0.000000E+00,2.213222E-01,0.000000E+00,3.452685E+03,0.000000E+00,2.434233E-01,0.000000E+00,4.081210E+03,0.000000E+00,2.877276E-01,0.000000E+00,3.795607E+03,0.000000E+00,2.675937E-01
23:50:00,0.000000E+00,1.359039E+03,0.000000E+00,9.580064E-02,0.000000E+00,1.533428E+03,0.000000E+00,1.081131E-01,0.000000E+00,1.248259E+03,0.000000E+00,8.799923E-02,0.000000E+00,9.675274E+02,0.000000E+00,6.820811E-02,0.000000E+00,3.009060E+03,0.000000E+00,2.121499E-01,0.000000E+00,3.199549E+03,0.000000E+00,2.255770E-01,0.000000E+00,3.943799E+03,0.000000E+00,2.780392E-01,0.000000E+00,3.632241E+03,0.000000E+00,2.560753E-01,0.000000E+00,3.046260E+03,0.000000E+00,2.147725E-01,0.000000E+00,3.337929E+03,0.000000E+00,2.353315E-01,0.000000E+00,3.921846E+03,0.000000E+00,2.764910E-01,0.000000E+00,3.668533E+03,0.000000E+00,2.586336E-01
24:00:00,0.000000E+00,1.273365E+03,0.000000E+00,8.976129E-02,0.000000E+00,1.441896E+03,0.000000E+00,1.016589E-01,0.000000E+00,1.111516E+03,0.000000E+00,7.835839E-02,0.000000E+00,8.533651E+02,0.000000E+00,6.015923E-02,0.000000E+00,2.921592E+03,0.000000E+00,2.059817E-01,0.000000E+00,3.088052E+03,0.000000E+00,2.177151E-01,0.000000E+00,3.796681E+03,0.000000E+00,2.676660E-01,0.000000E+00,3.512917E+03,0.000000E+00,2.476616E-01,0.000000E+00,2.951844E+03,0.000000E+00,2.081143E-01,0.000000E+00,3.224022E+03,0.000000E+00,2.272995E-01,0.000000E+00,3.761890E+03,0.000000E+00,2.652128E-01,0.000000E+00,3.537946E+03,0.000000E+00,2.494258E-01
Peak,1.529222E+01,2.870743E+03,1.350968E-03,2.023619E-01,0.000000E+00,3.684273E+03,0.000000E+00,2.597785E-01,5.263523E+02,3.803353E+03,3.714375E-02,2.681580E-01,5.084636E+02,2.795205E+03,3.588066E-02,1.970783E-01,0.000000E+00,4.476566E+03,0.000000E+00,3.156434E-01,0.000000E+00,5.515266E+03,0.000000E+00,3.888721E-01,0.000000E+00,6.246242E+03,0.000000E+00,4.403955E-01,0.000000E+00,5.424602E+03,0.000000E+00,3.824625E-01,0.000000E+00,4.698651E+03,0.000000E+00,3.313025E-01,0.000000E+00,5.754917E+03,0.000000E+00,4.057706E-01,0.000000E+00,6.672872E+03,0.000000E+00,4.704750E-01,0.000000E+00,5.833450E+03,0.000000E+00,4.112514E-01

Peak Vol Flow (m3/s),,,1.213360E-03,1.817495E-01,,,0.000000E+00,2.333178E-01,,,3.336033E-02,2.408437E-01,,,3.222590E-02,1.770041E-01,,,0.000000E+00,2.834923E-01,,,0.000000E+00,3.492620E-01,,,0.000000E+00,3.955373E-01,,,0.000000E+00,3.435053E-01,,,0.000000E+00,2.975564E-01,,,0.000000E+00,3.644392E-01,,,0.000000E+00,4.225529E-01,,,0.000000E+00,3.693617E-01
