Time,01_A1:AMBLER ANN HTG WIND 99.6% CONDNS WS=>MCDB:Des Heat Load [W],01_A1:AMBLER ANN CLG .4% CONDNS DB=>MWB:Des Sens Cool Load [W],01_A1:AMBLER ANN HTG WIND 99.6% CONDNS WS=>MCDB:Des Heat Mass Flow [kg/s],01_A1:AMBLER ANN CLG .4% CONDNS DB=>MWB:Des Cool Mass Flow [kg/s],01_A2::Des Heat Load [W],01_A2:AMBLER ANN CLG .4% CONDNS DB=>MWB:Des Sens Cool Load [W],01_A2::Des Heat Mass Flow [kg/s],01_A2:AMBLER ANN CLG .4% CONDNS DB=>MWB:Des Cool Mass Flow [kg/s],01_B2:AMBLER ANN HTG 99.6% CONDNS DB:Des Heat Load [W],01_B2:AMBLER ANN CLG .4% CONDNS DB=>MWB:Des Sens Cool Load [W],01_B2:AMBLER ANN HTG 99.6% CONDNS DB:Des Heat Mass Flow [kg/s],01_B2:AMBLER ANN CLG .4% CONDNS DB=>MWB:Des Cool Mass Flow [kg/s],01_C1:AMBLER ANN HTG 99.6% CONDNS DB:Des Heat Load [W],01_C1:AMBLER ANN CLG .4% CONDNS DB=>MWB:Des Sens Cool Load [W],01_C1:AMBLER ANN HTG 99.6% CONDNS DB:Des Heat Mass Flow [kg/s],01_C1:AMBLER ANN CLG .4% CONDNS DB=>MWB:Des Cool Mass Flow [kg/s],02_A1::Des Heat Load [W],02_A1:AMBLER ANN CLG .4% CONDNS DB=>MWB:Des Sens Cool Load [W],02_A1::Des Heat Mass Flow [kg/s],02_A1:AMBLER ANN CLG .4% CONDNS DB=>MWB:Des Cool Mass Flow [kg/s],02_A2::Des Heat Load [W],02_A2:AMBLER ANN CLG .4% CONDNS DB=>MWB:Des Sens Cool Load [W],02_A2::Des Heat Mass Flow [kg/s],02_A2:AMBLER ANN CLG .4% CONDNS DB=>MWB:Des Cool Mass Flow [kg/s],02_B2::Des Heat Load [W],02_B2:AMBLER ANN CLG .4% CONDNS DB=>MWB:Des Sens Cool Load [W],02_B2::Des Heat Mass Flow [kg/s],02_B2:AMBLER ANN CLG .4% CONDNS DB=>MWB:Des Cool Mass Flow [kg/s],02_C1::Des Heat Load [W],02_C1:AMBLER ANN CLG .4% CONDNS DB=>MWB:Des Sens Cool Load [W],02_C1::Des Heat Mass Flow [kg/s],02_C1:AMBLER ANN CLG .4% CONDNS DB=>MWB:Des Cool Mass Flow [kg/s],03_A1::Des Heat Load [W],03_A1:AMBLER ANN CLG .4% CONDNS DB=>MWB:Des Sens Cool Load [W],03_A1::Des Heat Mass Flow [kg/s],03_A1:AMBLER ANN CLG .4% CONDNS DB=>MWB:Des Cool Mass Flow [kg/s],03_A2::Des Heat Load [W],03_A2:AMBLER ANN CLG .4% CONDNS DB=>MWB:Des Sens Cool Load [W],03_A2::Des Heat Mass Flow [kg/s],03_A2:AMBLER ANN CLG .4% CONDNS DB=>MWB:Des Cool Mass Flow [kg/s],03_B2:AMBLER ANN HTG 99.6% CONDNS DB:Des Heat Load [W],03_B2:AMBLER ANN CLG .4% CONDNS DB=>MWB:Des Sens Cool Load [W],03_B2:AMBLER ANN HTG 99.6% CONDNS DB:Des Heat Mass Flow [kg/s],03_B2:AMBLER ANN CLG .4% CONDNS DB=>MWB:Des Cool Mass Flow [kg/s],03_C1::Des Heat Load [W],03_C1:AMBLER ANN CLG .4% CONDNS DB=>MWB:Des Sens Cool Load [W],03_C1::Des Heat Mass Flow [kg/s],03_C1:AMBLER ANN CLG .4% CONDNS DB=>MWB:Des Cool Mass Flow [kg/s]
00:10:00,0.000000E+00,1.250675E+03,0.000000E+00,8.816159E-02,0.000000E+00,1.434291E+03,0.000000E+00,1.011207E-01,0.000000E+00,1.090030E+03,0.000000E+00,7.684276E-02,0.000000E+00,8.480272E+02,0.000000E+00,5.978230E-02,0.000000E+00,2.922368E+03,0.000000E+00,2.060334E-01,0.000000E+00,3.109664E+03,0.000000E+00,2.192354E-01,0.000000E+00,3.804256E+03,0.000000E+00,2.681968E-01,0.000000E+00,3.550895E+03,0.000000E+00,2.503361E-01,0.000000E+00,2.966464E+03,0.000000E+00,2.091421E-01,0.000000E+00,3.257086E+03,0.000000E+00,2.296274E-01,0.000000E+00,3.790004E+03,0.000000E+00,2.671916E-01,0.000000E+00,3.601309E+03,0.000000E+00,2.538900E-01
00:20:00,0.000000E+00,1.169740E+03,0.000000E+00,8.245638E-02,0.000000E+00,1.349746E+03,0.000000E+00,9.515958E-02,0.000000E+00,9.685013E+02,0.000000E+00,6.827509E-02,0.000000E+00,7.439274E+02,0.000000E+00,5.244340E-02,0.000000E+00,2.838633E+03,0.000000E+00,2.001288E-01,0.000000E+00,3.004135E+03,0.000000E+00,2.117945E-01,0.000000E+00,3.668739E+03,0.000000E+00,2.586418E-01,0.000000E+00,3.439283E+03,0.000000E+00,2.424666E-01,0.000000E+00,2.875956E+03,0.000000E+00,2.027599E-01,0.000000E+00,3.149190E+03,0.000000E+00,2.220196E-01,0.000000E+00,3.644243E+03,0.000000E+00,2.569145E-01,0.000000E+00,3.479602E+03,0.000000E+00,2.453087E-01
00:30:00,0.000000E+00,1.088862E+03,0.000000E+00,7.675510E-02,0.000000E+00,1.267151E+03,0.000000E+00,8.933602E-02,0.000000E+00,8.532247E+02,0.000000E+00,6.014822E-02,0.000000E+00,6.417054E+02,0.000000E+00,4.523694E-02,0.000000E+00,2.754535E+03,0.000000E+00,1.941986E-01,0.000000E+00,2.900828E+03,0.000000E+00,2.045103E-01,0.000000E+00,3.538261E+03,0.000000E+00,2.494423E-01,0.000000E+00,3.328802E+03,0.000000E+00,2.346767E-01,0.000000E+00,2.785302E+03,0.000000E+00,1.963676E-01,0.000000E+00,3.043429E+03,0.000000E+00,2.145623E-01,0.000000E+00,3.504775E+03,0.000000E+00,2.470812E-01,0.000000E+00,3.359716E+03,0.000000E+00,2.368559E-01
00:40:00,0.000000E+00,1.008062E+03,0.000000E+00,7.105935E-02,0.000000E+00,1.186036E+03,0.000000E+00,8.361677E-02,0.000000E+00,7.430283E+02,0.000000E+00,5.237952E-02,0.000000E+00,5.411681E+02,0.000000E+00,3.814926E-02,0.000000E+00,2.670108E+03,0.000000E+00,1.882453E-01,0.000000E+00,2.799080E+03,0.000000E+00,1.973362E-01,0.000000E+00,3.411931E+03,0.000000E+00,2.405352E-01,0.000000E+00,3.219335E+03,0.000000E+00,2.269585E-01,0.000000E+00,2.694537E+03,0.000000E+00,1.899674E-01,0.000000E+00,2.939300E+03,0.000000E+00,2.072201E-01,0.000000E+00,3.370537E+03,0.000000E+00,2.376167E-01,0.000000E+00,3.241484E+03,0.000000E+00,2.285197E-01
00:50:00,0.000000E+00,9.282778E+02,0.000000E+00,6.543526E-02,0.000000E+00,1.107408E+03,0.000000E+00,7.807289E-02,0.000000E+00,6.443302E+02,0.000000E+00,4.542143E-02,0.000000E+00,4.460368E+02,0.000000E+00,3.144268E-02,0.000000E+00,2.586126E+03,0.000000E+00,1.823234E-01,0.000000E+00,2.700154E+03,0.000000E+00,1.903609E-01,0.000000E+00,3.295036E+03,0.000000E+00,2.322934E-01,0.000000E+00,3.114152E+03,0.000000E+00,2.195423E-01,0.000000E+00,2.604981E+03,0.000000E+00,1.836525E-01,0.000000E+00,2.838874E+03,0.000000E+00,2.001391E-01,0.000000E+00,3.249368E+03,0.000000E+00,2.290735E-01,0.000000E+00,3.129980E+03,0.000000E+00,2.206578E-01
01:00:00,0.000000E+00,8.485918E+02,0.000000E+00,5.981805E-02,0.000000E+00,1.029807E+03,0.000000E+00,7.260139E-02,2.538815E+01,5.478852E+02,1.795278E-03,3.862222E-02,0.000000E+00,3.518053E+02,0.000000E+00,2.479957E-02,0.000000E+00,2.501908E+03,0.000000E+00,1.763849E-01,0.000000E+00,2.602246E+03,0.000000E+00,1.834574E-01,0.000000E+00,3.180602E+03,0.000000E+00,2.242251E-01,0.000000E+00,3.009696E+03,0.000000E+00,2.121773E-01,0.000000E+00,2.515295E+03,0.000000E+00,1.773285E-01,0.000000E+00,2.739054E+03,0.000000E+00,1.931008E-01,0.000000E+00,3.130600E+03,0.000000E+00,2.206998E-01,0.000000E+00,3.019278E+03,0.000000E+00,2.128525E-01
01:10:00,0.000000E+00,8.109710E+02,0.000000E+00,5.716609E-02,0.000000E+00,9.929637E+02,0.000000E+00,7.000340E-02,6.896252E+01,5.000157E+02,4.869817E-03,3.524743E-02,1.349256E+01,3.064240E+02,9.584270E-04,2.160027E-02,0.000000E+00,2.456853E+03,0.000000E+00,1.732074E-01,0.000000E+00,2.546000E+03,0.000000E+00,1.794912E-01,0.000000E+00,3.111520E+03,0.000000E+00,2.193540E-01,0.000000E+00,2.950601E+03,0.000000E+00,2.080104E-01,0.000000E+00,2.467967E+03,0.000000E+00,1.739908E-01,0.000000E+00,2.684485E+03,0.000000E+00,1.892527E-01,0.000000E+00,3.061154E+03,0.000000E+00,2.158031E-01,0.000000E+00,2.957838E+03,0.000000E+00,2.085203E-01
01:20:00,0.000000E+00,7.759967E+02,0.000000E+00,5.470067E-02,0.000000E+00,9.603501E+02,0.000000E+00,6.770408E-02,1.184163E+02,4.558370E+02,8.359352E-03,3.213308E-02,6.010520E+01,2.641834E+02,4.247212E-03,1.862261E-02,0.000000E+00,2.414099E+03,0.000000E+00,1.701927E-01,0.000000E+00,2.494691E+03,0.000000E+00,1.758734E-01,0.000000E+00,3.046266E+03,0.000000E+00,2.147533E-01,0.000000E+00,2.894539E+03,0.000000E+00,2.040576E-01,0.000000E+00,2.422604E+03,0.000000E+00,1.707921E-01,0.000000E+00,2.632290E+03,0.000000E+00,1.855724E-01,0.000000E+00,2.995135E+03,0.000000E+00,2.111485E-01,0.000000E+00,2.899080E+03,0.000000E+00,2.043776E-01
01:30:00,0.000000E+00,7.425215E+02,0.000000E+00,5.234093E-02,0.000000E+00,9.293045E+02,0.000000E+00,6.551534E-02,1.731200E+02,4.138882E+02,1.221941E-02,2.917594E-02,9.869708E+01,2.239084E+02,6.970283E-03,1.578352E-02,0.000000E+00,2.372710E+03,0.000000E+00,1.672743E-01,0.000000E+00,2.445147E+03,0.000000E+00,1.723802E-01,0.000000E+00,2.983419E+03,0.000000E+00,2.103223E-01,0.000000E+00,2.840340E+03,0.000000E+00,2.002364E-01,0.000000E+00,2.378603E+03,0.000000E+00,1.676897E-01,0.000000E+00,2.581696E+03,0.000000E+00,1.820052E-01,0.000000E+00,2.931493E+03,0.000000E+00,2.066615E-01,0.000000E+00,2.842204E+03,0.000000E+00,2.003676E-01
01:40:00,0.000000E+00,7.101251E+02,0.000000E+00,5.005725E-02,0.000000E+00,8.993701E+02,0.000000E+00,6.340494E-02,2.312052E+02,3.735032E+02,1.631814E-02,2.632903E-02,1.462262E+02,1.849964E+02,1.032390E-02,1.304052E-02,0.000000E+00,2.332288E+03,0.000000E+00,1.644241E-01,0.000000E+00,2.396944E+03,0.000000E+00,1.689816E-01,0.000000E+00,2.922351E+03,0.000000E+00,2.060168E-01,0.000000E+00,2.787496E+03,0.000000E+00,1.965106E-01,0.000000E+00,2.335714E+03,0.000000E+00,1.646656E-01,0.000000E+00,2.532399E+03,0.000000E+00,1.785294E-01,0.000000E+00,2.869776E+03,0.000000E+00,2.023103E-01,0.000000E+00,2.786874E+03,0.000000E+00,1.964666E-01
01:50:00,0.000000E+00,6.785976E+02,0.000000E+00,4.783481E-02,0.000000E+00,8.703079E+02,0.000000E+00,6.135603E-02,2.922672E+02,3.343967E+02,2.062696E-02,2.357225E-02,1.974877E+02,1.472191E+02,1.394096E-02,1.037752E-02,0.000000E+00,2.292639E+03,0.000000E+00,1.616286E-01,0.000000E+00,2.349804E+03,0.000000E+00,1.656580E-01,0.000000E+00,2.862748E+03,0.000000E+00,2.018146E-01,0.000000E+00,2.735766E+03,0.000000E+00,1.928635E-01,0.000000E+00,2.293781E+03,0.000000E+00,1.617090E-01,0.000000E+00,2.484216E+03,0.000000E+00,1.751322E-01,0.000000E+00,2.809709E+03,0.000000E+00,1.980754E-01,0.000000E+00,2.732892E+03,0.000000E+00,1.926608E-01
02:00:00,0.000000E+00,6.478199E+02,0.000000E+00,4.566524E-02,0.000000E+00,8.419943E+02,0.000000E+00,5.935987E-02,3.305854E+02,2.964122E+02,2.332714E-02,2.089456E-02,2.522566E+02,1.104435E+02,1.780554E-02,7.785134E-03,0.000000E+00,2.253656E+03,0.000000E+00,1.588800E-01,0.000000E+00,2.303595E+03,0.000000E+00,1.624001E-01,0.000000E+00,2.804438E+03,0.000000E+00,1.977036E-01,0.000000E+00,2.685019E+03,0.000000E+00,1.892857E-01,0.000000E+00,2.252708E+03,0.000000E+00,1.588131E-01,0.000000E+00,2.437058E+03,0.000000E+00,1.718074E-01,0.000000E+00,2.751131E+03,0.000000E+00,1.939456E-01,0.000000E+00,2.680137E+03,0.000000E+00,1.889414E-01
02:10:00,1.235867E+00,6.261839E+02,1.091814E-04,4.414007E-02,0.000000E+00,8.223378E+02,0.000000E+00,5.797403E-02,3.625362E+02,2.687803E+02,2.558208E-02,1.894667E-02,3.061604E+02,8.400839E+01,2.160276E-02,5.921692E-03,0.000000E+00,2.223173E+03,0.000000E+00,1.567307E-01,0.000000E+00,2.266496E+03,0.000000E+00,1.597844E-01,0.000000E+00,2.755909E+03,0.000000E+00,1.942822E-01,0.000000E+00,2.643903E+03,0.000000E+00,1.863869E-01,0.000000E+00,2.220975E+03,0.000000E+00,1.565756E-01,0.000000E+00,2.399902E+03,0.000000E+00,1.691877E-01,0.000000E+00,2.703318E+03,0.000000E+00,1.905747E-01,0.000000E+00,2.638028E+03,0.000000E+00,1.859726E-01
02:20:00,4.302481E+00,6.056685E+02,3.800983E-04,4.269390E-02,0.000000E+00,8.040916E+02,0.000000E+00,5.668770E-02,3.912843E+02,2.425893E+02,2.761108E-02,1.710039E-02,3.302419E+02,6.147175E+01,2.330248E-02,4.333092E-03,0.000000E+00,2.193751E+03,0.000000E+00,1.546563E-01,0.000000E+00,2.231133E+03,0.000000E+00,1.572913E-01,0.000000E+00,2.709020E+03,0.000000E+00,1.909765E-01,0.000000E+00,2.604176E+03,0.000000E+00,1.835861E-01,0.000000E+00,2.190336E+03,0.000000E+00,1.544155E-01,0.000000E+00,2.363942E+03,0.000000E+00,1.666524E-01,0.000000E+00,2.657109E+03,0.000000E+00,1.873169E-01,0.000000E+00,2.597339E+03,0.000000E+00,1.831040E-01
02:30:00,8.855591E+00,5.859730E+02,7.823386E-04,4.130553E-02,0.000000E+00,7.866136E+02,0.000000E+00,5.545552E-02,4.171322E+02,2.174958E+02,2.943542E-02,1.533149E-02,3.652863E+02,4.217251E+01,2.577556E-02,2.972701E-03,0.000000E+00,2.165144E+03,0.000000E+00,1.526393E-01,0.000000E+00,2.196779E+03,0.000000E+00,1.548692E-01,0.000000E+00,2.663456E+03,0.000000E+00,1.877642E-01,0.000000E+00,2.565545E+03,0.000000E+00,1.808625E-01,0.000000E+00,2.160622E+03,0.000000E+00,1.523205E-01,0.000000E+00,2.329013E+03,0.000000E+00,1.641898E-01,0.000000E+00,2.612278E+03,0.000000E+00,1.841563E-01,0.000000E+00,2.557862E+03,0.000000E+00,1.803209E-01
02:40:00,1.471252E+01,5.669424E+02,1.299764E-03,3.996403E-02,0.000000E+00,7.697596E+02,0.000000E+00,5.426735E-02,4.416053E+02,1.932902E+02,3.116269E-02,1.362517E-02,3.939401E+02,2.565567E+01,2.779784E-02,1.808442E-03,0.000000E+00,2.137213E+03,0.000000E+00,1.506701E-01,0.000000E+00,2.163293E+03,0.000000E+00,1.525084E-01,0.000000E+00,2.619036E+03,0.000000E+00,1.846326E-01,0.000000E+00,2.527846E+03,0.000000E+00,1.782047E-01,0.000000E+00,2.131704E+03,0.000000E+00,1.502816E-01,0.000000E+00,2.294971E+03,0.000000E+00,1.617898E-01,0.000000E+00,2.568651E+03,0.000000E+00,1.810806E-01,0.000000E+00,2.519442E+03,0.000000E+00,1.776122E-01
02:50:00,2.174768E+01,5.484830E+02,1.921280E-03,3.866279E-02,0.000000E+00,7.534377E+02,0.000000E+00,5.311667E-02,4.649300E+02,1.698606E+02,3.280889E-02,1.197356E-02,4.211877E+02,1.167070E+01,2.972084E-02,8.226546E-04,0.000000E+00,2.109880E+03,0.000000E+00,1.487430E-01,0.000000E+00,2.130575E+03,0.000000E+00,1.502017E-01,0.000000E+00,2.575657E+03,0.000000E+00,1.815743E-01,0.000000E+00,2.490985E+03,0.000000E+00,1.756060E-01,0.000000E+00,2.103499E+03,0.000000E+00,1.482931E-01,0.000000E+00,2.261735E+03,0.000000E+00,1.594466E-01,0.000000E+00,2.526124E+03,0.000000E+00,1.780824E-01,0.000000E+00,2.481980E+03,0.000000E+00,1.749712E-01
03:00:00,2.986148E+01,5.305138E+02,2.638087E-03,3.739611E-02,0.000000E+00,7.375720E+02,0.000000E+00,5.199816E-02,4.872870E+02,1.471048E+02,3.438676E-02,1.036945E-02,4.470620E+02,0.000000E+00,3.154692E-02,0.000000E+00,0.000000E+00,2.083077E+03,0.000000E+00,1.468533E-01,0.000000E+00,2.098544E+03,0.000000E+00,1.479435E-01,0.000000E+00,2.533228E+03,0.000000E+00,1.785831E-01,0.000000E+00,2.454883E+03,0.000000E+00,1.730608E-01,0.000000E+00,2.075920E+03,0.000000E+00,1.463487E-01,0.000000E+00,2.229199E+03,0.000000E+00,1.571527E-01,0.000000E+00,2.484574E+03,0.000000E+00,1.751532E-01,0.000000E+00,2.445370E+03,0.000000E+00,1.723902E-01
03:10:00,2.862561E+01,5.172238E+02,2.528906E-03,3.645928E-02,0.000000E+00,7.260524E+02,0.000000E+00,5.118603E-02,5.040901E+02,1.296340E+02,3.557271E-02,9.137896E-03,4.670508E+02,0.000000E+00,3.295771E-02,0.000000E+00,0.000000E+00,2.060723E+03,0.000000E+00,1.452772E-01,0.000000E+00,2.071262E+03,0.000000E+00,1.460201E-01,0.000000E+00,2.496010E+03,0.000000E+00,1.759593E-01,0.000000E+00,2.423860E+03,0.000000E+00,1.708737E-01,0.000000E+00,2.053215E+03,0.000000E+00,1.447479E-01,0.000000E+00,2.201886E+03,0.000000E+00,1.552271E-01,0.000000E+00,2.448681E+03,0.000000E+00,1.726227E-01,0.000000E+00,2.414331E+03,0.000000E+00,1.702019E-01
03:20:00,2.555900E+01,5.046077E+02,2.257989E-03,3.556994E-02,0.000000E+00,7.153408E+02,0.000000E+00,5.043091E-02,5.199236E+02,1.130041E+02,3.669012E-02,7.965642E-03,4.858309E+02,0.000000E+00,3.428314E-02,0.000000E+00,0.000000E+00,2.039103E+03,0.000000E+00,1.437530E-01,0.000000E+00,2.045089E+03,0.000000E+00,1.441749E-01,0.000000E+00,2.459953E+03,0.000000E+00,1.734173E-01,0.000000E+00,2.393800E+03,0.000000E+00,1.687545E-01,0.000000E+00,2.031276E+03,0.000000E+00,1.432012E-01,0.000000E+00,2.175450E+03,0.000000E+00,1.533633E-01,0.000000E+00,2.413913E+03,0.000000E+00,1.701716E-01,0.000000E+00,2.384273E+03,0.000000E+00,1.680828E-01
03:30:00,2.100589E+01,4.941304E+02,1.855748E-03,3.483138E-02,0.000000E+00,7.055988E+02,0.000000E+00,4.974415E-02,5.349400E+02,1.031428E+02,3.774984E-02,7.270497E-03,5.035740E+02,0.000000E+00,3.553536E-02,0.000000E+00,0.000000E+00,2.019397E+03,0.000000E+00,1.423637E-01,0.000000E+00,2.020516E+03,0.000000E+00,1.424425E-01,0.000000E+00,2.429847E+03,0.000000E+00,1.712948E-01,0.000000E+00,2.370606E+03,0.000000E+00,1.671193E-01,0.000000E+00,2.012059E+03,0.000000E+00,1.418463E-01,0.000000E+00,2.151333E+03,0.000000E+00,1.516631E-01,0.000000E+00,2.387334E+03,0.000000E+00,1.682979E-01,0.000000E+00,2.363942E+03,0.000000E+00,1.666495E-01
03:40:00,1.514896E+01,4.853188E+02,1.338323E-03,3.421023E-02,0.000000E+00,6.965920E+02,0.000000E+00,4.910923E-02,5.493147E+02,9.766001E+01,3.876424E-02,6.884004E-03,5.204790E+02,0.000000E+00,3.672841E-02,0.000000E+00,0.000000E+00,2.001295E+03,0.000000E+00,1.410874E-01,0.000000E+00,1.997135E+03,0.000000E+00,1.407942E-01,0.000000E+00,2.404111E+03,0.000000E+00,1.694806E-01,0.000000E+00,2.352952E+03,0.000000E+00,1.658748E-01,0.000000E+00,1.994795E+03,0.000000E+00,1.406292E-01,0.000000E+00,2.128434E+03,0.000000E+00,1.500487E-01,0.000000E+00,2.365885E+03,0.000000E+00,1.667858E-01,0.000000E+00,2.350331E+03,0.000000E+00,1.656900E-01
03:50:00,8.113797E+00,4.783859E+02,7.168074E-04,3.372151E-02,0.000000E+00,6.881541E+02,0.000000E+00,4.851441E-02,5.631336E+02,9.638044E+01,3.973940E-02,6.793807E-03,5.366519E+02,0.000000E+00,3.786978E-02,0.000000E+00,0.000000E+00,1.984989E+03,0.000000E+00,1.399379E-01,0.000000E+00,1.974712E+03,0.000000E+00,1.392134E-01,0.000000E+00,2.382675E+03,0.000000E+00,1.679694E-01,0.000000E+00,2.341165E+03,0.000000E+00,1.650438E-01,0.000000E+00,1.979725E+03,0.000000E+00,1.395668E-01,0.000000E+00,2.106667E+03,0.000000E+00,1.485142E-01,0.000000E+00,2.349407E+03,0.000000E+00,1.656241E-01,0.000000E+00,2.343706E+03,0.000000E+00,1.652230E-01
04:00:00,0.000000E+00,4.743996E+02,0.000000E+00,3.344050E-02,0.000000E+00,6.802947E+02,0.000000E+00,4.796037E-02,5.764707E+02,1.008613E+02,4.068053E-02,7.109669E-03,5.521846E+02,0.000000E+00,3.896595E-02,0.000000E+00,0.000000E+00,1.971375E+03,0.000000E+00,1.389781E-01,0.000000E+00,1.953323E+03,0.000000E+00,1.377054E-01,0.000000E+00,2.366900E+03,0.000000E+00,1.668573E-01,0.000000E+00,2.337999E+03,0.000000E+00,1.648207E-01,0.000000E+00,1.968004E+03,0.000000E+00,1.387405E-01,0.000000E+00,2.086160E+03,0.000000E+00,1.470684E-01,0.000000E+00,2.339747E+03,0.000000E+00,1.649432E-01,0.000000E+00,2.347710E+03,0.000000E+00,1.655054E-01
04:10:00,0.000000E+00,4.829839E+02,0.000000E+00,3.404559E-02,0.000000E+00,6.814075E+02,0.000000E+00,4.803886E-02,5.783621E+02,1.219756E+02,4.081394E-02,8.598052E-03,5.553725E+02,2.055024E+00,3.919097E-02,1.455582E-04,0.000000E+00,1.969762E+03,0.000000E+00,1.388644E-01,0.000000E+00,1.941703E+03,0.000000E+00,1.368862E-01,0.000000E+00,2.367490E+03,0.000000E+00,1.668990E-01,0.000000E+00,2.355760E+03,0.000000E+00,1.660729E-01,0.000000E+00,1.969337E+03,0.000000E+00,1.388344E-01,0.000000E+00,2.076154E+03,0.000000E+00,1.463630E-01,1.131765E+01,2.347899E+03,7.988921E-04,1.655180E-01,0.000000E+00,2.374943E+03,0.000000E+00,1.674254E-01
04:20:00,0.000000E+00,4.964455E+02,0.000000E+00,3.499449E-02,0.000000E+00,6.833845E+02,0.000000E+00,4.817839E-02,5.796785E+02,1.492700E+02,4.090659E-02,1.052214E-02,5.578809E+02,3.599865E+01,3.936784E-02,2.538176E-03,0.000000E+00,1.972616E+03,0.000000E+00,1.390657E-01,0.000000E+00,1.931605E+03,0.000000E+00,1.361744E-01,0.000000E+00,2.374479E+03,0.000000E+00,1.673919E-01,0.000000E+00,2.385071E+03,0.000000E+00,1.681396E-01,0.000000E+00,1.975961E+03,0.000000E+00,1.393016E-01,0.000000E+00,2.067647E+03,0.000000E+00,1.457633E-01,2.244595E+01,2.363489E+03,1.584043E-03,1.666173E-01,0.000000E+00,2.415892E+03,0.000000E+00,1.703125E-01
04:30:00,0.000000E+00,5.141444E+02,0.000000E+00,3.624207E-02,0.000000E+00,6.855341E+02,0.000000E+00,4.833006E-02,5.804520E+02,1.767023E+02,4.096092E-02,1.245599E-02,5.597031E+02,7.063353E+01,3.949628E-02,4.979709E-03,0.000000E+00,1.979567E+03,0.000000E+00,1.395558E-01,0.000000E+00,1.921856E+03,0.000000E+00,1.354872E-01,0.000000E+00,2.383011E+03,0.000000E+00,1.679935E-01,0.000000E+00,2.421460E+03,0.000000E+00,1.707052E-01,0.000000E+00,1.986954E+03,0.000000E+00,1.400767E-01,0.000000E+00,2.059026E+03,0.000000E+00,1.451556E-01,3.965236E+01,2.379474E+03,2.798029E-03,1.677444E-01,0.000000E+00,2.463541E+03,0.000000E+00,1.736720E-01
04:40:00,0.000000E+00,5.389328E+02,0.000000E+00,3.798940E-02,0.000000E+00,6.880523E+02,0.000000E+00,4.850772E-02,5.808429E+02,2.082935E+02,4.098825E-02,1.468306E-02,5.610205E+02,1.249787E+02,3.958909E-02,8.810701E-03,0.000000E+00,1.993012E+03,0.000000E+00,1.405038E-01,0.000000E+00,1.912947E+03,0.000000E+00,1.348592E-01,0.000000E+00,2.396158E+03,0.000000E+00,1.689205E-01,0.000000E+00,2.470745E+03,0.000000E+00,1.741800E-01,0.000000E+00,2.005775E+03,0.000000E+00,1.414037E-01,0.000000E+00,2.051595E+03,0.000000E+00,1.446318E-01,6.157294E+01,2.401069E+03,4.344650E-03,1.692669E-01,0.000000E+00,2.526869E+03,0.000000E+00,1.781369E-01
04:50:00,0.000000E+00,5.702078E+02,0.000000E+00,4.019396E-02,0.000000E+00,6.910289E+02,0.000000E+00,4.871768E-02,5.808963E+02,2.424957E+02,4.099177E-02,1.709424E-02,5.618798E+02,1.944179E+02,3.964956E-02,1.370598E-02,0.000000E+00,2.012773E+03,0.000000E+00,1.418971E-01,0.000000E+00,1.905008E+03,0.000000E+00,1.342996E-01,0.000000E+00,2.412805E+03,0.000000E+00,1.700942E-01,0.000000E+00,2.532185E+03,0.000000E+00,1.785118E-01,0.000000E+00,2.031864E+03,0.000000E+00,1.432431E-01,0.000000E+00,2.045316E+03,0.000000E+00,1.441892E-01,8.779735E+01,2.426669E+03,6.194958E-03,1.710718E-01,0.000000E+00,2.604283E+03,0.000000E+00,1.835950E-01
05:00:00,0.000000E+00,6.069109E+02,0.000000E+00,4.278115E-02,0.000000E+00,6.944079E+02,0.000000E+00,4.895600E-02,5.806536E+02,2.763909E+02,4.097439E-02,1.948384E-02,5.623279E+02,2.782814E+02,3.968102E-02,1.961838E-02,0.000000E+00,2.038163E+03,0.000000E+00,1.436873E-01,0.000000E+00,1.897931E+03,0.000000E+00,1.338007E-01,0.000000E+00,2.430533E+03,0.000000E+00,1.713442E-01,0.000000E+00,2.602650E+03,0.000000E+00,1.834799E-01,0.000000E+00,2.064209E+03,0.000000E+00,1.455236E-01,0.000000E+00,2.040092E+03,0.000000E+00,1.438209E-01,1.181103E+02,2.453132E+03,8.333770E-03,1.729376E-01,0.000000E+00,2.691414E+03,0.000000E+00,1.897380E-01
05:10:00,0.000000E+00,6.730895E+02,0.000000E+00,4.744606E-02,0.000000E+00,7.200787E+02,0.000000E+00,5.076591E-02,5.520008E+02,3.368509E+02,3.895228E-02,2.374624E-02,5.334683E+02,4.090825E+02,3.764438E-02,2.883953E-02,0.000000E+00,2.092023E+03,0.000000E+00,1.474845E-01,0.000000E+00,1.915508E+03,0.000000E+00,1.350399E-01,0.000000E+00,2.474475E+03,0.000000E+00,1.744421E-01,0.000000E+00,2.707522E+03,0.000000E+00,1.908736E-01,0.000000E+00,2.127258E+03,0.000000E+00,1.499687E-01,0.000000E+00,2.062405E+03,0.000000E+00,1.453940E-01,1.067926E+02,2.507710E+03,7.534878E-03,1.767854E-01,0.000000E+00,2.815517E+03,0.000000E+00,1.984875E-01
05:20:00,4.706173E+00,7.446381E+02,4.091278E-04,5.248951E-02,0.000000E+00,7.486645E+02,0.000000E+00,5.278167E-02,5.217432E+02,3.955677E+02,3.681674E-02,2.788626E-02,5.029484E+02,5.218319E+02,3.549039E-02,3.679039E-02,0.000000E+00,2.151877E+03,0.000000E+00,1.517046E-01,0.000000E+00,1.936669E+03,0.000000E+00,1.365321E-01,0.000000E+00,2.518584E+03,0.000000E+00,1.775520E-01,0.000000E+00,2.819425E+03,0.000000E+00,1.987632E-01,0.000000E+00,2.196445E+03,0.000000E+00,1.548468E-01,0.000000E+00,2.087172E+03,0.000000E+00,1.471403E-01,9.738185E+01,2.561712E+03,6.870916E-03,1.805927E-01,0.000000E+00,2.946513E+03,0.000000E+00,2.077233E-01
05:30:00,4.706173E+00,8.199648E+02,4.091278E-04,5.779927E-02,0.000000E+00,7.784866E+02,0.000000E+00,5.488456E-02,4.903675E+02,4.505902E+02,3.460231E-02,3.176586E-02,4.711138E+02,6.472447E+02,3.324363E-02,4.563429E-02,0.000000E+00,2.216453E+03,0.000000E+00,1.562577E-01,0.000000E+00,1.959744E+03,0.000000E+00,1.381591E-01,0.000000E+00,2.560806E+03,0.000000E+00,1.805288E-01,0.000000E+00,2.935836E+03,0.000000E+00,2.069706E-01,0.000000E+00,2.270556E+03,0.000000E+00,1.600721E-01,0.000000E+00,2.113969E+03,0.000000E+00,1.490298E-01,8.550288E+01,2.613079E+03,6.032793E-03,1.842143E-01,0.000000E+00,3.081829E+03,0.000000E+00,2.172636E-01
05:40:00,4.706173E+00,8.964381E+02,4.091278E-04,6.318986E-02,0.000000E+00,8.092299E+02,0.000000E+00,5.705239E-02,4.582946E+02,4.986318E+02,3.233870E-02,3.515329E-02,4.384001E+02,7.652191E+02,3.093484E-02,5.395424E-02,0.000000E+00,2.283561E+03,0.000000E+00,1.609893E-01,0.000000E+00,1.984363E+03,0.000000E+00,1.398951E-01,0.000000E+00,2.598302E+03,0.000000E+00,1.831725E-01,0.000000E+00,3.051521E+03,0.000000E+00,2.151269E-01,0.000000E+00,2.346926E+03,0.000000E+00,1.654567E-01,0.000000E+00,2.142443E+03,0.000000E+00,1.510375E-01,7.141579E+01,2.658407E+03,5.038847E-03,1.874101E-01,0.000000E+00,3.214835E+03,0.000000E+00,2.266410E-01
05:50:00,4.706173E+00,9.742844E+02,4.091278E-04,6.867723E-02,0.000000E+00,8.408214E+02,0.000000E+00,5.927999E-02,4.256380E+02,5.403910E+02,3.003393E-02,3.809776E-02,4.049045E+02,8.796840E+02,2.857089E-02,6.202688E-02,0.000000E+00,2.353177E+03,0.000000E+00,1.658976E-01,0.000000E+00,2.010451E+03,0.000000E+00,1.417347E-01,0.000000E+00,2.631265E+03,0.000000E+00,1.854966E-01,0.000000E+00,3.166299E+03,0.000000E+00,2.232191E-01,0.000000E+00,2.425895E+03,0.000000E+00,1.710245E-01,0.000000E+00,2.172634E+03,0.000000E+00,1.531662E-01,5.591604E+01,2.698450E+03,3.945202E-03,1.902333E-01,0.000000E+00,3.346218E+03,0.000000E+00,2.359039E-01
06:00:00,4.706173E+00,1.053336E+03,4.091278E-04,7.424957E-02,0.000000E+00,8.732116E+02,0.000000E+00,6.156387E-02,3.924670E+02,5.764728E+02,2.769288E-02,4.064188E-02,3.706951E+02,9.906360E+02,2.615658E-02,6.985185E-02,0.000000E+00,2.425090E+03,0.000000E+00,1.709679E-01,0.000000E+00,2.037939E+03,0.000000E+00,1.436729E-01,0.000000E+00,2.659992E+03,0.000000E+00,1.875220E-01,0.000000E+00,3.280012E+03,0.000000E+00,2.312362E-01,0.000000E+00,2.507305E+03,0.000000E+00,1.767644E-01,0.000000E+00,2.204449E+03,0.000000E+00,1.554095E-01,3.902189E+01,2.733729E+03,2.753143E-03,1.927206E-01,0.000000E+00,3.476086E+03,0.000000E+00,2.450598E-01
06:10:00,4.706173E+00,1.153337E+03,4.091278E-04,8.129864E-02,0.000000E+00,9.244080E+02,0.000000E+00,6.517368E-02,3.389364E+02,6.287877E+02,2.391543E-02,4.433052E-02,3.165460E+02,1.119360E+03,2.233551E-02,7.893033E-02,0.000000E+00,2.517168E+03,0.000000E+00,1.774599E-01,0.000000E+00,2.085501E+03,0.000000E+00,1.470264E-01,0.000000E+00,2.703708E+03,0.000000E+00,1.906040E-01,0.000000E+00,3.411211E+03,0.000000E+00,2.404859E-01,0.000000E+00,2.611271E+03,0.000000E+00,1.840944E-01,0.000000E+00,2.259757E+03,0.000000E+00,1.593090E-01,3.902189E+01,2.786584E+03,2.753143E-03,1.964469E-01,0.000000E+00,3.626186E+03,0.000000E+00,2.556420E-01
06:20:00,0.000000E+00,1.256134E+03,0.000000E+00,8.854479E-02,0.000000E+00,9.795880E+02,0.000000E+00,6.906475E-02,2.830833E+02,6.795917E+02,1.997435E-02,4.791313E-02,2.598499E+02,1.247908E+03,1.833498E-02,8.799719E-02,0.000000E+00,2.613117E+03,0.000000E+00,1.842250E-01,0.000000E+00,2.137755E+03,0.000000E+00,1.507109E-01,0.000000E+00,2.746930E+03,0.000000E+00,1.936515E-01,0.000000E+00,3.544254E+03,0.000000E+00,2.498658E-01,0.000000E+00,2.718918E+03,0.000000E+00,1.916843E-01,0.000000E+00,2.318007E+03,0.000000E+00,1.634162E-01,3.730439E+01,2.838330E+03,2.631954E-03,2.000953E-01,0.000000E+00,3.777584E+03,0.000000E+00,2.663159E-01
06:30:00,0.000000E+00,1.360570E+03,0.000000E+00,9.590648E-02,0.000000E+00,1.036342E+03,0.000000E+00,7.306687E-02,2.260434E+02,7.295590E+02,1.594954E-02,5.143668E-02,2.016954E+02,1.375591E+03,1.423158E-02,9.700267E-02,0.000000E+00,2.711932E+03,0.000000E+00,1.911922E-01,0.000000E+00,2.192367E+03,0.000000E+00,1.545618E-01,0.000000E+00,2.789958E+03,0.000000E+00,1.966853E-01,0.000000E+00,3.678394E+03,0.000000E+00,2.593231E-01,0.000000E+00,2.829399E+03,0.000000E+00,1.994741E-01,0.000000E+00,2.378638E+03,0.000000E+00,1.676914E-01,3.197695E+01,2.889702E+03,2.256091E-03,2.037174E-01,0.000000E+00,3.929731E+03,0.000000E+00,2.770426E-01
06:40:00,0.000000E+00,1.466012E+03,0.000000E+00,1.033390E-01,0.000000E+00,1.094430E+03,0.000000E+00,7.716298E-02,1.680035E+02,7.795823E+02,1.185418E-02,5.496408E-02,1.422742E+02,1.502450E+03,1.003881E-02,1.059495E-01,0.000000E+00,2.813015E+03,0.000000E+00,1.983196E-01,0.000000E+00,2.249057E+03,0.000000E+00,1.585592E-01,0.000000E+00,2.833554E+03,0.000000E+00,1.997593E-01,0.000000E+00,3.813582E+03,0.000000E+00,2.688543E-01,0.000000E+00,2.942158E+03,0.000000E+00,2.074245E-01,0.000000E+00,2.441401E+03,0.000000E+00,1.721169E-01,2.414346E+01,2.941723E+03,1.703415E-03,2.073853E-01,0.000000E+00,4.082724E+03,0.000000E+00,2.878291E-01
06:50:00,0.000000E+00,1.572004E+03,0.000000E+00,1.108105E-01,0.000000E+00,1.153655E+03,0.000000E+00,8.133920E-02,1.091736E+02,8.307555E+02,7.703087E-03,5.857247E-02,8.176856E+01,1.628829E+03,5.769509E-03,1.148619E-01,0.000000E+00,2.915928E+03,0.000000E+00,2.055760E-01,0.000000E+00,2.307604E+03,0.000000E+00,1.626876E-01,0.000000E+00,2.878637E+03,0.000000E+00,2.029381E-01,0.000000E+00,3.950044E+03,0.000000E+00,2.784756E-01,0.000000E+00,3.056731E+03,0.000000E+00,2.155030E-01,0.000000E+00,2.506126E+03,0.000000E+00,1.766808E-01,1.341880E+01,2.995491E+03,9.467526E-04,2.111765E-01,0.000000E+00,4.236866E+03,0.000000E+00,2.986967E-01
07:00:00,0.000000E+00,1.678065E+03,0.000000E+00,1.182867E-01,0.000000E+00,1.213896E+03,0.000000E+00,8.558693E-02,4.962636E+01,8.839927E+02,3.501369E-03,6.232632E-02,2.026632E+01,1.754924E+03,1.429895E-03,1.237536E-01,0.000000E+00,3.020209E+03,0.000000E+00,2.129288E-01,0.000000E+00,2.367870E+03,0.000000E+00,1.669371E-01,0.000000E+00,2.926001E+03,0.000000E+00,2.062779E-01,0.000000E+00,4.087887E+03,0.000000E+00,2.881941E-01,0.000000E+00,3.172583E+03,0.000000E+00,2.236717E-01,0.000000E+00,2.572669E+03,0.000000E+00,1.813728E-01,0.000000E+00,3.051896E+03,0.000000E+00,2.151536E-01,0.000000E+00,4.392235E+03,0.000000E+00,3.096510E-01
07:10:00,0.000000E+00,1.777671E+03,0.000000E+00,1.253079E-01,0.000000E+00,1.270539E+03,0.000000E+00,8.958119E-02,3.759023E+01,9.308109E+02,2.652095E-03,6.562777E-02,1.270203E+01,1.870174E+03,8.961569E-04,1.318801E-01,0.000000E+00,3.119442E+03,0.000000E+00,2.199260E-01,0.000000E+00,2.424050E+03,0.000000E+00,1.708988E-01,0.000000E+00,2.967297E+03,0.000000E+00,2.091900E-01,0.000000E+00,4.216651E+03,0.000000E+00,2.972728E-01,0.000000E+00,3.283099E+03,0.000000E+00,2.314644E-01,0.000000E+00,2.634670E+03,0.000000E+00,1.857448E-01,0.000000E+00,3.102308E+03,0.000000E+00,2.187084E-01,0.000000E+00,4.538017E+03,0.000000E+00,3.199294E-01
07:20:00,0.000000E+00,1.876604E+03,0.000000E+00,1.322818E-01,0.000000E+00,1.327903E+03,0.000000E+00,9.362609E-02,2.834919E+01,9.807886E+02,2.000113E-03,6.915185E-02,7.935383E+00,1.985574E+03,5.598584E-04,1.400158E-01,0.000000E+00,3.219273E+03,0.000000E+00,2.269653E-01,0.000000E+00,2.481766E+03,0.000000E+00,1.749687E-01,0.000000E+00,3.011541E+03,0.000000E+00,2.123099E-01,0.000000E+00,4.346663E+03,0.000000E+00,3.064395E-01,0.000000E+00,3.394095E+03,0.000000E+00,2.392908E-01,0.000000E+00,2.698353E+03,0.000000E+00,1.902354E-01,0.000000E+00,3.156286E+03,0.000000E+00,2.225145E-01,0.000000E+00,4.685010E+03,0.000000E+00,3.302932E-01
07:30:00,0.000000E+00,1.974618E+03,0.000000E+00,1.391908E-01,0.000000E+00,1.386150E+03,0.000000E+00,9.773335E-02,2.042307E+01,1.033905E+03,1.440904E-03,7.289724E-02,4.722881E+00,2.100502E+03,3.332093E-04,1.481178E-01,0.000000E+00,3.319421E+03,0.000000E+00,2.340269E-01,0.000000E+00,2.541074E+03,0.000000E+00,1.791509E-01,0.000000E+00,3.058869E+03,0.000000E+00,2.156472E-01,0.000000E+00,4.477631E+03,0.000000E+00,3.156735E-01,0.000000E+00,3.505233E+03,0.000000E+00,2.471273E-01,0.000000E+00,2.763676E+03,0.000000E+00,1.948416E-01,0.000000E+00,3.214004E+03,0.000000E+00,2.265845E-01,0.000000E+00,4.832851E+03,0.000000E+00,3.407168E-01
07:40:00,0.000000E+00,2.071458E+03,0.000000E+00,1.460171E-01,0.000000E+00,1.445257E+03,0.000000E+00,1.019011E-01,1.321208E+01,1.090139E+03,9.321487E-04,7.686240E-02,2.452346E+00,2.214543E+03,1.730180E-04,1.561569E-01,0.000000E+00,3.419605E+03,0.000000E+00,2.410911E-01,0.000000E+00,2.601932E+03,0.000000E+00,1.834423E-01,0.000000E+00,3.109261E+03,0.000000E+00,2.192006E-01,0.000000E+00,4.608906E+03,0.000000E+00,3.249292E-01,0.000000E+00,3.616192E+03,0.000000E+00,2.549512E-01,0.000000E+00,2.830579E+03,0.000000E+00,1.995592E-01,0.000000E+00,3.275381E+03,0.000000E+00,2.309123E-01,0.000000E+00,4.980792E+03,0.000000E+00,3.511475E-01
07:50:00,0.000000E+00,2.166880E+03,0.000000E+00,1.527434E-01,0.000000E+00,1.505183E+03,0.000000E+00,1.061266E-01,6.439496E+00,1.148936E+03,4.543241E-04,8.100823E-02,9.123222E-01,2.326823E+03,6.436615E-05,1.640715E-01,0.000000E+00,3.519549E+03,0.000000E+00,2.481384E-01,0.000000E+00,2.664289E+03,0.000000E+00,1.878393E-01,0.000000E+00,3.162288E+03,0.000000E+00,2.229397E-01,0.000000E+00,4.739556E+03,0.000000E+00,3.341407E-01,0.000000E+00,3.726663E+03,0.000000E+00,2.627407E-01,0.000000E+00,2.898996E+03,0.000000E+00,2.043835E-01,0.000000E+00,3.339876E+03,0.000000E+00,2.354600E-01,0.000000E+00,5.127789E+03,0.000000E+00,3.615115E-01
08:00:00,0.000000E+00,2.260771E+03,0.000000E+00,1.593619E-01,0.000000E+00,1.565898E+03,0.000000E+00,1.104078E-01,0.000000E+00,1.209724E+03,0.000000E+00,8.529436E-02,0.000000E+00,2.436615E+03,0.000000E+00,1.718106E-01,0.000000E+00,3.619078E+03,0.000000E+00,2.551563E-01,0.000000E+00,2.728099E+03,0.000000E+00,1.923388E-01,0.000000E+00,3.217484E+03,0.000000E+00,2.268317E-01,0.000000E+00,4.868735E+03,0.000000E+00,3.432486E-01,0.000000E+00,3.836477E+03,0.000000E+00,2.704838E-01,0.000000E+00,2.968868E+03,0.000000E+00,2.093104E-01,0.000000E+00,3.406936E+03,0.000000E+00,2.401885E-01,0.000000E+00,5.272967E+03,0.000000E+00,3.717474E-01
08:10:00,0.000000E+00,2.298822E+03,0.000000E+00,1.620442E-01,0.000000E+00,1.576447E+03,0.000000E+00,1.111518E-01,0.000000E+00,1.208408E+03,0.000000E+00,8.520185E-02,0.000000E+00,2.475225E+03,0.000000E+00,1.745303E-01,0.000000E+00,3.666857E+03,0.000000E+00,2.585258E-01,0.000000E+00,2.741041E+03,0.000000E+00,1.932520E-01,0.000000E+00,3.214761E+03,0.000000E+00,2.266406E-01,0.000000E+00,4.931619E+03,0.000000E+00,3.476826E-01,0.000000E+00,3.890674E+03,0.000000E+00,2.743058E-01,0.000000E+00,2.982762E+03,0.000000E+00,2.102907E-01,0.000000E+00,3.411767E+03,0.000000E+00,2.405299E-01,0.000000E+00,5.346802E+03,0.000000E+00,3.769534E-01
08:20:00,0.000000E+00,2.332119E+03,0.000000E+00,1.643914E-01,0.000000E+00,1.582874E+03,0.000000E+00,1.116043E-01,0.000000E+00,1.205443E+03,0.000000E+00,8.499182E-02,0.000000E+00,2.507343E+03,0.000000E+00,1.767909E-01,0.000000E+00,3.710867E+03,0.000000E+00,2.616289E-01,0.000000E+00,2.750028E+03,0.000000E+00,1.938856E-01,0.000000E+00,3.210422E+03,0.000000E+00,2.263347E-01,0.000000E+00,4.988459E+03,0.000000E+00,3.516898E-01,0.000000E+00,3.941323E+03,0.000000E+00,2.778769E-01,0.000000E+00,2.995783E+03,0.000000E+00,2.112088E-01,0.000000E+00,3.415914E+03,0.000000E+00,2.408224E-01,0.000000E+00,5.414787E+03,0.000000E+00,3.817463E-01
08:30:00,0.000000E+00,2.362161E+03,0.000000E+00,1.665091E-01,0.000000E+00,1.589227E+03,0.000000E+00,1.120515E-01,0.000000E+00,1.201975E+03,0.000000E+00,8.474626E-02,0.000000E+00,2.534475E+03,0.000000E+00,1.786999E-01,0.000000E+00,3.752263E+03,0.000000E+00,2.645472E-01,0.000000E+00,2.759126E+03,0.000000E+00,1.945268E-01,0.000000E+00,3.205965E+03,0.000000E+00,2.260204E-01,0.000000E+00,5.040750E+03,0.000000E+00,3.553759E-01,0.000000E+00,3.989191E+03,0.000000E+00,2.812516E-01,0.000000E+00,3.009051E+03,0.000000E+00,2.121441E-01,0.000000E+00,3.420451E+03,0.000000E+00,2.411421E-01,0.000000E+00,5.478032E+03,0.000000E+00,3.862046E-01
08:40:00,0.000000E+00,2.389353E+03,0.000000E+00,1.684259E-01,0.000000E+00,1.595991E+03,0.000000E+00,1.125276E-01,0.000000E+00,1.198578E+03,0.000000E+00,8.450574E-02,0.000000E+00,2.557377E+03,0.000000E+00,1.803109E-01,0.000000E+00,3.791372E+03,0.000000E+00,2.673041E-01,0.000000E+00,2.768801E+03,0.000000E+00,1.952085E-01,0.000000E+00,3.201794E+03,0.000000E+00,2.257260E-01,0.000000E+00,5.089033E+03,0.000000E+00,3.587790E-01,0.000000E+00,4.034417E+03,0.000000E+00,2.844396E-01,0.000000E+00,3.022857E+03,0.000000E+00,2.131171E-01,0.000000E+00,3.425510E+03,0.000000E+00,2.414984E-01,0.000000E+00,5.536825E+03,0.000000E+00,3.903485E-01
08:50:00,0.000000E+00,2.413859E+03,0.000000E+00,1.701534E-01,0.000000E+00,1.603384E+03,0.000000E+00,1.130482E-01,0.000000E+00,1.195542E+03,0.000000E+00,8.429076E-02,0.000000E+00,2.576459E+03,0.000000E+00,1.816530E-01,0.000000E+00,3.828288E+03,0.000000E+00,2.699059E-01,0.000000E+00,2.779312E+03,0.000000E+00,1.959491E-01,0.000000E+00,3.198231E+03,0.000000E+00,2.254744E-01,0.000000E+00,5.133673E+03,0.000000E+00,3.619249E-01,0.000000E+00,4.077030E+03,0.000000E+00,2.874431E-01,0.000000E+00,3.037345E+03,0.000000E+00,2.141381E-01,0.000000E+00,3.431351E+03,0.000000E+00,2.419097E-01,0.000000E+00,5.591459E+03,0.000000E+00,3.941989E-01
09:00:00,0.000000E+00,2.435747E+03,0.000000E+00,1.716963E-01,0.000000E+00,1.611518E+03,0.000000E+00,1.136210E-01,0.000000E+00,1.193116E+03,0.000000E+00,8.411890E-02,0.000000E+00,2.592083E+03,0.000000E+00,1.827516E-01,0.000000E+00,3.863012E+03,0.000000E+00,2.723531E-01,0.000000E+00,2.790785E+03,0.000000E+00,1.967574E-01,0.000000E+00,3.195538E+03,0.000000E+00,2.252840E-01,0.000000E+00,5.174963E+03,0.000000E+00,3.648344E-01,0.000000E+00,4.117022E+03,0.000000E+00,2.902615E-01,0.000000E+00,3.052611E+03,0.000000E+00,2.152138E-01,0.000000E+00,3.438226E+03,0.000000E+00,2.423938E-01,0.000000E+00,5.642217E+03,0.000000E+00,3.977758E-01
09:10:00,0.000000E+00,2.466128E+03,0.000000E+00,1.738379E-01,0.000000E+00,1.631327E+03,0.000000E+00,1.150171E-01,0.000000E+00,1.207421E+03,0.000000E+00,8.512667E-02,0.000000E+00,2.623987E+03,0.000000E+00,1.849984E-01,0.000000E+00,3.906499E+03,0.000000E+00,2.754181E-01,0.000000E+00,2.814162E+03,0.000000E+00,1.984049E-01,0.000000E+00,3.209654E+03,0.000000E+00,2.262786E-01,0.000000E+00,5.232317E+03,0.000000E+00,3.688764E-01,0.000000E+00,4.165432E+03,0.000000E+00,2.936735E-01,0.000000E+00,3.079703E+03,0.000000E+00,2.171232E-01,0.000000E+00,3.462231E+03,0.000000E+00,2.440855E-01,0.000000E+00,5.708710E+03,0.000000E+00,4.024618E-01
09:20:00,0.000000E+00,2.493472E+03,0.000000E+00,1.757654E-01,0.000000E+00,1.651530E+03,0.000000E+00,1.164411E-01,0.000000E+00,1.221885E+03,0.000000E+00,8.614603E-02,0.000000E+00,2.651584E+03,0.000000E+00,1.869421E-01,0.000000E+00,3.947349E+03,0.000000E+00,2.782973E-01,0.000000E+00,2.838169E+03,0.000000E+00,2.000969E-01,0.000000E+00,3.224356E+03,0.000000E+00,2.273147E-01,0.000000E+00,5.285522E+03,0.000000E+00,3.726260E-01,0.000000E+00,4.210677E+03,0.000000E+00,2.968625E-01,0.000000E+00,3.107096E+03,0.000000E+00,2.190540E-01,0.000000E+00,3.486712E+03,0.000000E+00,2.458109E-01,0.000000E+00,5.770166E+03,0.000000E+00,4.067929E-01
09:30:00,0.000000E+00,2.517256E+03,0.000000E+00,1.774420E-01,0.000000E+00,1.671539E+03,0.000000E+00,1.178515E-01,0.000000E+00,1.236175E+03,0.000000E+00,8.715309E-02,0.000000E+00,2.674005E+03,0.000000E+00,1.885212E-01,0.000000E+00,3.985067E+03,0.000000E+00,2.809558E-01,0.000000E+00,2.862194E+03,0.000000E+00,2.017903E-01,0.000000E+00,3.239244E+03,0.000000E+00,2.283639E-01,0.000000E+00,5.333620E+03,0.000000E+00,3.760156E-01,0.000000E+00,4.252259E+03,0.000000E+00,2.997934E-01,0.000000E+00,3.134373E+03,0.000000E+00,2.209766E-01,0.000000E+00,3.511186E+03,0.000000E+00,2.475359E-01,0.000000E+00,5.825568E+03,0.000000E+00,4.106974E-01
09:40:00,0.000000E+00,2.537229E+03,0.000000E+00,1.788499E-01,0.000000E+00,1.691211E+03,0.000000E+00,1.192382E-01,0.000000E+00,1.250163E+03,0.000000E+00,8.813889E-02,0.000000E+00,2.690290E+03,0.000000E+00,1.896678E-01,0.000000E+00,4.019344E+03,0.000000E+00,2.833718E-01,0.000000E+00,2.886097E+03,0.000000E+00,2.034752E-01,0.000000E+00,3.254196E+03,0.000000E+00,2.294177E-01,0.000000E+00,5.375674E+03,0.000000E+00,3.789794E-01,0.000000E+00,4.289866E+03,0.000000E+00,3.024441E-01,0.000000E+00,3.161463E+03,0.000000E+00,2.228862E-01,0.000000E+00,3.535548E+03,0.000000E+00,2.492530E-01,0.000000E+00,5.874319E+03,0.000000E+00,4.141332E-01
09:50:00,0.000000E+00,2.553851E+03,0.000000E+00,1.800216E-01,0.000000E+00,1.710508E+03,0.000000E+00,1.205984E-01,0.000000E+00,1.263817E+03,0.000000E+00,8.910123E-02,0.000000E+00,2.699899E+03,0.000000E+00,1.903439E-01,0.000000E+00,4.049833E+03,0.000000E+00,2.855209E-01,0.000000E+00,2.909828E+03,0.000000E+00,2.051479E-01,0.000000E+00,3.269145E+03,0.000000E+00,2.304712E-01,0.000000E+00,5.410971E+03,0.000000E+00,3.814669E-01,0.000000E+00,4.323133E+03,0.000000E+00,3.047890E-01,0.000000E+00,3.188314E+03,0.000000E+00,2.247789E-01,0.000000E+00,3.559730E+03,0.000000E+00,2.509574E-01,0.000000E+00,5.915768E+03,0.000000E+00,4.170544E-01
10:00:00,0.000000E+00,2.566987E+03,0.000000E+00,1.809475E-01,0.000000E+00,1.729393E+03,0.000000E+00,1.219296E-01,0.000000E+00,1.277115E+03,0.000000E+00,9.003838E-02,0.000000E+00,2.702251E+03,0.000000E+00,1.905086E-01,0.000000E+00,4.076130E+03,0.000000E+00,2.873745E-01,0.000000E+00,2.933335E+03,0.000000E+00,2.068049E-01,0.000000E+00,3.284038E+03,0.000000E+00,2.315209E-01,0.000000E+00,5.438753E+03,0.000000E+00,3.834247E-01,0.000000E+00,4.351625E+03,0.000000E+00,3.067974E-01,0.000000E+00,3.214878E+03,0.000000E+00,2.266515E-01,0.000000E+00,3.583674E+03,0.000000E+00,2.526452E-01,0.000000E+00,5.949153E+03,0.000000E+00,4.194071E-01
10:10:00,0.000000E+00,2.584437E+03,0.000000E+00,1.821774E-01,0.000000E+00,1.755968E+03,0.000000E+00,1.238030E-01,0.000000E+00,1.300716E+03,0.000000E+00,9.170201E-02,0.000000E+00,2.708910E+03,0.000000E+00,1.909770E-01,0.000000E+00,4.105767E+03,0.000000E+00,2.894636E-01,0.000000E+00,2.964765E+03,0.000000E+00,2.090205E-01,0.000000E+00,3.309062E+03,0.000000E+00,2.332849E-01,0.000000E+00,5.469925E+03,0.000000E+00,3.856216E-01,0.000000E+00,4.383218E+03,0.000000E+00,3.090243E-01,0.000000E+00,3.249747E+03,0.000000E+00,2.291096E-01,0.000000E+00,3.618075E+03,0.000000E+00,2.550701E-01,0.000000E+00,5.985867E+03,0.000000E+00,4.219947E-01
10:20:00,0.000000E+00,2.597762E+03,0.000000E+00,1.831163E-01,0.000000E+00,1.782646E+03,0.000000E+00,1.256838E-01,0.000000E+00,1.324284E+03,0.000000E+00,9.336340E-02,0.000000E+00,2.707418E+03,0.000000E+00,1.908709E-01,0.000000E+00,4.130581E+03,0.000000E+00,2.912127E-01,0.000000E+00,2.996507E+03,0.000000E+00,2.112583E-01,0.000000E+00,3.334337E+03,0.000000E+00,2.350666E-01,0.000000E+00,5.492323E+03,0.000000E+00,3.872001E-01,0.000000E+00,4.409279E+03,0.000000E+00,3.108613E-01,0.000000E+00,3.284512E+03,0.000000E+00,2.315605E-01,0.000000E+00,3.652451E+03,0.000000E+00,2.574935E-01,0.000000E+00,6.013083E+03,0.000000E+00,4.239127E-01
10:30:00,0.000000E+00,2.605678E+03,0.000000E+00,1.836740E-01,0.000000E+00,1.809384E+03,0.000000E+00,1.275689E-01,0.000000E+00,1.348997E+03,0.000000E+00,9.510555E-02,0.000000E+00,2.696491E+03,0.000000E+00,1.900998E-01,0.000000E+00,4.149389E+03,0.000000E+00,2.925386E-01,0.000000E+00,3.028584E+03,0.000000E+00,2.135197E-01,0.000000E+00,3.360825E+03,0.000000E+00,2.369339E-01,0.000000E+00,5.504509E+03,0.000000E+00,3.880587E-01,0.000000E+00,4.428417E+03,0.000000E+00,3.122104E-01,0.000000E+00,3.319730E+03,0.000000E+00,2.340434E-01,0.000000E+00,3.688299E+03,0.000000E+00,2.600206E-01,0.000000E+00,6.029076E+03,0.000000E+00,4.250397E-01
10:40:00,0.000000E+00,2.608379E+03,0.000000E+00,1.838639E-01,0.000000E+00,1.835844E+03,0.000000E+00,1.294343E-01,0.000000E+00,1.373600E+03,0.000000E+00,9.683994E-02,0.000000E+00,2.676551E+03,0.000000E+00,1.886935E-01,0.000000E+00,4.162169E+03,0.000000E+00,2.934395E-01,0.000000E+00,3.060592E+03,0.000000E+00,2.157763E-01,0.000000E+00,3.387515E+03,0.000000E+00,2.388155E-01,0.000000E+00,5.506469E+03,0.000000E+00,3.881966E-01,0.000000E+00,4.440843E+03,0.000000E+00,3.130864E-01,0.000000E+00,3.354697E+03,0.000000E+00,2.365086E-01,0.000000E+00,3.724088E+03,0.000000E+00,2.625437E-01,0.000000E+00,6.033699E+03,0.000000E+00,4.253654E-01
10:50:00,0.000000E+00,2.604854E+03,0.000000E+00,1.836150E-01,0.000000E+00,1.861838E+03,0.000000E+00,1.312670E-01,0.000000E+00,1.397937E+03,0.000000E+00,9.855561E-02,0.000000E+00,2.647401E+03,0.000000E+00,1.866379E-01,0.000000E+00,4.168595E+03,0.000000E+00,2.938925E-01,0.000000E+00,3.092305E+03,0.000000E+00,2.180121E-01,0.000000E+00,3.414223E+03,0.000000E+00,2.406985E-01,0.000000E+00,5.497821E+03,0.000000E+00,3.875867E-01,0.000000E+00,4.446216E+03,0.000000E+00,3.134652E-01,0.000000E+00,3.389317E+03,0.000000E+00,2.389494E-01,0.000000E+00,3.759652E+03,0.000000E+00,2.650510E-01,0.000000E+00,6.026380E+03,0.000000E+00,4.248492E-01
11:00:00,0.000000E+00,2.594810E+03,0.000000E+00,1.829064E-01,0.000000E+00,1.887307E+03,0.000000E+00,1.330626E-01,0.000000E+00,1.421927E+03,0.000000E+00,1.002468E-01,0.000000E+00,2.609114E+03,0.000000E+00,1.839382E-01,0.000000E+00,4.168506E+03,0.000000E+00,2.938863E-01,0.000000E+00,3.123642E+03,0.000000E+00,2.202215E-01,0.000000E+00,3.440845E+03,0.000000E+00,2.425754E-01,0.000000E+00,5.478460E+03,0.000000E+00,3.862216E-01,0.000000E+00,4.444384E+03,0.000000E+00,3.133361E-01,0.000000E+00,3.423551E+03,0.000000E+00,2.413631E-01,0.000000E+00,3.794898E+03,0.000000E+00,2.675359E-01,0.000000E+00,6.006885E+03,0.000000E+00,4.234746E-01
11:10:00,0.000000E+00,2.573948E+03,0.000000E+00,1.814353E-01,0.000000E+00,1.908038E+03,0.000000E+00,1.345242E-01,0.000000E+00,1.440715E+03,0.000000E+00,1.015713E-01,0.000000E+00,2.557324E+03,0.000000E+00,1.802866E-01,0.000000E+00,4.157956E+03,0.000000E+00,2.931425E-01,0.000000E+00,3.150300E+03,0.000000E+00,2.221011E-01,0.000000E+00,3.462880E+03,0.000000E+00,2.441290E-01,0.000000E+00,5.444198E+03,0.000000E+00,3.838061E-01,0.000000E+00,4.431089E+03,0.000000E+00,3.123988E-01,0.000000E+00,3.452719E+03,0.000000E+00,2.434196E-01,0.000000E+00,3.824856E+03,0.000000E+00,2.696480E-01,0.000000E+00,5.970500E+03,0.000000E+00,4.209095E-01
11:20:00,0.000000E+00,2.546744E+03,0.000000E+00,1.795172E-01,0.000000E+00,1.927545E+03,0.000000E+00,1.358995E-01,0.000000E+00,1.458636E+03,0.000000E+00,1.028346E-01,0.000000E+00,2.497439E+03,0.000000E+00,1.760644E-01,0.000000E+00,4.140991E+03,0.000000E+00,2.919465E-01,0.000000E+00,3.175795E+03,0.000000E+00,2.238985E-01,0.000000E+00,3.484259E+03,0.000000E+00,2.456362E-01,0.000000E+00,5.399924E+03,0.000000E+00,3.806847E-01,0.000000E+00,4.410837E+03,0.000000E+00,3.109711E-01,0.000000E+00,3.481155E+03,0.000000E+00,2.454245E-01,0.000000E+00,3.853934E+03,0.000000E+00,2.716981E-01,0.000000E+00,5.922583E+03,0.000000E+00,4.175313E-01
11:30:00,0.000000E+00,2.514888E+03,0.000000E+00,1.772713E-01,0.000000E+00,1.945742E+03,0.000000E+00,1.371825E-01,0.000000E+00,1.474442E+03,0.000000E+00,1.039488E-01,0.000000E+00,2.431606E+03,0.000000E+00,1.714228E-01,0.000000E+00,4.118986E+03,0.000000E+00,2.903951E-01,0.000000E+00,3.199932E+03,0.000000E+00,2.256003E-01,0.000000E+00,3.503889E+03,0.000000E+00,2.470202E-01,0.000000E+00,5.347606E+03,0.000000E+00,3.769963E-01,0.000000E+00,4.385286E+03,0.000000E+00,3.091696E-01,0.000000E+00,3.508296E+03,0.000000E+00,2.473381E-01,0.000000E+00,3.880503E+03,0.000000E+00,2.735713E-01,0.000000E+00,5.865373E+03,0.000000E+00,4.134979E-01
11:40:00,0.000000E+00,2.479017E+03,0.000000E+00,1.747423E-01,0.000000E+00,1.962898E+03,0.000000E+00,1.383919E-01,0.000000E+00,1.489318E+03,0.000000E+00,1.049973E-01,0.000000E+00,2.361388E+03,0.000000E+00,1.664722E-01,0.000000E+00,4.092550E+03,0.000000E+00,2.885313E-01,0.000000E+00,3.223009E+03,0.000000E+00,2.272272E-01,0.000000E+00,3.522678E+03,0.000000E+00,2.483449E-01,0.000000E+00,5.288815E+03,0.000000E+00,3.728515E-01,0.000000E+00,4.354941E+03,0.000000E+00,3.070303E-01,0.000000E+00,3.534901E+03,0.000000E+00,2.492138E-01,0.000000E+00,3.905989E+03,0.000000E+00,2.753680E-01,0.000000E+00,5.800332E+03,0.000000E+00,4.089126E-01
11:50:00,0.000000E+00,2.440639E+03,0.000000E+00,1.720367E-01,0.000000E+00,1.979142E+03,0.000000E+00,1.395371E-01,0.000000E+00,1.503376E+03,0.000000E+00,1.059883E-01,0.000000E+00,2.289137E+03,0.000000E+00,1.613783E-01,0.000000E+00,4.062998E+03,0.000000E+00,2.864478E-01,0.000000E+00,3.245158E+03,0.000000E+00,2.287888E-01,0.000000E+00,3.540725E+03,0.000000E+00,2.496172E-01,0.000000E+00,5.225904E+03,0.000000E+00,3.684163E-01,0.000000E+00,4.321310E+03,0.000000E+00,3.046592E-01,0.000000E+00,3.561179E+03,0.000000E+00,2.510665E-01,0.000000E+00,3.930475E+03,0.000000E+00,2.770944E-01,0.000000E+00,5.730128E+03,0.000000E+00,4.039632E-01
12:00:00,0.000000E+00,2.401495E+03,0.000000E+00,1.692771E-01,0.000000E+00,1.994486E+03,0.000000E+00,1.406189E-01,0.000000E+00,1.516669E+03,0.000000E+00,1.069254E-01,0.000000E+00,2.217839E+03,0.000000E+00,1.563517E-01,0.000000E+00,4.031885E+03,0.000000E+00,2.842543E-01,0.000000E+00,3.266378E+03,0.000000E+00,2.302849E-01,0.000000E+00,3.558065E+03,0.000000E+00,2.508397E-01,0.000000E+00,5.161731E+03,0.000000E+00,3.638921E-01,0.000000E+00,4.286150E+03,0.000000E+00,3.021804E-01,0.000000E+00,3.587370E+03,0.000000E+00,2.529131E-01,0.000000E+00,3.953996E+03,0.000000E+00,2.787526E-01,0.000000E+00,5.657871E+03,0.000000E+00,3.988690E-01
12:10:00,0.000000E+00,2.355128E+03,0.000000E+00,1.660085E-01,0.000000E+00,2.000754E+03,0.000000E+00,1.410608E-01,0.000000E+00,1.519940E+03,0.000000E+00,1.071558E-01,0.000000E+00,2.140841E+03,0.000000E+00,1.509233E-01,0.000000E+00,3.992985E+03,0.000000E+00,2.815118E-01,0.000000E+00,3.278382E+03,0.000000E+00,2.311312E-01,0.000000E+00,3.566138E+03,0.000000E+00,2.514089E-01,0.000000E+00,5.090441E+03,0.000000E+00,3.588662E-01,0.000000E+00,4.242802E+03,0.000000E+00,2.991243E-01,0.000000E+00,3.604780E+03,0.000000E+00,2.541406E-01,0.000000E+00,3.967229E+03,0.000000E+00,2.796855E-01,0.000000E+00,5.577370E+03,0.000000E+00,3.931938E-01
12:20:00,0.000000E+00,2.311089E+03,0.000000E+00,1.629039E-01,0.000000E+00,2.005252E+03,0.000000E+00,1.413778E-01,0.000000E+00,1.522008E+03,0.000000E+00,1.073013E-01,0.000000E+00,2.069367E+03,0.000000E+00,1.458843E-01,0.000000E+00,3.955200E+03,0.000000E+00,2.788479E-01,0.000000E+00,3.288488E+03,0.000000E+00,2.318436E-01,0.000000E+00,3.573008E+03,0.000000E+00,2.518932E-01,0.000000E+00,5.022748E+03,0.000000E+00,3.540939E-01,0.000000E+00,4.201110E+03,0.000000E+00,2.961849E-01,0.000000E+00,3.622450E+03,0.000000E+00,2.553864E-01,0.000000E+00,3.979177E+03,0.000000E+00,2.805278E-01,0.000000E+00,5.500719E+03,0.000000E+00,3.877900E-01
12:30:00,0.000000E+00,2.270556E+03,0.000000E+00,1.600465E-01,0.000000E+00,2.008742E+03,0.000000E+00,1.416237E-01,0.000000E+00,1.523220E+03,0.000000E+00,1.073866E-01,0.000000E+00,2.005383E+03,0.000000E+00,1.413734E-01,0.000000E+00,3.920021E+03,0.000000E+00,2.763677E-01,0.000000E+00,3.297456E+03,0.000000E+00,2.324757E-01,0.000000E+00,3.578979E+03,0.000000E+00,2.523141E-01,0.000000E+00,4.960875E+03,0.000000E+00,3.497319E-01,0.000000E+00,4.162613E+03,0.000000E+00,2.934708E-01,0.000000E+00,3.641262E+03,0.000000E+00,2.567126E-01,0.000000E+00,3.990085E+03,0.000000E+00,2.812967E-01,0.000000E+00,5.430486E+03,0.000000E+00,3.828387E-01
12:40:00,0.000000E+00,2.234500E+03,0.000000E+00,1.575048E-01,0.000000E+00,2.011340E+03,0.000000E+00,1.418067E-01,0.000000E+00,1.523745E+03,0.000000E+00,1.074234E-01,0.000000E+00,1.949966E+03,0.000000E+00,1.374665E-01,0.000000E+00,3.888385E+03,0.000000E+00,2.741372E-01,0.000000E+00,3.305394E+03,0.000000E+00,2.330352E-01,0.000000E+00,3.584191E+03,0.000000E+00,2.526814E-01,0.000000E+00,4.906123E+03,0.000000E+00,3.458721E-01,0.000000E+00,4.128304E+03,0.000000E+00,2.910519E-01,0.000000E+00,3.662173E+03,0.000000E+00,2.581868E-01,0.000000E+00,4.000029E+03,0.000000E+00,2.819977E-01,0.000000E+00,5.368322E+03,0.000000E+00,3.784562E-01
12:50:00,0.000000E+00,2.203193E+03,0.000000E+00,1.552979E-01,0.000000E+00,2.013135E+03,0.000000E+00,1.419331E-01,0.000000E+00,1.523678E+03,0.000000E+00,1.074184E-01,0.000000E+00,1.903242E+03,0.000000E+00,1.341726E-01,0.000000E+00,3.860598E+03,0.000000E+00,2.721782E-01,0.000000E+00,3.312394E+03,0.000000E+00,2.335286E-01,0.000000E+00,3.588728E+03,0.000000E+00,2.530012E-01,0.000000E+00,4.858794E+03,0.000000E+00,3.425354E-01,0.000000E+00,4.098492E+03,0.000000E+00,2.889501E-01,0.000000E+00,3.686470E+03,0.000000E+00,2.598996E-01,0.000000E+00,4.009066E+03,0.000000E+00,2.826347E-01,0.000000E+00,5.314667E+03,0.000000E+00,3.746736E-01
13:00:00,0.000000E+00,2.176173E+03,0.000000E+00,1.533931E-01,0.000000E+00,2.014194E+03,0.000000E+00,1.420076E-01,0.000000E+00,1.523089E+03,0.000000E+00,1.073768E-01,0.000000E+00,1.863959E+03,0.000000E+00,1.314033E-01,0.000000E+00,3.836292E+03,0.000000E+00,2.704645E-01,0.000000E+00,3.318527E+03,0.000000E+00,2.339608E-01,0.000000E+00,3.592658E+03,0.000000E+00,2.532782E-01,0.000000E+00,4.817950E+03,0.000000E+00,3.396561E-01,0.000000E+00,4.072743E+03,0.000000E+00,2.871347E-01,0.000000E+00,3.714643E+03,0.000000E+00,2.618858E-01,0.000000E+00,4.017244E+03,0.000000E+00,2.832111E-01,0.000000E+00,5.268656E+03,0.000000E+00,3.714300E-01
13:10:00,0.000000E+00,2.143933E+03,0.000000E+00,1.511205E-01,0.000000E+00,2.006255E+03,0.000000E+00,1.414477E-01,0.000000E+00,1.512606E+03,0.000000E+00,1.066376E-01,0.000000E+00,1.820716E+03,0.000000E+00,1.283548E-01,0.000000E+00,3.806562E+03,0.000000E+00,2.683685E-01,0.000000E+00,3.315424E+03,0.000000E+00,2.337419E-01,0.000000E+00,3.587333E+03,0.000000E+00,2.529026E-01,0.000000E+00,4.773013E+03,0.000000E+00,3.364881E-01,0.000000E+00,4.041368E+03,0.000000E+00,2.849227E-01,0.000000E+00,3.737597E+03,0.000000E+00,2.635041E-01,0.000000E+00,4.015057E+03,0.000000E+00,2.830568E-01,0.000000E+00,5.218647E+03,0.000000E+00,3.679045E-01
13:20:00,0.000000E+00,2.112868E+03,0.000000E+00,1.489308E-01,0.000000E+00,1.996657E+03,0.000000E+00,1.407708E-01,0.000000E+00,1.501041E+03,0.000000E+00,1.058220E-01,0.000000E+00,1.780164E+03,0.000000E+00,1.254961E-01,0.000000E+00,3.777401E+03,0.000000E+00,2.663125E-01,0.000000E+00,3.310452E+03,0.000000E+00,2.333911E-01,0.000000E+00,3.580820E+03,0.000000E+00,2.524433E-01,0.000000E+00,4.729868E+03,0.000000E+00,3.334465E-01,0.000000E+00,4.011020E+03,0.000000E+00,2.827830E-01,0.000000E+00,3.763728E+03,0.000000E+00,2.653463E-01,0.000000E+00,4.011589E+03,0.000000E+00,2.828121E-01,0.000000E+00,5.171056E+03,0.000000E+00,3.645494E-01
13:30:00,0.000000E+00,2.082491E+03,0.000000E+00,1.467896E-01,0.000000E+00,1.986137E+03,0.000000E+00,1.400288E-01,0.000000E+00,1.488778E+03,0.000000E+00,1.049572E-01,0.000000E+00,1.740631E+03,0.000000E+00,1.227091E-01,0.000000E+00,3.747944E+03,0.000000E+00,2.642356E-01,0.000000E+00,3.304370E+03,0.000000E+00,2.329620E-01,0.000000E+00,3.573572E+03,0.000000E+00,2.519321E-01,0.000000E+00,4.686724E+03,0.000000E+00,3.304048E-01,0.000000E+00,3.980555E+03,0.000000E+00,2.806350E-01,0.000000E+00,3.791669E+03,0.000000E+00,2.673160E-01,0.000000E+00,4.007149E+03,0.000000E+00,2.824988E-01,0.000000E+00,5.123745E+03,0.000000E+00,3.612140E-01
13:40:00,0.000000E+00,2.052653E+03,0.000000E+00,1.446864E-01,0.000000E+00,1.974864E+03,0.000000E+00,1.392338E-01,0.000000E+00,1.477149E+03,0.000000E+00,1.041372E-01,0.000000E+00,1.701602E+03,0.000000E+00,1.199576E-01,0.000000E+00,3.718089E+03,0.000000E+00,2.621304E-01,0.000000E+00,3.297439E+03,0.000000E+00,2.324731E-01,0.000000E+00,3.566424E+03,0.000000E+00,2.514280E-01,0.000000E+00,4.643041E+03,0.000000E+00,3.273251E-01,0.000000E+00,3.949815E+03,0.000000E+00,2.784675E-01,0.000000E+00,3.817668E+03,0.000000E+00,2.691487E-01,0.000000E+00,4.002218E+03,0.000000E+00,2.821509E-01,0.000000E+00,5.076291E+03,0.000000E+00,3.578684E-01
13:50:00,0.000000E+00,2.023803E+03,0.000000E+00,1.426528E-01,0.000000E+00,1.963649E+03,0.000000E+00,1.384428E-01,0.000000E+00,1.467766E+03,0.000000E+00,1.034754E-01,0.000000E+00,1.663401E+03,0.000000E+00,1.172645E-01,0.000000E+00,3.688333E+03,0.000000E+00,2.600323E-01,0.000000E+00,3.290411E+03,0.000000E+00,2.319773E-01,0.000000E+00,3.560924E+03,0.000000E+00,2.510400E-01,0.000000E+00,4.599381E+03,0.000000E+00,3.242469E-01,0.000000E+00,3.919540E+03,0.000000E+00,2.763328E-01,0.000000E+00,3.840991E+03,0.000000E+00,2.707927E-01,0.000000E+00,3.998752E+03,0.000000E+00,2.819063E-01,0.000000E+00,5.029744E+03,0.000000E+00,3.545867E-01
14:00:00,0.000000E+00,1.995883E+03,0.000000E+00,1.406848E-01,0.000000E+00,1.953209E+03,0.000000E+00,1.377065E-01,0.000000E+00,1.461015E+03,0.000000E+00,1.029993E-01,0.000000E+00,1.625796E+03,0.000000E+00,1.146135E-01,0.000000E+00,3.658810E+03,0.000000E+00,2.579505E-01,0.000000E+00,3.284236E+03,0.000000E+00,2.315416E-01,0.000000E+00,3.557387E+03,0.000000E+00,2.507903E-01,0.000000E+00,4.555778E+03,0.000000E+00,3.211727E-01,0.000000E+00,3.889801E+03,0.000000E+00,2.742357E-01,0.000000E+00,3.860605E+03,0.000000E+00,2.721751E-01,0.000000E+00,3.996952E+03,0.000000E+00,2.817791E-01,0.000000E+00,4.984218E+03,0.000000E+00,3.513768E-01
14:10:00,0.000000E+00,1.977592E+03,0.000000E+00,1.393955E-01,0.000000E+00,1.952223E+03,0.000000E+00,1.376368E-01,0.000000E+00,1.465990E+03,0.000000E+00,1.033499E-01,0.000000E+00,1.598588E+03,0.000000E+00,1.126952E-01,0.000000E+00,3.637802E+03,0.000000E+00,2.564691E-01,0.000000E+00,3.287858E+03,0.000000E+00,2.317966E-01,0.000000E+00,3.564142E+03,0.000000E+00,2.512663E-01,0.000000E+00,4.521467E+03,0.000000E+00,3.187535E-01,0.000000E+00,3.869492E+03,0.000000E+00,2.728036E-01,0.000000E+00,3.884615E+03,0.000000E+00,2.738675E-01,0.000000E+00,4.005873E+03,0.000000E+00,2.824077E-01,0.000000E+00,4.949808E+03,0.000000E+00,3.489507E-01
14:20:00,0.000000E+00,1.961526E+03,0.000000E+00,1.382631E-01,0.000000E+00,1.954276E+03,0.000000E+00,1.377814E-01,0.000000E+00,1.473601E+03,0.000000E+00,1.038865E-01,0.000000E+00,1.574272E+03,0.000000E+00,1.109810E-01,0.000000E+00,3.618566E+03,0.000000E+00,2.551127E-01,0.000000E+00,3.295128E+03,0.000000E+00,2.323089E-01,0.000000E+00,3.572821E+03,0.000000E+00,2.518781E-01,0.000000E+00,4.489294E+03,0.000000E+00,3.164852E-01,0.000000E+00,3.851040E+03,0.000000E+00,2.715024E-01,0.000000E+00,3.903607E+03,0.000000E+00,2.752061E-01,0.000000E+00,4.016088E+03,0.000000E+00,2.831277E-01,0.000000E+00,4.918410E+03,0.000000E+00,3.467370E-01
14:30:00,0.000000E+00,1.947574E+03,0.000000E+00,1.372797E-01,0.000000E+00,1.959376E+03,0.000000E+00,1.381410E-01,0.000000E+00,1.483450E+03,0.000000E+00,1.045809E-01,0.000000E+00,1.553157E+03,0.000000E+00,1.094925E-01,0.000000E+00,3.601199E+03,0.000000E+00,2.538881E-01,0.000000E+00,3.306317E+03,0.000000E+00,2.330977E-01,0.000000E+00,3.582952E+03,0.000000E+00,2.525922E-01,0.000000E+00,4.459932E+03,0.000000E+00,3.144151E-01,0.000000E+00,3.834691E+03,0.000000E+00,2.703496E-01,0.000000E+00,3.917877E+03,0.000000E+00,2.762117E-01,0.000000E+00,4.027293E+03,0.000000E+00,2.839175E-01,0.000000E+00,4.890555E+03,0.000000E+00,3.447731E-01
14:40:00,0.000000E+00,1.934974E+03,0.000000E+00,1.363915E-01,0.000000E+00,1.967954E+03,0.000000E+00,1.387458E-01,0.000000E+00,1.494608E+03,0.000000E+00,1.053676E-01,0.000000E+00,1.534532E+03,0.000000E+00,1.081795E-01,0.000000E+00,3.585136E+03,0.000000E+00,2.527555E-01,0.000000E+00,3.322076E+03,0.000000E+00,2.342086E-01,0.000000E+00,3.594152E+03,0.000000E+00,2.533817E-01,0.000000E+00,4.432941E+03,0.000000E+00,3.125121E-01,0.000000E+00,3.819779E+03,0.000000E+00,2.692981E-01,0.000000E+00,3.930238E+03,0.000000E+00,2.770829E-01,0.000000E+00,4.039569E+03,0.000000E+00,2.847828E-01,0.000000E+00,4.865208E+03,0.000000E+00,3.429861E-01
14:50:00,0.000000E+00,1.922654E+03,0.000000E+00,1.355231E-01,0.000000E+00,1.979516E+03,0.000000E+00,1.395610E-01,0.000000E+00,1.506311E+03,0.000000E+00,1.061927E-01,0.000000E+00,1.517238E+03,0.000000E+00,1.069604E-01,0.000000E+00,3.569464E+03,0.000000E+00,2.516505E-01,0.000000E+00,3.342590E+03,0.000000E+00,2.356548E-01,0.000000E+00,3.605832E+03,0.000000E+00,2.542050E-01,0.000000E+00,4.407128E+03,0.000000E+00,3.106923E-01,0.000000E+00,3.805024E+03,0.000000E+00,2.682578E-01,0.000000E+00,3.940468E+03,0.000000E+00,2.778039E-01,0.000000E+00,4.052083E+03,0.000000E+00,2.856649E-01,0.000000E+00,4.840405E+03,0.000000E+00,3.412375E-01
15:00:00,0.000000E+00,1.910449E+03,0.000000E+00,1.346628E-01,0.000000E+00,1.993341E+03,0.000000E+00,1.405357E-01,0.000000E+00,1.519361E+03,0.000000E+00,1.071128E-01,0.000000E+00,1.501208E+03,0.000000E+00,1.058304E-01,0.000000E+00,3.553986E+03,0.000000E+00,2.505592E-01,0.000000E+00,3.367354E+03,0.000000E+00,2.374007E-01,0.000000E+00,3.619054E+03,0.000000E+00,2.551371E-01,0.000000E+00,4.382338E+03,0.000000E+00,3.089446E-01,0.000000E+00,3.790214E+03,0.000000E+00,2.672135E-01,0.000000E+00,3.949657E+03,0.000000E+00,2.784514E-01,0.000000E+00,4.066182E+03,0.000000E+00,2.866587E-01,0.000000E+00,4.815853E+03,0.000000E+00,3.395065E-01
15:10:00,0.000000E+00,1.918694E+03,0.000000E+00,1.352440E-01,0.000000E+00,2.028755E+03,0.000000E+00,1.430326E-01,0.000000E+00,1.558712E+03,0.000000E+00,1.098870E-01,0.000000E+00,1.510337E+03,0.000000E+00,1.064740E-01,0.000000E+00,3.557879E+03,0.000000E+00,2.508336E-01,0.000000E+00,3.416033E+03,0.000000E+00,2.408326E-01,0.000000E+00,3.657616E+03,0.000000E+00,2.578555E-01,0.000000E+00,4.381097E+03,0.000000E+00,3.088570E-01,0.000000E+00,3.795815E+03,0.000000E+00,2.676084E-01,0.000000E+00,3.980874E+03,0.000000E+00,2.806520E-01,0.000000E+00,4.107546E+03,0.000000E+00,2.895748E-01,0.000000E+00,4.815629E+03,0.000000E+00,3.394906E-01
15:20:00,0.000000E+00,1.928067E+03,0.000000E+00,1.359046E-01,0.000000E+00,2.066874E+03,0.000000E+00,1.457205E-01,0.000000E+00,1.604044E+03,0.000000E+00,1.130831E-01,0.000000E+00,1.520931E+03,0.000000E+00,1.072211E-01,0.000000E+00,3.562913E+03,0.000000E+00,2.511886E-01,0.000000E+00,3.469583E+03,0.000000E+00,2.446081E-01,0.000000E+00,3.703013E+03,0.000000E+00,2.610561E-01,0.000000E+00,4.381785E+03,0.000000E+00,3.089056E-01,0.000000E+00,3.802064E+03,0.000000E+00,2.680490E-01,0.000000E+00,4.015120E+03,0.000000E+00,2.830664E-01,0.000000E+00,4.155989E+03,0.000000E+00,2.929901E-01,0.000000E+00,4.816417E+03,0.000000E+00,3.395462E-01
15:30:00,0.000000E+00,1.937996E+03,0.000000E+00,1.366045E-01,0.000000E+00,2.105757E+03,0.000000E+00,1.484623E-01,0.000000E+00,1.656213E+03,0.000000E+00,1.167614E-01,0.000000E+00,1.532324E+03,0.000000E+00,1.080245E-01,0.000000E+00,3.568599E+03,0.000000E+00,2.515897E-01,0.000000E+00,3.525774E+03,0.000000E+00,2.485699E-01,0.000000E+00,3.756500E+03,0.000000E+00,2.648272E-01,0.000000E+00,4.383629E+03,0.000000E+00,3.090358E-01,0.000000E+00,3.808592E+03,0.000000E+00,2.685094E-01,0.000000E+00,4.053323E+03,0.000000E+00,2.857600E-01,0.000000E+00,4.212995E+03,0.000000E+00,2.970093E-01,0.000000E+00,4.817780E+03,0.000000E+00,3.396425E-01
15:40:00,0.000000E+00,1.948247E+03,0.000000E+00,1.373271E-01,0.000000E+00,2.145410E+03,0.000000E+00,1.512583E-01,0.000000E+00,1.715760E+03,0.000000E+00,1.209599E-01,0.000000E+00,1.544193E+03,0.000000E+00,1.088615E-01,0.000000E+00,3.574710E+03,0.000000E+00,2.520208E-01,0.000000E+00,3.584051E+03,0.000000E+00,2.526788E-01,0.000000E+00,3.818955E+03,0.000000E+00,2.692306E-01,0.000000E+00,4.386240E+03,0.000000E+00,3.092201E-01,0.000000E+00,3.815239E+03,0.000000E+00,2.689783E-01,0.000000E+00,4.096114E+03,0.000000E+00,2.887770E-01,0.000000E+00,4.279511E+03,0.000000E+00,3.016989E-01,0.000000E+00,4.819546E+03,0.000000E+00,3.397673E-01
15:50:00,0.000000E+00,1.958691E+03,0.000000E+00,1.380632E-01,0.000000E+00,2.185595E+03,0.000000E+00,1.540917E-01,0.000000E+00,1.782637E+03,0.000000E+00,1.256751E-01,0.000000E+00,1.556405E+03,0.000000E+00,1.097227E-01,0.000000E+00,3.581118E+03,0.000000E+00,2.524729E-01,0.000000E+00,3.643899E+03,0.000000E+00,2.568984E-01,0.000000E+00,3.890572E+03,0.000000E+00,2.742799E-01,0.000000E+00,4.389425E+03,0.000000E+00,3.094449E-01,0.000000E+00,3.821912E+03,0.000000E+00,2.694491E-01,0.000000E+00,4.143570E+03,0.000000E+00,2.921232E-01,0.000000E+00,4.355625E+03,0.000000E+00,3.070653E-01,0.000000E+00,4.821610E+03,0.000000E+00,3.399131E-01
16:00:00,0.000000E+00,1.969222E+03,0.000000E+00,1.388056E-01,0.000000E+00,2.226789E+03,0.000000E+00,1.569961E-01,0.000000E+00,1.856144E+03,0.000000E+00,1.308579E-01,0.000000E+00,1.568862E+03,0.000000E+00,1.106012E-01,0.000000E+00,3.587724E+03,0.000000E+00,2.529389E-01,0.000000E+00,3.705274E+03,0.000000E+00,2.612257E-01,0.000000E+00,3.970793E+03,0.000000E+00,2.799359E-01,0.000000E+00,4.393077E+03,0.000000E+00,3.097027E-01,0.000000E+00,3.828530E+03,0.000000E+00,2.699160E-01,0.000000E+00,4.195227E+03,0.000000E+00,2.957655E-01,0.000000E+00,4.440582E+03,0.000000E+00,3.130552E-01,0.000000E+00,4.823841E+03,0.000000E+00,3.400706E-01
16:10:00,0.000000E+00,2.024623E+03,0.000000E+00,1.427106E-01,0.000000E+00,2.314477E+03,0.000000E+00,1.631785E-01,0.000000E+00,1.986359E+03,0.000000E+00,1.400385E-01,0.000000E+00,1.634589E+03,0.000000E+00,1.152350E-01,0.000000E+00,3.636706E+03,0.000000E+00,2.563926E-01,0.000000E+00,3.813095E+03,0.000000E+00,2.688274E-01,0.000000E+00,4.106399E+03,0.000000E+00,2.894965E-01,0.000000E+00,4.446900E+03,0.000000E+00,3.134974E-01,0.000000E+00,3.880353E+03,0.000000E+00,2.735700E-01,0.000000E+00,4.297821E+03,0.000000E+00,3.029989E-01,0.000000E+00,4.584692E+03,0.000000E+00,3.232154E-01,0.000000E+00,4.879714E+03,0.000000E+00,3.440100E-01
16:20:00,0.000000E+00,2.082679E+03,0.000000E+00,1.468028E-01,0.000000E+00,2.409486E+03,0.000000E+00,1.698777E-01,0.000000E+00,2.123219E+03,0.000000E+00,1.496885E-01,0.000000E+00,1.703430E+03,0.000000E+00,1.200890E-01,0.000000E+00,3.688436E+03,0.000000E+00,2.600405E-01,0.000000E+00,3.927994E+03,0.000000E+00,2.769288E-01,0.000000E+00,4.250804E+03,0.000000E+00,2.996780E-01,0.000000E+00,4.504178E+03,0.000000E+00,3.175362E-01,0.000000E+00,3.934266E+03,0.000000E+00,2.773719E-01,0.000000E+00,4.404708E+03,0.000000E+00,3.105355E-01,0.000000E+00,4.736589E+03,0.000000E+00,3.339251E-01,0.000000E+00,4.938217E+03,0.000000E+00,3.481352E-01
16:30:00,0.000000E+00,2.142192E+03,0.000000E+00,1.509978E-01,0.000000E+00,2.507567E+03,0.000000E+00,1.767935E-01,0.000000E+00,2.263589E+03,0.000000E+00,1.595860E-01,0.000000E+00,1.774174E+03,0.000000E+00,1.250773E-01,0.000000E+00,3.741911E+03,0.000000E+00,2.638117E-01,0.000000E+00,4.046181E+03,0.000000E+00,2.852622E-01,0.000000E+00,4.400866E+03,0.000000E+00,3.102586E-01,0.000000E+00,4.563752E+03,0.000000E+00,3.217371E-01,0.000000E+00,3.989617E+03,0.000000E+00,2.812754E-01,0.000000E+00,4.513861E+03,0.000000E+00,3.182323E-01,0.000000E+00,4.893221E+03,0.000000E+00,3.449689E-01,0.000000E+00,4.998534E+03,0.000000E+00,3.523885E-01
16:40:00,0.000000E+00,2.202400E+03,0.000000E+00,1.552417E-01,0.000000E+00,2.607501E+03,0.000000E+00,1.838400E-01,0.000000E+00,2.405047E+03,0.000000E+00,1.695602E-01,0.000000E+00,1.846231E+03,0.000000E+00,1.301582E-01,0.000000E+00,3.796694E+03,0.000000E+00,2.676754E-01,0.000000E+00,4.166567E+03,0.000000E+00,2.937509E-01,0.000000E+00,4.554063E+03,0.000000E+00,3.210604E-01,0.000000E+00,4.625125E+03,0.000000E+00,3.260650E-01,0.000000E+00,4.046128E+03,0.000000E+00,2.852610E-01,0.000000E+00,4.623725E+03,0.000000E+00,3.259794E-01,0.000000E+00,5.052011E+03,0.000000E+00,3.561651E-01,0.000000E+00,5.060343E+03,0.000000E+00,3.567472E-01
16:50:00,0.000000E+00,2.262890E+03,0.000000E+00,1.595055E-01,0.000000E+00,2.708457E+03,0.000000E+00,1.909587E-01,0.000000E+00,2.545635E+03,0.000000E+00,1.794728E-01,0.000000E+00,1.919349E+03,0.000000E+00,1.353137E-01,0.000000E+00,3.852553E+03,0.000000E+00,2.716151E-01,0.000000E+00,4.287925E+03,0.000000E+00,3.023083E-01,0.000000E+00,4.708224E+03,0.000000E+00,3.319302E-01,0.000000E+00,4.688046E+03,0.000000E+00,3.305022E-01,0.000000E+00,4.103618E+03,0.000000E+00,2.893158E-01,0.000000E+00,4.732995E+03,0.000000E+00,3.336848E-01,0.000000E+00,5.210643E+03,0.000000E+00,3.673502E-01,0.000000E+00,5.123442E+03,0.000000E+00,3.611971E-01
17:00:00,0.000000E+00,2.322977E+03,0.000000E+00,1.637410E-01,0.000000E+00,2.809994E+03,0.000000E+00,1.981182E-01,0.000000E+00,2.684047E+03,0.000000E+00,1.892320E-01,0.000000E+00,1.991972E+03,0.000000E+00,1.404344E-01,0.000000E+00,3.908903E+03,0.000000E+00,2.755895E-01,0.000000E+00,4.409901E+03,0.000000E+00,3.109094E-01,0.000000E+00,4.861826E+03,0.000000E+00,3.427606E-01,0.000000E+00,4.751141E+03,0.000000E+00,3.349517E-01,0.000000E+00,4.161339E+03,0.000000E+00,2.933869E-01,0.000000E+00,4.841551E+03,0.000000E+00,3.413400E-01,0.000000E+00,5.367460E+03,0.000000E+00,3.784074E-01,0.000000E+00,5.185927E+03,0.000000E+00,3.656037E-01
17:10:00,0.000000E+00,2.417061E+03,0.000000E+00,1.703729E-01,0.000000E+00,2.946809E+03,0.000000E+00,2.077653E-01,0.000000E+00,2.857337E+03,0.000000E+00,2.014501E-01,0.000000E+00,2.105208E+03,0.000000E+00,1.484184E-01,0.000000E+00,3.997813E+03,0.000000E+00,2.818596E-01,0.000000E+00,4.565820E+03,0.000000E+00,3.219036E-01,0.000000E+00,5.048546E+03,0.000000E+00,3.559261E-01,0.000000E+00,4.852243E+03,0.000000E+00,3.420809E-01,0.000000E+00,4.254259E+03,0.000000E+00,2.999399E-01,0.000000E+00,4.984597E+03,0.000000E+00,3.514270E-01,0.000000E+00,5.559580E+03,0.000000E+00,3.919537E-01,0.000000E+00,5.289595E+03,0.000000E+00,3.729139E-01
17:20:00,0.000000E+00,2.513238E+03,0.000000E+00,1.771524E-01,0.000000E+00,3.087005E+03,0.000000E+00,2.176514E-01,0.000000E+00,3.028787E+03,0.000000E+00,2.135390E-01,0.000000E+00,2.221590E+03,0.000000E+00,1.566251E-01,0.000000E+00,4.089710E+03,0.000000E+00,2.883410E-01,0.000000E+00,4.724837E+03,0.000000E+00,3.331170E-01,0.000000E+00,5.234472E+03,0.000000E+00,3.690360E-01,0.000000E+00,4.957002E+03,0.000000E+00,3.494685E-01,0.000000E+00,4.349639E+03,0.000000E+00,3.066669E-01,0.000000E+00,5.126921E+03,0.000000E+00,3.614636E-01,0.000000E+00,5.749141E+03,0.000000E+00,4.053201E-01,0.000000E+00,5.396137E+03,0.000000E+00,3.804273E-01
17:30:00,0.000000E+00,2.610403E+03,0.000000E+00,1.840016E-01,0.000000E+00,3.226104E+03,0.000000E+00,2.274605E-01,0.000000E+00,3.196506E+03,0.000000E+00,2.253651E-01,0.000000E+00,2.339889E+03,0.000000E+00,1.649670E-01,0.000000E+00,4.183661E+03,0.000000E+00,2.949676E-01,0.000000E+00,4.882998E+03,0.000000E+00,3.442704E-01,0.000000E+00,5.417728E+03,0.000000E+00,3.819582E-01,0.000000E+00,5.064308E+03,0.000000E+00,3.570360E-01,0.000000E+00,4.446826E+03,0.000000E+00,3.135219E-01,0.000000E+00,5.267630E+03,0.000000E+00,3.713870E-01,0.000000E+00,5.934571E+03,0.000000E+00,4.183958E-01,0.000000E+00,5.504733E+03,0.000000E+00,3.880860E-01
17:40:00,0.000000E+00,2.708408E+03,0.000000E+00,1.909101E-01,0.000000E+00,3.363562E+03,0.000000E+00,2.371541E-01,0.000000E+00,3.360036E+03,0.000000E+00,2.368958E-01,0.000000E+00,2.459540E+03,0.000000E+00,1.734043E-01,0.000000E+00,4.279250E+03,0.000000E+00,3.017101E-01,0.000000E+00,5.039738E+03,0.000000E+00,3.553242E-01,0.000000E+00,5.597538E+03,0.000000E+00,3.946380E-01,0.000000E+00,5.173792E+03,0.000000E+00,3.647575E-01,0.000000E+00,4.545525E+03,0.000000E+00,3.204839E-01,0.000000E+00,5.406516E+03,0.000000E+00,3.811823E-01,0.000000E+00,6.115227E+03,0.000000E+00,4.311354E-01,0.000000E+00,5.615038E+03,0.000000E+00,3.958656E-01
17:50:00,0.000000E+00,2.807171E+03,0.000000E+00,1.978721E-01,0.000000E+00,3.498863E+03,0.000000E+00,2.466958E-01,0.000000E+00,3.518870E+03,0.000000E+00,2.480955E-01,0.000000E+00,2.581179E+03,0.000000E+00,1.819817E-01,0.000000E+00,4.376244E+03,0.000000E+00,3.085520E-01,0.000000E+00,5.194419E+03,0.000000E+00,3.662331E-01,0.000000E+00,5.773315E+03,0.000000E+00,4.070337E-01,0.000000E+00,5.285681E+03,0.000000E+00,3.726487E-01,0.000000E+00,4.645532E+03,0.000000E+00,3.275383E-01,0.000000E+00,5.543565E+03,0.000000E+00,3.908486E-01,0.000000E+00,6.290854E+03,0.000000E+00,4.435209E-01,0.000000E+00,5.726819E+03,0.000000E+00,4.037495E-01
18:00:00,0.000000E+00,2.907044E+03,0.000000E+00,2.049124E-01,0.000000E+00,3.630789E+03,0.000000E+00,2.559995E-01,0.000000E+00,3.672016E+03,0.000000E+00,2.588942E-01,0.000000E+00,2.706784E+03,0.000000E+00,1.908387E-01,0.000000E+00,4.474913E+03,0.000000E+00,3.155120E-01,0.000000E+00,5.345675E+03,0.000000E+00,3.769007E-01,0.000000E+00,5.944188E+03,0.000000E+00,4.190839E-01,0.000000E+00,5.401232E+03,0.000000E+00,3.807984E-01,0.000000E+00,4.747285E+03,0.000000E+00,3.347161E-01,0.000000E+00,5.677884E+03,0.000000E+00,4.003225E-01,0.000000E+00,6.461072E+03,0.000000E+00,4.555251E-01,0.000000E+00,5.841616E+03,0.000000E+00,4.118463E-01
18:10:00,0.000000E+00,2.925454E+03,0.000000E+00,2.062106E-01,0.000000E+00,3.676000E+03,0.000000E+00,2.591895E-01,0.000000E+00,3.730272E+03,0.000000E+00,2.630030E-01,0.000000E+00,2.745730E+03,0.000000E+00,1.935863E-01,0.000000E+00,4.498653E+03,0.000000E+00,3.171894E-01,0.000000E+00,5.411496E+03,0.000000E+00,3.815448E-01,0.000000E+00,6.028270E+03,0.000000E+00,4.250155E-01,0.000000E+00,5.437312E+03,0.000000E+00,3.833455E-01,0.000000E+00,4.767350E+03,0.000000E+00,3.361345E-01,0.000000E+00,5.722273E+03,0.000000E+00,4.034561E-01,0.000000E+00,6.536050E+03,0.000000E+00,4.608150E-01,0.000000E+00,5.867722E+03,0.000000E+00,4.136904E-01
18:20:00,0.000000E+00,2.938293E+03,0.000000E+00,2.071162E-01,0.000000E+00,3.706271E+03,0.000000E+00,2.613246E-01,0.000000E+00,3.776700E+03,0.000000E+00,2.662766E-01,0.000000E+00,2.780287E+03,0.000000E+00,1.960231E-01,0.000000E+00,4.517717E+03,0.000000E+00,3.185359E-01,0.000000E+00,5.462533E+03,0.000000E+00,3.851456E-01,0.000000E+00,6.101095E+03,0.000000E+00,4.301523E-01,0.000000E+00,5.469120E+03,0.000000E+00,3.855906E-01,0.000000E+00,4.783613E+03,0.000000E+00,3.372837E-01,0.000000E+00,5.759981E+03,0.000000E+00,4.061176E-01,0.000000E+00,6.601063E+03,0.000000E+00,4.654014E-01,0.000000E+00,5.889602E+03,0.000000E+00,4.152357E-01
18:30:00,0.000000E+00,2.947979E+03,0.000000E+00,2.077996E-01,0.000000E+00,3.730326E+03,0.000000E+00,2.630211E-01,0.000000E+00,3.814618E+03,0.000000E+00,2.689499E-01,0.000000E+00,2.812773E+03,0.000000E+00,1.983138E-01,0.000000E+00,4.534105E+03,0.000000E+00,3.196932E-01,0.000000E+00,5.506411E+03,0.000000E+00,3.882408E-01,0.000000E+00,6.165479E+03,0.000000E+00,4.346935E-01,0.000000E+00,5.498942E+03,0.000000E+00,3.876952E-01,0.000000E+00,4.797342E+03,0.000000E+00,3.382536E-01,0.000000E+00,5.792475E+03,0.000000E+00,4.084107E-01,0.000000E+00,6.658300E+03,0.000000E+00,4.694390E-01,0.000000E+00,5.908777E+03,0.000000E+00,4.165898E-01
18:40:00,0.000000E+00,2.955372E+03,0.000000E+00,2.083214E-01,0.000000E+00,3.748587E+03,0.000000E+00,2.643090E-01,0.000000E+00,3.845144E+03,0.000000E+00,2.711021E-01,0.000000E+00,2.844071E+03,0.000000E+00,2.005206E-01,0.000000E+00,4.548610E+03,0.000000E+00,3.207173E-01,0.000000E+00,5.543552E+03,0.000000E+00,3.908606E-01,0.000000E+00,6.222455E+03,0.000000E+00,4.387121E-01,0.000000E+00,5.527522E+03,0.000000E+00,3.897120E-01,0.000000E+00,4.809004E+03,0.000000E+00,3.390772E-01,0.000000E+00,5.820079E+03,0.000000E+00,4.103584E-01,0.000000E+00,6.708508E+03,0.000000E+00,4.729806E-01,0.000000E+00,5.925716E+03,0.000000E+00,4.177859E-01
18:50:00,0.000000E+00,2.960865E+03,0.000000E+00,2.087094E-01,0.000000E+00,3.761662E+03,0.000000E+00,2.652314E-01,0.000000E+00,3.869200E+03,0.000000E+00,2.727984E-01,0.000000E+00,2.873534E+03,0.000000E+00,2.025983E-01,0.000000E+00,4.561601E+03,0.000000E+00,3.216343E-01,0.000000E+00,5.574625E+03,0.000000E+00,3.930523E-01,0.000000E+00,6.272820E+03,0.000000E+00,4.422643E-01,0.000000E+00,5.554734E+03,0.000000E+00,3.916321E-01,0.000000E+00,4.818857E+03,0.000000E+00,3.397731E-01,0.000000E+00,5.842912E+03,0.000000E+00,4.119694E-01,0.000000E+00,6.752171E+03,0.000000E+00,4.760603E-01,0.000000E+00,5.940627E+03,0.000000E+00,4.188387E-01
19:00:00,0.000000E+00,2.964695E+03,0.000000E+00,2.089801E-01,0.000000E+00,3.770238E+03,0.000000E+00,2.658364E-01,0.000000E+00,3.887879E+03,0.000000E+00,2.741154E-01,0.000000E+00,2.900474E+03,0.000000E+00,2.044980E-01,0.000000E+00,4.573299E+03,0.000000E+00,3.224600E-01,0.000000E+00,5.600326E+03,0.000000E+00,3.948651E-01,0.000000E+00,6.317336E+03,0.000000E+00,4.454039E-01,0.000000E+00,5.580523E+03,0.000000E+00,3.934516E-01,0.000000E+00,4.827103E+03,0.000000E+00,3.403554E-01,0.000000E+00,5.861154E+03,0.000000E+00,4.132566E-01,0.000000E+00,6.789610E+03,0.000000E+00,4.787011E-01,0.000000E+00,5.953672E+03,0.000000E+00,4.197599E-01
19:10:00,0.000000E+00,2.931648E+03,0.000000E+00,2.066516E-01,0.000000E+00,3.739025E+03,0.000000E+00,2.636360E-01,0.000000E+00,3.859924E+03,0.000000E+00,2.721447E-01,0.000000E+00,2.876938E+03,0.000000E+00,2.028389E-01,0.000000E+00,4.549879E+03,0.000000E+00,3.208095E-01,0.000000E+00,5.585971E+03,0.000000E+00,3.938537E-01,0.000000E+00,6.317065E+03,0.000000E+00,4.453858E-01,0.000000E+00,5.560313E+03,0.000000E+00,3.920281E-01,0.000000E+00,4.797447E+03,0.000000E+00,3.382652E-01,0.000000E+00,5.837508E+03,0.000000E+00,4.115902E-01,0.000000E+00,6.778923E+03,0.000000E+00,4.779487E-01,0.000000E+00,5.918505E+03,0.000000E+00,4.172818E-01
19:20:00,0.000000E+00,2.896974E+03,0.000000E+00,2.042082E-01,0.000000E+00,3.702932E+03,0.000000E+00,2.610910E-01,0.000000E+00,3.827839E+03,0.000000E+00,2.698823E-01,0.000000E+00,2.848991E+03,0.000000E+00,2.008682E-01,0.000000E+00,4.524430E+03,0.000000E+00,3.190154E-01,0.000000E+00,5.565664E+03,0.000000E+00,3.924221E-01,0.000000E+00,6.311398E+03,0.000000E+00,4.449866E-01,0.000000E+00,5.536486E+03,0.000000E+00,3.903488E-01,0.000000E+00,4.765775E+03,0.000000E+00,3.360323E-01,0.000000E+00,5.809884E+03,0.000000E+00,4.096429E-01,0.000000E+00,6.763033E+03,0.000000E+00,4.768288E-01,0.000000E+00,5.881419E+03,0.000000E+00,4.146677E-01
19:30:00,0.000000E+00,2.862344E+03,0.000000E+00,2.017680E-01,0.000000E+00,3.665445E+03,0.000000E+00,2.584475E-01,0.000000E+00,3.792924E+03,0.000000E+00,2.674201E-01,0.000000E+00,2.818280E+03,0.000000E+00,1.987024E-01,0.000000E+00,4.497946E+03,0.000000E+00,3.171478E-01,0.000000E+00,5.542625E+03,0.000000E+00,3.907974E-01,0.000000E+00,6.301438E+03,0.000000E+00,4.442843E-01,0.000000E+00,5.509917E+03,0.000000E+00,3.884757E-01,0.000000E+00,4.732813E+03,0.000000E+00,3.337080E-01,0.000000E+00,5.779199E+03,0.000000E+00,4.074791E-01,0.000000E+00,6.742544E+03,0.000000E+00,4.753842E-01,0.000000E+00,5.843245E+03,0.000000E+00,4.119764E-01
19:40:00,0.000000E+00,2.828376E+03,0.000000E+00,1.993743E-01,0.000000E+00,3.627102E+03,0.000000E+00,2.557434E-01,0.000000E+00,3.755858E+03,0.000000E+00,2.648062E-01,0.000000E+00,2.785067E+03,0.000000E+00,1.963603E-01,0.000000E+00,4.470890E+03,0.000000E+00,3.152396E-01,0.000000E+00,5.517420E+03,0.000000E+00,3.890195E-01,0.000000E+00,6.287720E+03,0.000000E+00,4.433166E-01,0.000000E+00,5.480760E+03,0.000000E+00,3.864198E-01,0.000000E+00,4.698935E+03,0.000000E+00,3.313187E-01,0.000000E+00,5.745923E+03,0.000000E+00,4.051321E-01,0.000000E+00,6.717521E+03,0.000000E+00,4.736194E-01,0.000000E+00,5.804235E+03,0.000000E+00,4.092258E-01
19:50:00,0.000000E+00,2.795363E+03,0.000000E+00,1.970478E-01,0.000000E+00,3.588294E+03,0.000000E+00,2.530064E-01,0.000000E+00,3.716882E+03,0.000000E+00,2.620576E-01,0.000000E+00,2.749506E+03,0.000000E+00,1.938525E-01,0.000000E+00,4.443530E+03,0.000000E+00,3.133096E-01,0.000000E+00,5.490410E+03,0.000000E+00,3.871141E-01,0.000000E+00,6.270367E+03,0.000000E+00,4.420922E-01,0.000000E+00,5.449028E+03,0.000000E+00,3.841819E-01,0.000000E+00,4.664431E+03,0.000000E+00,3.288849E-01,0.000000E+00,5.710353E+03,0.000000E+00,4.026231E-01,0.000000E+00,6.687942E+03,0.000000E+00,4.715329E-01,0.000000E+00,5.764450E+03,0.000000E+00,4.064202E-01
20:00:00,0.000000E+00,2.763497E+03,0.000000E+00,1.948020E-01,0.000000E+00,3.549148E+03,0.000000E+00,2.502457E-01,0.000000E+00,3.676213E+03,0.000000E+00,2.591896E-01,0.000000E+00,2.711807E+03,0.000000E+00,1.911940E-01,0.000000E+00,4.416044E+03,0.000000E+00,3.113706E-01,0.000000E+00,5.461691E+03,0.000000E+00,3.850881E-01,0.000000E+00,6.249535E+03,0.000000E+00,4.406223E-01,0.000000E+00,5.414820E+03,0.000000E+00,3.817693E-01,0.000000E+00,4.629535E+03,0.000000E+00,3.264234E-01,0.000000E+00,5.672627E+03,0.000000E+00,3.999618E-01,0.000000E+00,6.654028E+03,0.000000E+00,4.691406E-01,0.000000E+00,5.723994E+03,0.000000E+00,4.035671E-01
20:10:00,0.000000E+00,2.738867E+03,0.000000E+00,1.930661E-01,0.000000E+00,3.515319E+03,0.000000E+00,2.478597E-01,0.000000E+00,3.639044E+03,0.000000E+00,2.565683E-01,0.000000E+00,2.679112E+03,0.000000E+00,1.888882E-01,0.000000E+00,4.394066E+03,0.000000E+00,3.098200E-01,0.000000E+00,5.436638E+03,0.000000E+00,3.833205E-01,0.000000E+00,6.229594E+03,0.000000E+00,4.392152E-01,0.000000E+00,5.383507E+03,0.000000E+00,3.795607E-01,0.000000E+00,4.601008E+03,0.000000E+00,3.244109E-01,0.000000E+00,5.639452E+03,0.000000E+00,3.976215E-01,0.000000E+00,6.621120E+03,0.000000E+00,4.668191E-01,0.000000E+00,5.688121E+03,0.000000E+00,4.010370E-01
20:20:00,0.000000E+00,2.714012E+03,0.000000E+00,1.913142E-01,0.000000E+00,3.480069E+03,0.000000E+00,2.453737E-01,0.000000E+00,3.599754E+03,0.000000E+00,2.537975E-01,0.000000E+00,2.647184E+03,0.000000E+00,1.866367E-01,0.000000E+00,4.371224E+03,0.000000E+00,3.082085E-01,0.000000E+00,5.408891E+03,0.000000E+00,3.813631E-01,0.000000E+00,6.206216E+03,0.000000E+00,4.375658E-01,0.000000E+00,5.352236E+03,0.000000E+00,3.773551E-01,0.000000E+00,4.572093E+03,0.000000E+00,3.223712E-01,0.000000E+00,5.603311E+03,0.000000E+00,3.950722E-01,0.000000E+00,6.583673E+03,0.000000E+00,4.641777E-01,0.000000E+00,5.651732E+03,0.000000E+00,3.984706E-01
20:30:00,0.000000E+00,2.688138E+03,0.000000E+00,1.894904E-01,0.000000E+00,3.441198E+03,0.000000E+00,2.426324E-01,0.000000E+00,3.558332E+03,0.000000E+00,2.508766E-01,0.000000E+00,2.615765E+03,0.000000E+00,1.844211E-01,0.000000E+00,4.347249E+03,0.000000E+00,3.065173E-01,0.000000E+00,5.376371E+03,0.000000E+00,3.790693E-01,0.000000E+00,6.179512E+03,0.000000E+00,4.356820E-01,0.000000E+00,5.321313E+03,0.000000E+00,3.751742E-01,0.000000E+00,4.542453E+03,0.000000E+00,3.202806E-01,0.000000E+00,5.563587E+03,0.000000E+00,3.922704E-01,0.000000E+00,6.542175E+03,0.000000E+00,4.612509E-01,0.000000E+00,5.615036E+03,0.000000E+00,3.958826E-01
20:40:00,0.000000E+00,2.661394E+03,0.000000E+00,1.876053E-01,0.000000E+00,3.397903E+03,0.000000E+00,2.395793E-01,0.000000E+00,3.515246E+03,0.000000E+00,2.478382E-01,0.000000E+00,2.585508E+03,0.000000E+00,1.822875E-01,0.000000E+00,4.322338E+03,0.000000E+00,3.047601E-01,0.000000E+00,5.338220E+03,0.000000E+00,3.763786E-01,0.000000E+00,6.150037E+03,0.000000E+00,4.336030E-01,0.000000E+00,5.291328E+03,0.000000E+00,3.730594E-01,0.000000E+00,4.512111E+03,0.000000E+00,3.181404E-01,0.000000E+00,5.519805E+03,0.000000E+00,3.891826E-01,0.000000E+00,6.497712E+03,0.000000E+00,4.581150E-01,0.000000E+00,5.578485E+03,0.000000E+00,3.933049E-01
20:50:00,0.000000E+00,2.633931E+03,0.000000E+00,1.856694E-01,0.000000E+00,3.350193E+03,0.000000E+00,2.362149E-01,0.000000E+00,3.471177E+03,0.000000E+00,2.447307E-01,0.000000E+00,2.556865E+03,0.000000E+00,1.802677E-01,0.000000E+00,4.296594E+03,0.000000E+00,3.029443E-01,0.000000E+00,5.294383E+03,0.000000E+00,3.732870E-01,0.000000E+00,6.118530E+03,0.000000E+00,4.313808E-01,0.000000E+00,5.262810E+03,0.000000E+00,3.710482E-01,0.000000E+00,4.481128E+03,0.000000E+00,3.159552E-01,0.000000E+00,5.471796E+03,0.000000E+00,3.857967E-01,0.000000E+00,6.451280E+03,0.000000E+00,4.548405E-01,0.000000E+00,5.542639E+03,0.000000E+00,3.907770E-01
21:00:00,0.000000E+00,2.605839E+03,0.000000E+00,1.836892E-01,0.000000E+00,3.298495E+03,0.000000E+00,2.325693E-01,0.000000E+00,3.426620E+03,0.000000E+00,2.415888E-01,0.000000E+00,2.530079E+03,0.000000E+00,1.783790E-01,0.000000E+00,4.270082E+03,0.000000E+00,3.010744E-01,0.000000E+00,5.245216E+03,0.000000E+00,3.698196E-01,0.000000E+00,6.085537E+03,0.000000E+00,4.290539E-01,0.000000E+00,5.236071E+03,0.000000E+00,3.691625E-01,0.000000E+00,4.449539E+03,0.000000E+00,3.137273E-01,0.000000E+00,5.419657E+03,0.000000E+00,3.821198E-01,0.000000E+00,6.403493E+03,0.000000E+00,4.514706E-01,0.000000E+00,5.507867E+03,0.000000E+00,3.883248E-01
21:10:00,0.000000E+00,2.565731E+03,0.000000E+00,1.808620E-01,0.000000E+00,3.232213E+03,0.000000E+00,2.278954E-01,0.000000E+00,3.366660E+03,0.000000E+00,2.373610E-01,0.000000E+00,2.489366E+03,0.000000E+00,1.755083E-01,0.000000E+00,4.231452E+03,0.000000E+00,2.983501E-01,0.000000E+00,5.179862E+03,0.000000E+00,3.652111E-01,0.000000E+00,6.036259E+03,0.000000E+00,4.255790E-01,0.000000E+00,5.195386E+03,0.000000E+00,3.662935E-01,0.000000E+00,4.405871E+03,0.000000E+00,3.106478E-01,0.000000E+00,5.352280E+03,0.000000E+00,3.773685E-01,0.000000E+00,6.339317E+03,0.000000E+00,4.469452E-01,0.000000E+00,5.458234E+03,0.000000E+00,3.848251E-01
21:20:00,0.000000E+00,2.526086E+03,0.000000E+00,1.780674E-01,0.000000E+00,3.162712E+03,0.000000E+00,2.229945E-01,0.000000E+00,3.305997E+03,0.000000E+00,2.330834E-01,0.000000E+00,2.449357E+03,0.000000E+00,1.726871E-01,0.000000E+00,4.192929E+03,0.000000E+00,2.956332E-01,0.000000E+00,5.109700E+03,0.000000E+00,3.602634E-01,0.000000E+00,5.985298E+03,0.000000E+00,4.219852E-01,0.000000E+00,5.155533E+03,0.000000E+00,3.634831E-01,0.000000E+00,4.361784E+03,0.000000E+00,3.075386E-01,0.000000E+00,5.281047E+03,0.000000E+00,3.723452E-01,0.000000E+00,6.273559E+03,0.000000E+00,4.423081E-01,0.000000E+00,5.409382E+03,0.000000E+00,3.813801E-01
21:30:00,0.000000E+00,2.486864E+03,0.000000E+00,1.753026E-01,0.000000E+00,3.091176E+03,0.000000E+00,2.179502E-01,0.000000E+00,3.244077E+03,0.000000E+00,2.287173E-01,0.000000E+00,2.409489E+03,0.000000E+00,1.698760E-01,0.000000E+00,4.154479E+03,0.000000E+00,2.929215E-01,0.000000E+00,5.035944E+03,0.000000E+00,3.550624E-01,0.000000E+00,5.932182E+03,0.000000E+00,4.182396E-01,0.000000E+00,5.116011E+03,0.000000E+00,3.606961E-01,0.000000E+00,4.317475E+03,0.000000E+00,3.044138E-01,0.000000E+00,5.206476E+03,0.000000E+00,3.670867E-01,0.000000E+00,6.205680E+03,0.000000E+00,4.375216E-01,0.000000E+00,5.360820E+03,0.000000E+00,3.779557E-01
21:40:00,0.000000E+00,2.447722E+03,0.000000E+00,1.725435E-01,0.000000E+00,3.018740E+03,0.000000E+00,2.128425E-01,0.000000E+00,3.179987E+03,0.000000E+00,2.241983E-01,0.000000E+00,2.369271E+03,0.000000E+00,1.670401E-01,0.000000E+00,4.115841E+03,0.000000E+00,2.901968E-01,0.000000E+00,4.959675E+03,0.000000E+00,3.496845E-01,0.000000E+00,5.876077E+03,0.000000E+00,4.142834E-01,0.000000E+00,5.076281E+03,0.000000E+00,3.578946E-01,0.000000E+00,4.272921E+03,0.000000E+00,3.012719E-01,0.000000E+00,5.129203E+03,0.000000E+00,3.616379E-01,0.000000E+00,6.134717E+03,0.000000E+00,4.325180E-01,0.000000E+00,5.311984E+03,0.000000E+00,3.745122E-01
21:50:00,0.000000E+00,2.408528E+03,0.000000E+00,1.697806E-01,0.000000E+00,2.945824E+03,0.000000E+00,2.077013E-01,0.000000E+00,3.112683E+03,0.000000E+00,2.194527E-01,0.000000E+00,2.328143E+03,0.000000E+00,1.641402E-01,0.000000E+00,4.076916E+03,0.000000E+00,2.874520E-01,0.000000E+00,4.881296E+03,0.000000E+00,3.441580E-01,0.000000E+00,5.815996E+03,0.000000E+00,4.100471E-01,0.000000E+00,5.035725E+03,0.000000E+00,3.550350E-01,0.000000E+00,4.228083E+03,0.000000E+00,2.981102E-01,0.000000E+00,5.049674E+03,0.000000E+00,3.560301E-01,0.000000E+00,6.059585E+03,0.000000E+00,4.272204E-01,0.000000E+00,5.262221E+03,0.000000E+00,3.710034E-01
22:00:00,0.000000E+00,2.369237E+03,0.000000E+00,1.670109E-01,0.000000E+00,2.872560E+03,0.000000E+00,2.025355E-01,0.000000E+00,3.041237E+03,0.000000E+00,2.144153E-01,0.000000E+00,2.285584E+03,0.000000E+00,1.611394E-01,0.000000E+00,4.037675E+03,0.000000E+00,2.846849E-01,0.000000E+00,4.800934E+03,0.000000E+00,3.384917E-01,0.000000E+00,5.751020E+03,0.000000E+00,4.054657E-01,0.000000E+00,4.993737E+03,0.000000E+00,3.520745E-01,0.000000E+00,4.182966E+03,0.000000E+00,2.949287E-01,0.000000E+00,4.968167E+03,0.000000E+00,3.502830E-01,0.000000E+00,5.979315E+03,0.000000E+00,4.215608E-01,0.000000E+00,5.210904E+03,0.000000E+00,3.673852E-01
22:10:00,0.000000E+00,2.285972E+03,0.000000E+00,1.611415E-01,0.000000E+00,2.756169E+03,0.000000E+00,1.943291E-01,0.000000E+00,2.916004E+03,0.000000E+00,2.055856E-01,0.000000E+00,2.190573E+03,0.000000E+00,1.544407E-01,0.000000E+00,3.957058E+03,0.000000E+00,2.790005E-01,0.000000E+00,4.675114E+03,0.000000E+00,3.296205E-01,0.000000E+00,5.635120E+03,0.000000E+00,3.972940E-01,0.000000E+00,4.902786E+03,0.000000E+00,3.456620E-01,0.000000E+00,4.093252E+03,0.000000E+00,2.886031E-01,0.000000E+00,4.838079E+03,0.000000E+00,3.411107E-01,0.000000E+00,5.843895E+03,0.000000E+00,4.120129E-01,0.000000E+00,5.106639E+03,0.000000E+00,3.600340E-01
22:20:00,0.000000E+00,2.199773E+03,0.000000E+00,1.550652E-01,0.000000E+00,2.637117E+03,0.000000E+00,1.859346E-01,0.000000E+00,2.782374E+03,0.000000E+00,1.961635E-01,0.000000E+00,2.090338E+03,0.000000E+00,1.473732E-01,0.000000E+00,3.873337E+03,0.000000E+00,2.730968E-01,0.000000E+00,4.542566E+03,0.000000E+00,3.202744E-01,0.000000E+00,5.509961E+03,0.000000E+00,3.884690E-01,0.000000E+00,4.806340E+03,0.000000E+00,3.388615E-01,0.000000E+00,4.001046E+03,0.000000E+00,2.821010E-01,0.000000E+00,4.704292E+03,0.000000E+00,3.316770E-01,0.000000E+00,5.699584E+03,0.000000E+00,4.018376E-01,0.000000E+00,4.997377E+03,0.000000E+00,3.523300E-01
22:30:00,0.000000E+00,2.111927E+03,0.000000E+00,1.488728E-01,0.000000E+00,2.516423E+03,0.000000E+00,1.774243E-01,0.000000E+00,2.639300E+03,0.000000E+00,1.860755E-01,0.000000E+00,1.985315E+03,0.000000E+00,1.399680E-01,0.000000E+00,3.787573E+03,0.000000E+00,2.670488E-01,0.000000E+00,4.405990E+03,0.000000E+00,3.106440E-01,0.000000E+00,5.374563E+03,0.000000E+00,3.789218E-01,0.000000E+00,4.704703E+03,0.000000E+00,3.316948E-01,0.000000E+00,3.907069E+03,0.000000E+00,2.754738E-01,0.000000E+00,4.566591E+03,0.000000E+00,3.219671E-01,0.000000E+00,5.544298E+03,0.000000E+00,3.908881E-01,0.000000E+00,4.882852E+03,0.000000E+00,3.442545E-01
22:40:00,0.000000E+00,2.022908E+03,0.000000E+00,1.425977E-01,0.000000E+00,2.394791E+03,0.000000E+00,1.688478E-01,0.000000E+00,2.487629E+03,0.000000E+00,1.753812E-01,0.000000E+00,1.875947E+03,0.000000E+00,1.322565E-01,0.000000E+00,3.700223E+03,0.000000E+00,2.608886E-01,0.000000E+00,4.266248E+03,0.000000E+00,3.007901E-01,0.000000E+00,5.229441E+03,0.000000E+00,3.686887E-01,0.000000E+00,4.598092E+03,0.000000E+00,3.241772E-01,0.000000E+00,3.811629E+03,0.000000E+00,2.687432E-01,0.000000E+00,4.425987E+03,0.000000E+00,3.120523E-01,0.000000E+00,5.378647E+03,0.000000E+00,3.792077E-01,0.000000E+00,4.763151E+03,0.000000E+00,3.358140E-01
22:50:00,0.000000E+00,1.932831E+03,0.000000E+00,1.362480E-01,0.000000E+00,2.272407E+03,0.000000E+00,1.602181E-01,0.000000E+00,2.326221E+03,0.000000E+00,1.640006E-01,0.000000E+00,1.761677E+03,0.000000E+00,1.241993E-01,0.000000E+00,3.611413E+03,0.000000E+00,2.546253E-01,0.000000E+00,4.123749E+03,0.000000E+00,2.907418E-01,0.000000E+00,5.073556E+03,0.000000E+00,3.576966E-01,0.000000E+00,4.485943E+03,0.000000E+00,3.162690E-01,0.000000E+00,3.714789E+03,0.000000E+00,2.619137E-01,0.000000E+00,4.282610E+03,0.000000E+00,3.019417E-01,0.000000E+00,5.201083E+03,0.000000E+00,3.666870E-01,0.000000E+00,4.637457E+03,0.000000E+00,3.269507E-01
23:00:00,0.000000E+00,1.841971E+03,0.000000E+00,1.298432E-01,0.000000E+00,2.150666E+03,0.000000E+00,1.516337E-01,0.000000E+00,2.159325E+03,0.000000E+00,1.522328E-01,0.000000E+00,1.643805E+03,0.000000E+00,1.158882E-01,0.000000E+00,3.521387E+03,0.000000E+00,2.482763E-01,0.000000E+00,3.980424E+03,0.000000E+00,2.806350E-01,0.000000E+00,4.910385E+03,0.000000E+00,3.461906E-01,0.000000E+00,4.369287E+03,0.000000E+00,3.080429E-01,0.000000E+00,3.616834E+03,0.000000E+00,2.550056E-01,0.000000E+00,4.138688E+03,0.000000E+00,2.917927E-01,0.000000E+00,5.016427E+03,0.000000E+00,3.536662E-01,0.000000E+00,4.507242E+03,0.000000E+00,3.177686E-01
23:10:00,0.000000E+00,1.757991E+03,0.000000E+00,1.239233E-01,0.000000E+00,2.039382E+03,0.000000E+00,1.437867E-01,0.000000E+00,1.998089E+03,0.000000E+00,1.408645E-01,0.000000E+00,1.532491E+03,0.000000E+00,1.080397E-01,0.000000E+00,3.437518E+03,0.000000E+00,2.423615E-01,0.000000E+00,3.845641E+03,0.000000E+00,2.711308E-01,0.000000E+00,4.750518E+03,0.000000E+00,3.349177E-01,0.000000E+00,4.257858E+03,0.000000E+00,3.001854E-01,0.000000E+00,3.525452E+03,0.000000E+00,2.485611E-01,0.000000E+00,4.002997E+03,0.000000E+00,2.822241E-01,0.000000E+00,4.835869E+03,0.000000E+00,3.409346E-01,0.000000E+00,4.382678E+03,0.000000E+00,3.089851E-01
23:20:00,0.000000E+00,1.673629E+03,0.000000E+00,1.179764E-01,0.000000E+00,1.928924E+03,0.000000E+00,1.359981E-01,0.000000E+00,1.834321E+03,0.000000E+00,1.293180E-01,0.000000E+00,1.418476E+03,0.000000E+00,1.000011E-01,0.000000E+00,3.352843E+03,0.000000E+00,2.363901E-01,0.000000E+00,3.712606E+03,0.000000E+00,2.617500E-01,0.000000E+00,4.586229E+03,0.000000E+00,3.233334E-01,0.000000E+00,4.142754E+03,0.000000E+00,2.920690E-01,0.000000E+00,3.433311E+03,0.000000E+00,2.420632E-01,0.000000E+00,3.868503E+03,0.000000E+00,2.727403E-01,0.000000E+00,4.651021E+03,0.000000E+00,3.279008E-01,0.000000E+00,4.254331E+03,0.000000E+00,2.999350E-01
23:30:00,0.000000E+00,1.588934E+03,0.000000E+00,1.120061E-01,0.000000E+00,1.821912E+03,0.000000E+00,1.284525E-01,0.000000E+00,1.673977E+03,0.000000E+00,1.180130E-01,0.000000E+00,1.303551E+03,0.000000E+00,9.189837E-02,0.000000E+00,3.267410E+03,0.000000E+00,2.303653E-01,0.000000E+00,3.583201E+03,0.000000E+00,2.526253E-01,0.000000E+00,4.422702E+03,0.000000E+00,3.118030E-01,0.000000E+00,4.025579E+03,0.000000E+00,2.838067E-01,0.000000E+00,3.340542E+03,0.000000E+00,2.355212E-01,0.000000E+00,3.737968E+03,0.000000E+00,2.635358E-01,0.000000E+00,4.468846E+03,0.000000E+00,3.150556E-01,0.000000E+00,4.124424E+03,0.000000E+00,2.907750E-01
23:40:00,0.000000E+00,1.503944E+03,0.000000E+00,1.060150E-01,0.000000E+00,1.718811E+03,0.000000E+00,1.211826E-01,0.000000E+00,1.519089E+03,0.000000E+00,1.070927E-01,0.000000E+00,1.188521E+03,0.000000E+00,8.378826E-02,0.000000E+00,3.181265E+03,0.000000E+00,2.242904E-01,0.000000E+00,3.458154E+03,0.000000E+00,2.438080E-01,0.000000E+00,4.262082E+03,0.000000E+00,3.004776E-01,0.000000E+00,3.907163E+03,0.000000E+00,2.754570E-01,0.000000E+00,3.247213E+03,0.000000E+00,2.289398E-01,0.000000E+00,3.611679E+03,0.000000E+00,2.546307E-01,0.000000E+00,4.291500E+03,0.000000E+00,3.025511E-01,0.000000E+00,3.993866E+03,0.000000E+00,2.815692E-01
23:50:00,0.000000E+00,1.417921E+03,0.000000E+00,9.995109E-02,0.000000E+00,1.618773E+03,0.000000E+00,1.141287E-01,0.000000E+00,1.365806E+03,0.000000E+00,9.628570E-02,0.000000E+00,1.070954E+03,0.000000E+00,7.549932E-02,0.000000E+00,3.093824E+03,0.000000E+00,2.181242E-01,0.000000E+00,3.336484E+03,0.000000E+00,2.352288E-01,0.000000E+00,4.101722E+03,0.000000E+00,2.891708E-01,0.000000E+00,3.785566E+03,0.000000E+00,2.668830E-01,0.000000E+00,3.152235E+03,0.000000E+00,2.222422E-01,0.000000E+00,3.488027E+03,0.000000E+00,2.459116E-01,0.000000E+00,4.114350E+03,0.000000E+00,2.900606E-01,0.000000E+00,3.859179E+03,0.000000E+00,2.720724E-01
24:00:00,0.000000E+00,1.331731E+03,0.000000E+00,9.387538E-02,0.000000E+00,1.522031E+03,0.000000E+00,1.073073E-01,0.000000E+00,1.220466E+03,0.000000E+00,8.603874E-02,0.000000E+00,9.547446E+02,0.000000E+00,6.730608E-02,0.000000E+00,3.005756E+03,0.000000E+00,2.119138E-01,0.000000E+00,3.218540E+03,0.000000E+00,2.269124E-01,0.000000E+00,3.946641E+03,0.000000E+00,2.782361E-01,0.000000E+00,3.664040E+03,0.000000E+00,2.583141E-01,0.000000E+00,3.056898E+03,0.000000E+00,2.155192E-01,0.000000E+00,3.368330E+03,0.000000E+00,2.374715E-01,0.000000E+00,3.944833E+03,0.000000E+00,2.781082E-01,0.000000E+00,3.725597E+03,0.000000E+00,2.626535E-01
Peak,2.986148E+01,2.964695E+03,2.638087E-03,2.089801E-01,0.000000E+00,3.770238E+03,0.000000E+00,2.658364E-01,5.808963E+02,3.887879E+03,4.099177E-02,2.741154E-01,5.623279E+02,2.900474E+03,3.968102E-02,2.044980E-01,0.000000E+00,4.573299E+03,0.000000E+00,3.224600E-01,0.000000E+00,5.600326E+03,0.000000E+00,3.948651E-01,0.000000E+00,6.317336E+03,0.000000E+00,4.454039E-01,0.000000E+00,5.580523E+03,0.000000E+00,3.934516E-01,0.000000E+00,4.827103E+03,0.000000E+00,3.403554E-01,0.000000E+00,5.861154E+03,0.000000E+00,4.132566E-01,1.181103E+02,6.789610E+03,8.333770E-03,4.787011E-01,0.000000E+00,6.033699E+03,0.000000E+00,4.253654E-01

Peak Vol Flow (m3/s),,,2.213538E-03,1.753488E-01,,,0.000000E+00,2.230551E-01,,,3.439493E-02,2.300018E-01,,,3.329512E-02,1.715880E-01,,,0.000000E+00,2.705662E-01,,,0.000000E+00,3.313192E-01,,,0.000000E+00,3.737247E-01,,,0.000000E+00,3.301332E-01,,,0.000000E+00,2.855817E-01,,,0.000000E+00,3.467509E-01,,,6.992610E-03,4.016633E-01,,,0.000000E+00,3.569110E-01
