Time,01_A1::Des Heat Load [W],01_A1:ADAKNASANNCLG.4CONDNSDBMWB:Des Sens Cool Load [W],01_A1::Des Heat Mass Flow [kg/s],01_A1:ADAKNASANNCLG.4CONDNSDBMWB:Des Cool Mass Flow [kg/s],01_A2::Des Heat Load [W],01_A2:ADAKNASANNCLG.4CONDNSDBMWB:Des Sens Cool Load [W],01_A2::Des Heat Mass Flow [kg/s],01_A2:ADAKNASANNCLG.4CONDNSDBMWB:Des Cool Mass Flow [kg/s],01_B2::Des Heat Load [W],01_B2:ADAKNASANNCLG.4CONDNSDBMWB:Des Sens Cool Load [W],01_B2::Des Heat Mass Flow [kg/s],01_B2:ADAKNASANNCLG.4CONDNSDBMWB:Des Cool Mass Flow [kg/s],01_C1::Des Heat Load [W],01_C1:ADAKNASANNCLG.4CONDNSDBMWB:Des Sens Cool Load [W],01_C1::Des Heat Mass Flow [kg/s],01_C1:ADAKNASANNCLG.4CONDNSDBMWB:Des Cool Mass Flow [kg/s],02_A1::Des Heat Load [W],02_A1:ADAKNASANNCLG.4CONDNSDBMWB:Des Sens Cool Load [W],02_A1::Des Heat Mass Flow [kg/s],02_A1:ADAKNASANNCLG.4CONDNSDBMWB:Des Cool Mass Flow [kg/s],02_A2::Des Heat Load [W],02_A2:ADAKNASANNCLG.4CONDNSDBMWB:Des Sens Cool Load [W],02_A2::Des Heat Mass Flow [kg/s],02_A2:ADAKNASANNCLG.4CONDNSDBMWB:Des Cool Mass Flow [kg/s],02_B2::Des Heat Load [W],02_B2:ADAKNASANNCLG.4CONDNSDBMWB:Des Sens Cool Load [W],02_B2::Des Heat Mass Flow [kg/s],02_B2:ADAKNASANNCLG.4CONDNSDBMWB:Des Cool Mass Flow [kg/s],02_C1::Des Heat Load [W],02_C1:ADAKNASANNCLG.4CONDNSDBMWB:Des Sens Cool Load [W],02_C1::Des Heat Mass Flow [kg/s],02_C1:ADAKNASANNCLG.4CONDNSDBMWB:Des Cool Mass Flow [kg/s],03_A1::Des Heat Load [W],03_A1:ADAKNASANNCLG.4CONDNSDBMWB:Des Sens Cool Load [W],03_A1::Des Heat Mass Flow [kg/s],03_A1:ADAKNASANNCLG.4CONDNSDBMWB:Des Cool Mass Flow [kg/s],03_A2::Des Heat Load [W],03_A2:ADAKNASANNCLG.4CONDNSDBMWB:Des Sens Cool Load [W],03_A2::Des Heat Mass Flow [kg/s],03_A2:ADAKNASANNCLG.4CONDNSDBMWB:Des Cool Mass Flow [kg/s],03_B2::Des Heat Load [W],03_B2:ADAKNASANNCLG.4CONDNSDBMWB:Des Sens Cool Load [W],03_B2::Des Heat Mass Flow [kg/s],03_B2:ADAKNASANNCLG.4CONDNSDBMWB:Des Cool Mass Flow [kg/s],03_C1::Des Heat Load [W],03_C1:ADAKNASANNCLG.4CONDNSDBMWB:Des Sens Cool Load [W],03_C1::Des Heat Mass Flow [kg/s],03_C1:ADAKNASANNCLG.4CONDNSDBMWB:Des Cool Mass Flow [kg/s]
00:10:00,0.000000E+00,1.116854E+03,0.000000E+00,7.872836E-02,0.000000E+00,1.239793E+03,0.000000E+00,8.740849E-02,0.000000E+00,6.847849E+02,0.000000E+00,4.827414E-02,0.000000E+00,5.557069E+02,0.000000E+00,3.917425E-02,0.000000E+00,2.710806E+03,0.000000E+00,1.911175E-01,0.000000E+00,2.692616E+03,0.000000E+00,1.898339E-01,0.000000E+00,3.035545E+03,0.000000E+00,2.140036E-01,0.000000E+00,3.047574E+03,0.000000E+00,2.148520E-01,0.000000E+00,2.711487E+03,0.000000E+00,1.911654E-01,0.000000E+00,2.819814E+03,0.000000E+00,1.987994E-01,0.000000E+00,2.984884E+03,0.000000E+00,2.104318E-01,0.000000E+00,3.031792E+03,0.000000E+00,2.137392E-01
00:20:00,0.000000E+00,1.040057E+03,0.000000E+00,7.331483E-02,0.000000E+00,1.167329E+03,0.000000E+00,8.229918E-02,0.000000E+00,5.982012E+02,0.000000E+00,4.217021E-02,0.000000E+00,4.678353E+02,0.000000E+00,3.297967E-02,0.000000E+00,2.631484E+03,0.000000E+00,1.855241E-01,0.000000E+00,2.604396E+03,0.000000E+00,1.836134E-01,0.000000E+00,2.938617E+03,0.000000E+00,2.071694E-01,0.000000E+00,2.953616E+03,0.000000E+00,2.082272E-01,0.000000E+00,2.627411E+03,0.000000E+00,1.852368E-01,0.000000E+00,2.729083E+03,0.000000E+00,1.924019E-01,0.000000E+00,2.883984E+03,0.000000E+00,2.033176E-01,0.000000E+00,2.932505E+03,0.000000E+00,2.067387E-01
00:30:00,0.000000E+00,9.630604E+02,0.000000E+00,6.788719E-02,0.000000E+00,1.094961E+03,0.000000E+00,7.719659E-02,0.000000E+00,5.116721E+02,0.000000E+00,3.607014E-02,0.000000E+00,3.797994E+02,0.000000E+00,2.677354E-02,0.000000E+00,2.551629E+03,0.000000E+00,1.798932E-01,0.000000E+00,2.515916E+03,0.000000E+00,1.773746E-01,0.000000E+00,2.841466E+03,0.000000E+00,2.003195E-01,0.000000E+00,2.859141E+03,0.000000E+00,2.015660E-01,0.000000E+00,2.542878E+03,0.000000E+00,1.792761E-01,0.000000E+00,2.638095E+03,0.000000E+00,1.859862E-01,0.000000E+00,2.782944E+03,0.000000E+00,1.961936E-01,0.000000E+00,2.832803E+03,0.000000E+00,1.997090E-01
00:40:00,0.000000E+00,8.858758E+02,0.000000E+00,6.244632E-02,0.000000E+00,1.022745E+03,0.000000E+00,7.210476E-02,0.000000E+00,4.252157E+02,0.000000E+00,2.997521E-02,0.000000E+00,2.916441E+02,0.000000E+00,2.055901E-02,0.000000E+00,2.471260E+03,0.000000E+00,1.742260E-01,0.000000E+00,2.427195E+03,0.000000E+00,1.711188E-01,0.000000E+00,2.744095E+03,0.000000E+00,1.934541E-01,0.000000E+00,2.764165E+03,0.000000E+00,1.948695E-01,0.000000E+00,2.457909E+03,0.000000E+00,1.732846E-01,0.000000E+00,2.546855E+03,0.000000E+00,1.795528E-01,0.000000E+00,2.681761E+03,0.000000E+00,1.890595E-01,0.000000E+00,2.732700E+03,0.000000E+00,1.926511E-01
00:50:00,0.000000E+00,8.084997E+02,0.000000E+00,5.699196E-02,0.000000E+00,9.506447E+02,0.000000E+00,6.702110E-02,0.000000E+00,3.387982E+02,0.000000E+00,2.388300E-02,0.000000E+00,2.033547E+02,0.000000E+00,1.433502E-02,0.000000E+00,2.390385E+03,0.000000E+00,1.685233E-01,0.000000E+00,2.338213E+03,0.000000E+00,1.648446E-01,0.000000E+00,2.646491E+03,0.000000E+00,1.865723E-01,0.000000E+00,2.668692E+03,0.000000E+00,1.881379E-01,0.000000E+00,2.372495E+03,0.000000E+00,1.672619E-01,0.000000E+00,2.455328E+03,0.000000E+00,1.730992E-01,0.000000E+00,2.580398E+03,0.000000E+00,1.819127E-01,0.000000E+00,2.632181E+03,0.000000E+00,1.855637E-01
01:00:00,0.000000E+00,7.309696E+02,0.000000E+00,5.152674E-02,0.000000E+00,8.786886E+02,0.000000E+00,6.194757E-02,0.000000E+00,2.524486E+02,0.000000E+00,1.779558E-02,0.000000E+00,1.149726E+02,0.000000E+00,8.104501E-03,0.000000E+00,2.309039E+03,0.000000E+00,1.627873E-01,0.000000E+00,2.249003E+03,0.000000E+00,1.585544E-01,0.000000E+00,2.548689E+03,0.000000E+00,1.796766E-01,0.000000E+00,2.572759E+03,0.000000E+00,1.813739E-01,0.000000E+00,2.286696E+03,0.000000E+00,1.612120E-01,0.000000E+00,2.363600E+03,0.000000E+00,1.666314E-01,0.000000E+00,2.478925E+03,0.000000E+00,1.747582E-01,0.000000E+00,2.531310E+03,0.000000E+00,1.784516E-01
01:10:00,0.000000E+00,6.953076E+02,0.000000E+00,4.901285E-02,0.000000E+00,8.470234E+02,0.000000E+00,5.971471E-02,0.000000E+00,2.134261E+02,0.000000E+00,1.504459E-02,0.000000E+00,8.506814E+01,0.000000E+00,5.996393E-03,0.000000E+00,2.266679E+03,0.000000E+00,1.598000E-01,0.000000E+00,2.200507E+03,0.000000E+00,1.551345E-01,0.000000E+00,2.494649E+03,0.000000E+00,1.758660E-01,0.000000E+00,2.521448E+03,0.000000E+00,1.777558E-01,0.000000E+00,2.243024E+03,0.000000E+00,1.581321E-01,0.000000E+00,2.316512E+03,0.000000E+00,1.633108E-01,0.000000E+00,2.425146E+03,0.000000E+00,1.709660E-01,0.000000E+00,2.478897E+03,0.000000E+00,1.747558E-01
01:20:00,0.000000E+00,6.621223E+02,0.000000E+00,4.667356E-02,0.000000E+00,8.193350E+02,0.000000E+00,5.776264E-02,0.000000E+00,1.771675E+02,0.000000E+00,1.248865E-02,0.000000E+00,6.103597E+01,0.000000E+00,4.302372E-03,0.000000E+00,2.226466E+03,0.000000E+00,1.569644E-01,0.000000E+00,2.156317E+03,0.000000E+00,1.520187E-01,0.000000E+00,2.443298E+03,0.000000E+00,1.722455E-01,0.000000E+00,2.472607E+03,0.000000E+00,1.743122E-01,0.000000E+00,2.201088E+03,0.000000E+00,1.551751E-01,0.000000E+00,2.271284E+03,0.000000E+00,1.601218E-01,0.000000E+00,2.373517E+03,0.000000E+00,1.673260E-01,0.000000E+00,2.428478E+03,0.000000E+00,1.712010E-01
01:30:00,0.000000E+00,6.302950E+02,0.000000E+00,4.442999E-02,0.000000E+00,7.928928E+02,0.000000E+00,5.589848E-02,0.000000E+00,1.424847E+02,0.000000E+00,1.004381E-02,0.000000E+00,4.127525E+01,0.000000E+00,2.909450E-03,0.000000E+00,2.187493E+03,0.000000E+00,1.542164E-01,0.000000E+00,2.113523E+03,0.000000E+00,1.490014E-01,0.000000E+00,2.393509E+03,0.000000E+00,1.687351E-01,0.000000E+00,2.425196E+03,0.000000E+00,1.709696E-01,0.000000E+00,2.160335E+03,0.000000E+00,1.523017E-01,0.000000E+00,2.227273E+03,0.000000E+00,1.570187E-01,0.000000E+00,2.323290E+03,0.000000E+00,1.637848E-01,0.000000E+00,2.379397E+03,0.000000E+00,1.677407E-01
01:40:00,0.000000E+00,5.994046E+02,0.000000E+00,4.225247E-02,0.000000E+00,7.672608E+02,0.000000E+00,5.409141E-02,0.000000E+00,1.087616E+02,0.000000E+00,7.666632E-03,0.000000E+00,2.476585E+01,0.000000E+00,1.745717E-03,0.000000E+00,2.149367E+03,0.000000E+00,1.515282E-01,0.000000E+00,2.071726E+03,0.000000E+00,1.460545E-01,0.000000E+00,2.344790E+03,0.000000E+00,1.653003E-01,0.000000E+00,2.378755E+03,0.000000E+00,1.676953E-01,0.000000E+00,2.120505E+03,0.000000E+00,1.494934E-01,0.000000E+00,2.184192E+03,0.000000E+00,1.539813E-01,0.000000E+00,2.274144E+03,0.000000E+00,1.603198E-01,0.000000E+00,2.331360E+03,0.000000E+00,1.643539E-01
01:50:00,0.000000E+00,5.692476E+02,0.000000E+00,4.012665E-02,0.000000E+00,7.422122E+02,0.000000E+00,5.232545E-02,0.000000E+00,7.578023E+01,0.000000E+00,5.341739E-03,0.000000E+00,1.110961E+01,0.000000E+00,7.831028E-04,0.000000E+00,2.111901E+03,0.000000E+00,1.488866E-01,0.000000E+00,2.030690E+03,0.000000E+00,1.431613E-01,0.000000E+00,2.296929E+03,0.000000E+00,1.619260E-01,0.000000E+00,2.333088E+03,0.000000E+00,1.644756E-01,0.000000E+00,2.081456E+03,0.000000E+00,1.467402E-01,0.000000E+00,2.141902E+03,0.000000E+00,1.509996E-01,0.000000E+00,2.225925E+03,0.000000E+00,1.569203E-01,0.000000E+00,2.284226E+03,0.000000E+00,1.610308E-01
02:00:00,0.000000E+00,5.396862E+02,0.000000E+00,3.804282E-02,0.000000E+00,7.176052E+02,0.000000E+00,5.059059E-02,0.000000E+00,4.339340E+01,0.000000E+00,3.058764E-03,0.000000E+00,0.000000E+00,0.000000E+00,0.000000E+00,0.000000E+00,2.074977E+03,0.000000E+00,1.462832E-01,0.000000E+00,1.990273E+03,0.000000E+00,1.403116E-01,0.000000E+00,2.249792E+03,0.000000E+00,1.586027E-01,0.000000E+00,2.288068E+03,0.000000E+00,1.613016E-01,0.000000E+00,2.043061E+03,0.000000E+00,1.440330E-01,0.000000E+00,2.100260E+03,0.000000E+00,1.480637E-01,0.000000E+00,2.178490E+03,0.000000E+00,1.535760E-01,0.000000E+00,2.237860E+03,0.000000E+00,1.577619E-01
02:10:00,0.000000E+00,5.191617E+02,0.000000E+00,3.659601E-02,0.000000E+00,7.008308E+02,0.000000E+00,4.940793E-02,0.000000E+00,2.990647E+01,0.000000E+00,2.108062E-03,0.000000E+00,0.000000E+00,0.000000E+00,0.000000E+00,0.000000E+00,2.046470E+03,0.000000E+00,1.442732E-01,0.000000E+00,1.958606E+03,0.000000E+00,1.380790E-01,0.000000E+00,2.211985E+03,0.000000E+00,1.559372E-01,0.000000E+00,2.252418E+03,0.000000E+00,1.587882E-01,0.000000E+00,2.013886E+03,0.000000E+00,1.419760E-01,0.000000E+00,2.068408E+03,0.000000E+00,1.458179E-01,0.000000E+00,2.141319E+03,0.000000E+00,1.509554E-01,0.000000E+00,2.201828E+03,0.000000E+00,1.552215E-01
02:20:00,0.000000E+00,4.996629E+02,0.000000E+00,3.522151E-02,0.000000E+00,6.845649E+02,0.000000E+00,4.826117E-02,0.000000E+00,1.955489E+01,0.000000E+00,1.378392E-03,0.000000E+00,0.000000E+00,0.000000E+00,0.000000E+00,0.000000E+00,2.018952E+03,0.000000E+00,1.423330E-01,0.000000E+00,1.928438E+03,0.000000E+00,1.359520E-01,0.000000E+00,2.175414E+03,0.000000E+00,1.533589E-01,0.000000E+00,2.217917E+03,0.000000E+00,1.563558E-01,0.000000E+00,1.985698E+03,0.000000E+00,1.399886E-01,0.000000E+00,2.037563E+03,0.000000E+00,1.436433E-01,0.000000E+00,2.105307E+03,0.000000E+00,1.484165E-01,0.000000E+00,2.166936E+03,0.000000E+00,1.527617E-01
02:30:00,0.000000E+00,4.808586E+02,0.000000E+00,3.389596E-02,0.000000E+00,6.689044E+02,0.000000E+00,4.715708E-02,0.000000E+00,1.169005E+01,0.000000E+00,8.240104E-04,0.000000E+00,0.000000E+00,0.000000E+00,0.000000E+00,0.000000E+00,1.992155E+03,0.000000E+00,1.404437E-01,0.000000E+00,1.899049E+03,0.000000E+00,1.338800E-01,0.000000E+00,2.139752E+03,0.000000E+00,1.508447E-01,0.000000E+00,2.184255E+03,0.000000E+00,1.539826E-01,0.000000E+00,1.958275E+03,0.000000E+00,1.380551E-01,0.000000E+00,2.007464E+03,0.000000E+00,1.415212E-01,0.000000E+00,2.070174E+03,0.000000E+00,1.459396E-01,0.000000E+00,2.132929E+03,0.000000E+00,1.503641E-01
02:40:00,0.000000E+00,4.626220E+02,0.000000E+00,3.261043E-02,0.000000E+00,6.536600E+02,0.000000E+00,4.608231E-02,0.000000E+00,5.926815E+00,0.000000E+00,4.177698E-04,0.000000E+00,0.000000E+00,0.000000E+00,0.000000E+00,0.000000E+00,1.965961E+03,0.000000E+00,1.385969E-01,0.000000E+00,1.870324E+03,0.000000E+00,1.318548E-01,0.000000E+00,2.104871E+03,0.000000E+00,1.483856E-01,0.000000E+00,2.151295E+03,0.000000E+00,1.516589E-01,0.000000E+00,1.931535E+03,0.000000E+00,1.361699E-01,0.000000E+00,1.978049E+03,0.000000E+00,1.394474E-01,0.000000E+00,2.035841E+03,0.000000E+00,1.435192E-01,0.000000E+00,2.099720E+03,0.000000E+00,1.480229E-01
02:50:00,0.000000E+00,4.448666E+02,0.000000E+00,3.135884E-02,0.000000E+00,6.387767E+02,0.000000E+00,4.503302E-02,0.000000E+00,2.077786E+00,0.000000E+00,1.464589E-04,0.000000E+00,0.000000E+00,0.000000E+00,0.000000E+00,0.000000E+00,1.940297E+03,0.000000E+00,1.367876E-01,0.000000E+00,1.842187E+03,0.000000E+00,1.298711E-01,0.000000E+00,2.070694E+03,0.000000E+00,1.459761E-01,0.000000E+00,2.118956E+03,0.000000E+00,1.493790E-01,0.000000E+00,1.905407E+03,0.000000E+00,1.343278E-01,0.000000E+00,1.949258E+03,0.000000E+00,1.374175E-01,0.000000E+00,2.002244E+03,0.000000E+00,1.411506E-01,0.000000E+00,2.067240E+03,0.000000E+00,1.457331E-01
03:00:00,0.000000E+00,4.275323E+02,0.000000E+00,3.013691E-02,0.000000E+00,6.242058E+02,0.000000E+00,4.400573E-02,0.000000E+00,0.000000E+00,0.000000E+00,0.000000E+00,0.000000E+00,0.000000E+00,0.000000E+00,0.000000E+00,0.000000E+00,1.915113E+03,0.000000E+00,1.350120E-01,0.000000E+00,1.814585E+03,0.000000E+00,1.279252E-01,0.000000E+00,2.037169E+03,0.000000E+00,1.436126E-01,0.000000E+00,2.087179E+03,0.000000E+00,1.471387E-01,0.000000E+00,1.879834E+03,0.000000E+00,1.325248E-01,0.000000E+00,1.921037E+03,0.000000E+00,1.354280E-01,0.000000E+00,1.969327E+03,0.000000E+00,1.388300E-01,0.000000E+00,2.035427E+03,0.000000E+00,1.434903E-01
03:10:00,0.000000E+00,4.148191E+02,0.000000E+00,2.924074E-02,0.000000E+00,6.136334E+02,0.000000E+00,4.326035E-02,0.000000E+00,0.000000E+00,0.000000E+00,0.000000E+00,0.000000E+00,0.000000E+00,0.000000E+00,0.000000E+00,0.000000E+00,1.894329E+03,0.000000E+00,1.335466E-01,0.000000E+00,1.791540E+03,0.000000E+00,1.263004E-01,0.000000E+00,2.008570E+03,0.000000E+00,1.415964E-01,0.000000E+00,2.060298E+03,0.000000E+00,1.452436E-01,0.000000E+00,1.859063E+03,0.000000E+00,1.310604E-01,0.000000E+00,1.897901E+03,0.000000E+00,1.337968E-01,0.000000E+00,1.941779E+03,0.000000E+00,1.368878E-01,0.000000E+00,2.009017E+03,0.000000E+00,1.416284E-01
03:20:00,0.000000E+00,4.027152E+02,0.000000E+00,2.838752E-02,0.000000E+00,6.037525E+02,0.000000E+00,4.256375E-02,0.000000E+00,0.000000E+00,0.000000E+00,0.000000E+00,0.000000E+00,0.000000E+00,0.000000E+00,0.000000E+00,0.000000E+00,1.874224E+03,0.000000E+00,1.321292E-01,0.000000E+00,1.769434E+03,0.000000E+00,1.247420E-01,0.000000E+00,1.980835E+03,0.000000E+00,1.396411E-01,0.000000E+00,2.034189E+03,0.000000E+00,1.434029E-01,0.000000E+00,1.838969E+03,0.000000E+00,1.296437E-01,0.000000E+00,1.875466E+03,0.000000E+00,1.322151E-01,0.000000E+00,1.915044E+03,0.000000E+00,1.350030E-01,0.000000E+00,1.983402E+03,0.000000E+00,1.398226E-01
03:30:00,0.000000E+00,3.910568E+02,0.000000E+00,2.756571E-02,0.000000E+00,5.942303E+02,0.000000E+00,4.189245E-02,0.000000E+00,0.000000E+00,0.000000E+00,0.000000E+00,0.000000E+00,0.000000E+00,0.000000E+00,0.000000E+00,0.000000E+00,1.854665E+03,0.000000E+00,1.307502E-01,0.000000E+00,1.747917E+03,0.000000E+00,1.232250E-01,0.000000E+00,1.953802E+03,0.000000E+00,1.377353E-01,0.000000E+00,2.008698E+03,0.000000E+00,1.416058E-01,0.000000E+00,1.819451E+03,0.000000E+00,1.282677E-01,0.000000E+00,1.853618E+03,0.000000E+00,1.306748E-01,0.000000E+00,1.888998E+03,0.000000E+00,1.331669E-01,0.000000E+00,1.958462E+03,0.000000E+00,1.380643E-01
03:40:00,0.000000E+00,3.797693E+02,0.000000E+00,2.677004E-02,0.000000E+00,5.849888E+02,0.000000E+00,4.124094E-02,0.000000E+00,0.000000E+00,0.000000E+00,0.000000E+00,0.000000E+00,0.000000E+00,0.000000E+00,0.000000E+00,0.000000E+00,1.835582E+03,0.000000E+00,1.294049E-01,0.000000E+00,1.726921E+03,0.000000E+00,1.217448E-01,0.000000E+00,1.927386E+03,0.000000E+00,1.358730E-01,0.000000E+00,1.983742E+03,0.000000E+00,1.398465E-01,0.000000E+00,1.800447E+03,0.000000E+00,1.269279E-01,0.000000E+00,1.832301E+03,0.000000E+00,1.291720E-01,0.000000E+00,1.863579E+03,0.000000E+00,1.313749E-01,0.000000E+00,1.934135E+03,0.000000E+00,1.363493E-01
03:50:00,0.000000E+00,3.688082E+02,0.000000E+00,2.599737E-02,0.000000E+00,5.759916E+02,0.000000E+00,4.060664E-02,0.000000E+00,0.000000E+00,0.000000E+00,0.000000E+00,0.000000E+00,0.000000E+00,0.000000E+00,0.000000E+00,0.000000E+00,1.816933E+03,0.000000E+00,1.280901E-01,0.000000E+00,1.706399E+03,0.000000E+00,1.202980E-01,0.000000E+00,1.901535E+03,0.000000E+00,1.340506E-01,0.000000E+00,1.959275E+03,0.000000E+00,1.381216E-01,0.000000E+00,1.781914E+03,0.000000E+00,1.256213E-01,0.000000E+00,1.811474E+03,0.000000E+00,1.277037E-01,0.000000E+00,1.838742E+03,0.000000E+00,1.296239E-01,0.000000E+00,1.910371E+03,0.000000E+00,1.346740E-01
04:00:00,0.000000E+00,3.581369E+02,0.000000E+00,2.524515E-02,0.000000E+00,5.672120E+02,0.000000E+00,3.998769E-02,0.000000E+00,0.000000E+00,0.000000E+00,0.000000E+00,0.000000E+00,0.000000E+00,0.000000E+00,0.000000E+00,0.000000E+00,1.798683E+03,0.000000E+00,1.268035E-01,0.000000E+00,1.686318E+03,0.000000E+00,1.188823E-01,0.000000E+00,1.876211E+03,0.000000E+00,1.322653E-01,0.000000E+00,1.935262E+03,0.000000E+00,1.364287E-01,0.000000E+00,1.763813E+03,0.000000E+00,1.243452E-01,0.000000E+00,1.791104E+03,0.000000E+00,1.262676E-01,0.000000E+00,1.814453E+03,0.000000E+00,1.279116E-01,0.000000E+00,1.887133E+03,0.000000E+00,1.330358E-01
04:10:00,0.000000E+00,3.567518E+02,0.000000E+00,2.514750E-02,0.000000E+00,5.671240E+02,0.000000E+00,3.998149E-02,0.000000E+00,0.000000E+00,0.000000E+00,0.000000E+00,0.000000E+00,0.000000E+00,0.000000E+00,0.000000E+00,0.000000E+00,1.789552E+03,0.000000E+00,1.261597E-01,0.000000E+00,1.675358E+03,0.000000E+00,1.181096E-01,0.000000E+00,1.862064E+03,0.000000E+00,1.312679E-01,0.000000E+00,1.923118E+03,0.000000E+00,1.355725E-01,0.000000E+00,1.755210E+03,0.000000E+00,1.237386E-01,0.000000E+00,1.780428E+03,0.000000E+00,1.255150E-01,0.000000E+00,1.801807E+03,0.000000E+00,1.270200E-01,0.000000E+00,1.876263E+03,0.000000E+00,1.322694E-01
04:20:00,0.000000E+00,3.559016E+02,0.000000E+00,2.508756E-02,0.000000E+00,5.676132E+02,0.000000E+00,4.001606E-02,0.000000E+00,0.000000E+00,0.000000E+00,0.000000E+00,0.000000E+00,0.000000E+00,0.000000E+00,0.000000E+00,0.000000E+00,1.781060E+03,0.000000E+00,1.255610E-01,0.000000E+00,1.665285E+03,0.000000E+00,1.173996E-01,0.000000E+00,1.848707E+03,0.000000E+00,1.303264E-01,0.000000E+00,1.911702E+03,0.000000E+00,1.347678E-01,0.000000E+00,1.747215E+03,0.000000E+00,1.231750E-01,0.000000E+00,1.770390E+03,0.000000E+00,1.248073E-01,0.000000E+00,1.789906E+03,0.000000E+00,1.261811E-01,0.000000E+00,1.866117E+03,0.000000E+00,1.315542E-01
04:30:00,0.000000E+00,3.554462E+02,0.000000E+00,2.505545E-02,0.000000E+00,5.684110E+02,0.000000E+00,4.007240E-02,0.000000E+00,0.000000E+00,0.000000E+00,0.000000E+00,0.000000E+00,0.000000E+00,0.000000E+00,0.000000E+00,0.000000E+00,1.773098E+03,0.000000E+00,1.249998E-01,0.000000E+00,1.655778E+03,0.000000E+00,1.167294E-01,0.000000E+00,1.836019E+03,0.000000E+00,1.294319E-01,0.000000E+00,1.900905E+03,0.000000E+00,1.340067E-01,0.000000E+00,1.739757E+03,0.000000E+00,1.226493E-01,0.000000E+00,1.760916E+03,0.000000E+00,1.241395E-01,0.000000E+00,1.778675E+03,0.000000E+00,1.253894E-01,0.000000E+00,1.856634E+03,0.000000E+00,1.308858E-01
04:40:00,0.000000E+00,3.553336E+02,0.000000E+00,2.504751E-02,0.000000E+00,5.694720E+02,0.000000E+00,4.014729E-02,0.000000E+00,0.000000E+00,0.000000E+00,0.000000E+00,0.000000E+00,0.000000E+00,0.000000E+00,0.000000E+00,0.000000E+00,1.765619E+03,0.000000E+00,1.244726E-01,0.000000E+00,1.646802E+03,0.000000E+00,1.160967E-01,0.000000E+00,1.823946E+03,0.000000E+00,1.285809E-01,0.000000E+00,1.890675E+03,0.000000E+00,1.332856E-01,0.000000E+00,1.732812E+03,0.000000E+00,1.221597E-01,0.000000E+00,1.751999E+03,0.000000E+00,1.235109E-01,0.000000E+00,1.768097E+03,0.000000E+00,1.246437E-01,0.000000E+00,1.847782E+03,0.000000E+00,1.302618E-01
04:50:00,0.000000E+00,3.555185E+02,0.000000E+00,2.506053E-02,0.000000E+00,5.707571E+02,0.000000E+00,4.023797E-02,0.000000E+00,0.000000E+00,0.000000E+00,0.000000E+00,0.000000E+00,0.000000E+00,0.000000E+00,0.000000E+00,0.000000E+00,1.758576E+03,0.000000E+00,1.239760E-01,0.000000E+00,1.638305E+03,0.000000E+00,1.154977E-01,0.000000E+00,1.812432E+03,0.000000E+00,1.277692E-01,0.000000E+00,1.880963E+03,0.000000E+00,1.326010E-01,0.000000E+00,1.726325E+03,0.000000E+00,1.217024E-01,0.000000E+00,1.743572E+03,0.000000E+00,1.229168E-01,0.000000E+00,1.758105E+03,0.000000E+00,1.239394E-01,0.000000E+00,1.839503E+03,0.000000E+00,1.296782E-01
05:00:00,0.000000E+00,3.559738E+02,0.000000E+00,2.509262E-02,0.000000E+00,5.722393E+02,0.000000E+00,4.034255E-02,0.000000E+00,0.000000E+00,0.000000E+00,0.000000E+00,0.000000E+00,0.000000E+00,0.000000E+00,0.000000E+00,0.000000E+00,1.751939E+03,0.000000E+00,1.235082E-01,0.000000E+00,1.630250E+03,0.000000E+00,1.149299E-01,0.000000E+00,1.801447E+03,0.000000E+00,1.269949E-01,0.000000E+00,1.871742E+03,0.000000E+00,1.319509E-01,0.000000E+00,1.720263E+03,0.000000E+00,1.212751E-01,0.000000E+00,1.735604E+03,0.000000E+00,1.223552E-01,0.000000E+00,1.748666E+03,0.000000E+00,1.232740E-01,0.000000E+00,1.831762E+03,0.000000E+00,1.291325E-01
05:10:00,0.000000E+00,3.814399E+02,0.000000E+00,2.688771E-02,0.000000E+00,5.965056E+02,0.000000E+00,4.205339E-02,0.000000E+00,0.000000E+00,0.000000E+00,0.000000E+00,0.000000E+00,0.000000E+00,0.000000E+00,0.000000E+00,0.000000E+00,1.769019E+03,0.000000E+00,1.247123E-01,0.000000E+00,1.645988E+03,0.000000E+00,1.160394E-01,0.000000E+00,1.817286E+03,0.000000E+00,1.281115E-01,0.000000E+00,1.890137E+03,0.000000E+00,1.332478E-01,0.000000E+00,1.739642E+03,0.000000E+00,1.226413E-01,0.000000E+00,1.754359E+03,0.000000E+00,1.236773E-01,0.000000E+00,1.768213E+03,0.000000E+00,1.246520E-01,0.000000E+00,1.853764E+03,0.000000E+00,1.306836E-01
05:20:00,0.000000E+00,4.086274E+02,0.000000E+00,2.880415E-02,0.000000E+00,6.228193E+02,0.000000E+00,4.390892E-02,0.000000E+00,0.000000E+00,0.000000E+00,0.000000E+00,0.000000E+00,0.000000E+00,0.000000E+00,0.000000E+00,0.000000E+00,1.787926E+03,0.000000E+00,1.260455E-01,0.000000E+00,1.664620E+03,0.000000E+00,1.173532E-01,0.000000E+00,1.835267E+03,0.000000E+00,1.293793E-01,0.000000E+00,1.910647E+03,0.000000E+00,1.346939E-01,0.000000E+00,1.760612E+03,0.000000E+00,1.241199E-01,0.000000E+00,1.774763E+03,0.000000E+00,1.251160E-01,0.000000E+00,1.789616E+03,0.000000E+00,1.261611E-01,0.000000E+00,1.877628E+03,0.000000E+00,1.323663E-01
05:30:00,0.000000E+00,4.368980E+02,0.000000E+00,3.079694E-02,0.000000E+00,6.499723E+02,0.000000E+00,4.582367E-02,0.000000E+00,0.000000E+00,0.000000E+00,0.000000E+00,0.000000E+00,0.000000E+00,0.000000E+00,0.000000E+00,0.000000E+00,1.808143E+03,0.000000E+00,1.274710E-01,0.000000E+00,1.684559E+03,0.000000E+00,1.187592E-01,0.000000E+00,1.854767E+03,0.000000E+00,1.307543E-01,0.000000E+00,1.932703E+03,0.000000E+00,1.362491E-01,0.000000E+00,1.782836E+03,0.000000E+00,1.256870E-01,0.000000E+00,1.796412E+03,0.000000E+00,1.266425E-01,0.000000E+00,1.812439E+03,0.000000E+00,1.277704E-01,0.000000E+00,1.902980E+03,0.000000E+00,1.341538E-01
05:40:00,0.000000E+00,4.660048E+02,0.000000E+00,3.284867E-02,0.000000E+00,6.777209E+02,0.000000E+00,4.778039E-02,0.000000E+00,0.000000E+00,0.000000E+00,0.000000E+00,0.000000E+00,0.000000E+00,0.000000E+00,0.000000E+00,0.000000E+00,1.829416E+03,0.000000E+00,1.289710E-01,0.000000E+00,1.705558E+03,0.000000E+00,1.202400E-01,0.000000E+00,1.875475E+03,0.000000E+00,1.322144E-01,0.000000E+00,1.956008E+03,0.000000E+00,1.378923E-01,0.000000E+00,1.806131E+03,0.000000E+00,1.273296E-01,0.000000E+00,1.819101E+03,0.000000E+00,1.282424E-01,0.000000E+00,1.836454E+03,0.000000E+00,1.294637E-01,0.000000E+00,1.929603E+03,0.000000E+00,1.360310E-01
05:50:00,0.000000E+00,4.958377E+02,0.000000E+00,3.495158E-02,0.000000E+00,7.059630E+02,0.000000E+00,4.977188E-02,0.000000E+00,0.000000E+00,0.000000E+00,0.000000E+00,0.000000E+00,0.000000E+00,0.000000E+00,0.000000E+00,0.000000E+00,1.851640E+03,0.000000E+00,1.305382E-01,0.000000E+00,1.727503E+03,0.000000E+00,1.217874E-01,0.000000E+00,1.897298E+03,0.000000E+00,1.337531E-01,0.000000E+00,1.980469E+03,0.000000E+00,1.396170E-01,0.000000E+00,1.830428E+03,0.000000E+00,1.290428E-01,0.000000E+00,1.842792E+03,0.000000E+00,1.299129E-01,0.000000E+00,1.861615E+03,0.000000E+00,1.312378E-01,0.000000E+00,1.957442E+03,0.000000E+00,1.379939E-01
06:00:00,0.000000E+00,5.263282E+02,0.000000E+00,3.710085E-02,0.000000E+00,7.346411E+02,0.000000E+00,5.179408E-02,0.000000E+00,0.000000E+00,0.000000E+00,0.000000E+00,0.000000E+00,0.000000E+00,0.000000E+00,0.000000E+00,0.000000E+00,1.874737E+03,0.000000E+00,1.321667E-01,0.000000E+00,1.750314E+03,0.000000E+00,1.233959E-01,0.000000E+00,1.920159E+03,0.000000E+00,1.353650E-01,0.000000E+00,2.006011E+03,0.000000E+00,1.414180E-01,0.000000E+00,1.855647E+03,0.000000E+00,1.308210E-01,0.000000E+00,1.867407E+03,0.000000E+00,1.316484E-01,0.000000E+00,1.887837E+03,0.000000E+00,1.330866E-01,0.000000E+00,1.986414E+03,0.000000E+00,1.400366E-01
06:10:00,0.000000E+00,5.766252E+02,0.000000E+00,4.064628E-02,0.000000E+00,7.802966E+02,0.000000E+00,5.501330E-02,0.000000E+00,5.413387E+01,0.000000E+00,3.819574E-03,0.000000E+00,0.000000E+00,0.000000E+00,0.000000E+00,0.000000E+00,1.916131E+03,0.000000E+00,1.350854E-01,0.000000E+00,1.791783E+03,0.000000E+00,1.263198E-01,0.000000E+00,1.961620E+03,0.000000E+00,1.382882E-01,0.000000E+00,2.049632E+03,0.000000E+00,1.444935E-01,0.000000E+00,1.901278E+03,0.000000E+00,1.340383E-01,0.000000E+00,1.914239E+03,0.000000E+00,1.349503E-01,0.000000E+00,1.935268E+03,0.000000E+00,1.364307E-01,0.000000E+00,2.036015E+03,0.000000E+00,1.435337E-01
06:20:00,0.000000E+00,6.292413E+02,0.000000E+00,4.435517E-02,0.000000E+00,8.275092E+02,0.000000E+00,5.834272E-02,0.000000E+00,1.143580E+02,0.000000E+00,8.065558E-03,0.000000E+00,1.474943E+01,0.000000E+00,1.050374E-03,0.000000E+00,1.960030E+03,0.000000E+00,1.381808E-01,0.000000E+00,1.837113E+03,0.000000E+00,1.295161E-01,0.000000E+00,2.005980E+03,0.000000E+00,1.414160E-01,0.000000E+00,2.096209E+03,0.000000E+00,1.477776E-01,0.000000E+00,1.949128E+03,0.000000E+00,1.374123E-01,0.000000E+00,1.963280E+03,0.000000E+00,1.384083E-01,0.000000E+00,1.985182E+03,0.000000E+00,1.399500E-01,0.000000E+00,2.088209E+03,0.000000E+00,1.472138E-01
06:30:00,0.000000E+00,6.833634E+02,0.000000E+00,4.817023E-02,0.000000E+00,8.759056E+02,0.000000E+00,6.175575E-02,0.000000E+00,1.755669E+02,0.000000E+00,1.238104E-02,0.000000E+00,6.319359E+01,0.000000E+00,4.465357E-03,0.000000E+00,2.005759E+03,0.000000E+00,1.414053E-01,0.000000E+00,1.884213E+03,0.000000E+00,1.328374E-01,0.000000E+00,2.052434E+03,0.000000E+00,1.446914E-01,0.000000E+00,2.144985E+03,0.000000E+00,1.512168E-01,0.000000E+00,1.998741E+03,0.000000E+00,1.409107E-01,0.000000E+00,2.014020E+03,0.000000E+00,1.419860E-01,0.000000E+00,2.036998E+03,0.000000E+00,1.436035E-01,0.000000E+00,2.142462E+03,0.000000E+00,1.510392E-01
06:40:00,0.000000E+00,7.387010E+02,0.000000E+00,5.207097E-02,0.000000E+00,9.251886E+02,0.000000E+00,6.523122E-02,0.000000E+00,2.386608E+02,0.000000E+00,1.682943E-02,0.000000E+00,9.455320E+01,0.000000E+00,6.676197E-03,0.000000E+00,2.053026E+03,0.000000E+00,1.447383E-01,0.000000E+00,1.932835E+03,0.000000E+00,1.362659E-01,0.000000E+00,2.100649E+03,0.000000E+00,1.480911E-01,0.000000E+00,2.195642E+03,0.000000E+00,1.547886E-01,0.000000E+00,2.049927E+03,0.000000E+00,1.445200E-01,0.000000E+00,2.066273E+03,0.000000E+00,1.456705E-01,0.000000E+00,2.090503E+03,0.000000E+00,1.473761E-01,0.000000E+00,2.198566E+03,0.000000E+00,1.549950E-01
06:50:00,0.000000E+00,8.025480E+02,0.000000E+00,5.657153E-02,0.000000E+00,9.758470E+02,0.000000E+00,6.880359E-02,0.000000E+00,3.062515E+02,0.000000E+00,2.159489E-02,0.000000E+00,1.485974E+02,0.000000E+00,1.048606E-02,0.000000E+00,2.107488E+03,0.000000E+00,1.485786E-01,0.000000E+00,1.983788E+03,0.000000E+00,1.398588E-01,0.000000E+00,2.153227E+03,0.000000E+00,1.517983E-01,0.000000E+00,2.259591E+03,0.000000E+00,1.592974E-01,0.000000E+00,2.110437E+03,0.000000E+00,1.487867E-01,0.000000E+00,2.121759E+03,0.000000E+00,1.495828E-01,0.000000E+00,2.149996E+03,0.000000E+00,1.515708E-01,0.000000E+00,2.272581E+03,0.000000E+00,1.602135E-01
07:00:00,0.000000E+00,8.787662E+02,0.000000E+00,6.194414E-02,0.000000E+00,1.027930E+03,0.000000E+00,7.247632E-02,0.000000E+00,3.775570E+02,0.000000E+00,2.662233E-02,0.000000E+00,2.238420E+02,0.000000E+00,1.579088E-02,0.000000E+00,2.172496E+03,0.000000E+00,1.531625E-01,0.000000E+00,2.037014E+03,0.000000E+00,1.436121E-01,0.000000E+00,2.209769E+03,0.000000E+00,1.557850E-01,0.000000E+00,2.342831E+03,0.000000E+00,1.651665E-01,0.000000E+00,2.183771E+03,0.000000E+00,1.539576E-01,0.000000E+00,2.179934E+03,0.000000E+00,1.536849E-01,0.000000E+00,2.214434E+03,0.000000E+00,1.561142E-01,0.000000E+00,2.370583E+03,0.000000E+00,1.671234E-01
07:10:00,0.000000E+00,9.658982E+02,0.000000E+00,6.808607E-02,0.000000E+00,1.075444E+03,0.000000E+00,7.582705E-02,0.000000E+00,4.446630E+02,0.000000E+00,3.135092E-02,0.000000E+00,3.727459E+02,0.000000E+00,2.628953E-02,0.000000E+00,2.246260E+03,0.000000E+00,1.583639E-01,0.000000E+00,2.087273E+03,0.000000E+00,1.471561E-01,0.000000E+00,2.262435E+03,0.000000E+00,1.594986E-01,0.000000E+00,2.442623E+03,0.000000E+00,1.722028E-01,0.000000E+00,2.268769E+03,0.000000E+00,1.599512E-01,0.000000E+00,2.235379E+03,0.000000E+00,1.575945E-01,0.000000E+00,2.276055E+03,0.000000E+00,1.604592E-01,0.000000E+00,2.491058E+03,0.000000E+00,1.756179E-01
07:20:00,0.000000E+00,1.070338E+03,0.000000E+00,7.544806E-02,0.000000E+00,1.127294E+03,0.000000E+00,7.948348E-02,0.000000E+00,5.116796E+02,0.000000E+00,3.607775E-02,0.000000E+00,5.381517E+02,0.000000E+00,3.794440E-02,0.000000E+00,2.335698E+03,0.000000E+00,1.646707E-01,0.000000E+00,2.139973E+03,0.000000E+00,1.508724E-01,0.000000E+00,2.318976E+03,0.000000E+00,1.634854E-01,0.000000E+00,2.570611E+03,0.000000E+00,1.812272E-01,0.000000E+00,2.372175E+03,0.000000E+00,1.672428E-01,0.000000E+00,2.293886E+03,0.000000E+00,1.617201E-01,0.000000E+00,2.342630E+03,0.000000E+00,1.651534E-01,0.000000E+00,2.645144E+03,0.000000E+00,1.864826E-01
07:30:00,0.000000E+00,1.189636E+03,0.000000E+00,8.385733E-02,0.000000E+00,1.180850E+03,0.000000E+00,8.325986E-02,0.000000E+00,5.828205E+02,0.000000E+00,4.109548E-02,0.000000E+00,6.957557E+02,0.000000E+00,4.906204E-02,0.000000E+00,2.439421E+03,0.000000E+00,1.719847E-01,0.000000E+00,2.195195E+03,0.000000E+00,1.547664E-01,0.000000E+00,2.379170E+03,0.000000E+00,1.677298E-01,0.000000E+00,2.723671E+03,0.000000E+00,1.920196E-01,0.000000E+00,2.491745E+03,0.000000E+00,1.756742E-01,0.000000E+00,2.355612E+03,0.000000E+00,1.660727E-01,0.000000E+00,2.414030E+03,0.000000E+00,1.701879E-01,0.000000E+00,2.827845E+03,0.000000E+00,1.993649E-01
07:40:00,0.000000E+00,1.323120E+03,0.000000E+00,9.326669E-02,0.000000E+00,1.236280E+03,0.000000E+00,8.716836E-02,0.000000E+00,6.561542E+02,0.000000E+00,4.626783E-02,0.000000E+00,8.941103E+02,0.000000E+00,6.305377E-02,0.000000E+00,2.557280E+03,0.000000E+00,1.802955E-01,0.000000E+00,2.253059E+03,0.000000E+00,1.588468E-01,0.000000E+00,2.443052E+03,0.000000E+00,1.722341E-01,0.000000E+00,2.901305E+03,0.000000E+00,2.045446E-01,0.000000E+00,2.627383E+03,0.000000E+00,1.852386E-01,0.000000E+00,2.420696E+03,0.000000E+00,1.706620E-01,0.000000E+00,2.490406E+03,0.000000E+00,1.755732E-01,0.000000E+00,3.038782E+03,0.000000E+00,2.142382E-01
07:50:00,0.000000E+00,1.462531E+03,0.000000E+00,1.030937E-01,0.000000E+00,1.292986E+03,0.000000E+00,9.116690E-02,0.000000E+00,7.289216E+02,0.000000E+00,5.140020E-02,0.000000E+00,1.091762E+03,0.000000E+00,7.699730E-02,0.000000E+00,2.683133E+03,0.000000E+00,1.891698E-01,0.000000E+00,2.312666E+03,0.000000E+00,1.630500E-01,0.000000E+00,2.507924E+03,0.000000E+00,1.768083E-01,0.000000E+00,3.091138E+03,0.000000E+00,2.179297E-01,0.000000E+00,2.770831E+03,0.000000E+00,1.953535E-01,0.000000E+00,2.487394E+03,0.000000E+00,1.753650E-01,0.000000E+00,2.567482E+03,0.000000E+00,1.810077E-01,0.000000E+00,3.260871E+03,0.000000E+00,2.298978E-01
08:00:00,0.000000E+00,1.603589E+03,0.000000E+00,1.130369E-01,0.000000E+00,1.351237E+03,0.000000E+00,9.527424E-02,0.000000E+00,8.026372E+02,0.000000E+00,5.659930E-02,0.000000E+00,1.289586E+03,0.000000E+00,9.095344E-02,0.000000E+00,2.813549E+03,0.000000E+00,1.983658E-01,0.000000E+00,2.374490E+03,0.000000E+00,1.674095E-01,0.000000E+00,2.574882E+03,0.000000E+00,1.815295E-01,0.000000E+00,3.287013E+03,0.000000E+00,2.317408E-01,0.000000E+00,2.918578E+03,0.000000E+00,2.057715E-01,0.000000E+00,2.556853E+03,0.000000E+00,1.802627E-01,0.000000E+00,2.647368E+03,0.000000E+00,1.866404E-01,0.000000E+00,3.488106E+03,0.000000E+00,2.459200E-01
08:10:00,0.000000E+00,1.686822E+03,0.000000E+00,1.189041E-01,0.000000E+00,1.362026E+03,0.000000E+00,9.603522E-02,0.000000E+00,8.126604E+02,0.000000E+00,5.730742E-02,0.000000E+00,1.410338E+03,0.000000E+00,9.947485E-02,0.000000E+00,2.892864E+03,0.000000E+00,2.039589E-01,0.000000E+00,2.386770E+03,0.000000E+00,1.682759E-01,0.000000E+00,2.583259E+03,0.000000E+00,1.821207E-01,0.000000E+00,3.416338E+03,0.000000E+00,2.408599E-01,0.000000E+00,3.010499E+03,0.000000E+00,2.122534E-01,0.000000E+00,2.571076E+03,0.000000E+00,1.812662E-01,0.000000E+00,2.664344E+03,0.000000E+00,1.878379E-01,0.000000E+00,3.641524E+03,0.000000E+00,2.567378E-01
08:20:00,0.000000E+00,1.761380E+03,0.000000E+00,1.241598E-01,0.000000E+00,1.368272E+03,0.000000E+00,9.647481E-02,0.000000E+00,8.203731E+02,0.000000E+00,5.785055E-02,0.000000E+00,1.517244E+03,0.000000E+00,1.070158E-01,0.000000E+00,2.967116E+03,0.000000E+00,2.091942E-01,0.000000E+00,2.395389E+03,0.000000E+00,1.688835E-01,0.000000E+00,2.589305E+03,0.000000E+00,1.825469E-01,0.000000E+00,3.536000E+03,0.000000E+00,2.492965E-01,0.000000E+00,3.096828E+03,0.000000E+00,2.183401E-01,0.000000E+00,2.584666E+03,0.000000E+00,1.822244E-01,0.000000E+00,2.680010E+03,0.000000E+00,1.889423E-01,0.000000E+00,3.783534E+03,0.000000E+00,2.667498E-01
08:30:00,0.000000E+00,1.829922E+03,0.000000E+00,1.289914E-01,0.000000E+00,1.373873E+03,0.000000E+00,9.686894E-02,0.000000E+00,8.261411E+02,0.000000E+00,5.825633E-02,0.000000E+00,1.613462E+03,0.000000E+00,1.138012E-01,0.000000E+00,3.037955E+03,0.000000E+00,2.141883E-01,0.000000E+00,2.403696E+03,0.000000E+00,1.694689E-01,0.000000E+00,2.594440E+03,0.000000E+00,1.829087E-01,0.000000E+00,3.648891E+03,0.000000E+00,2.572552E-01,0.000000E+00,3.179499E+03,0.000000E+00,2.241684E-01,0.000000E+00,2.598232E+03,0.000000E+00,1.831806E-01,0.000000E+00,2.695318E+03,0.000000E+00,1.900213E-01,0.000000E+00,3.918173E+03,0.000000E+00,2.762415E-01
08:40:00,0.000000E+00,1.893081E+03,0.000000E+00,1.334435E-01,0.000000E+00,1.379570E+03,0.000000E+00,9.726986E-02,0.000000E+00,8.315465E+02,0.000000E+00,5.863646E-02,0.000000E+00,1.700834E+03,0.000000E+00,1.199612E-01,0.000000E+00,3.105643E+03,0.000000E+00,2.189601E-01,0.000000E+00,2.412413E+03,0.000000E+00,1.700831E-01,0.000000E+00,2.599600E+03,0.000000E+00,1.832722E-01,0.000000E+00,3.755624E+03,0.000000E+00,2.647792E-01,0.000000E+00,3.258459E+03,0.000000E+00,2.297346E-01,0.000000E+00,2.612376E+03,0.000000E+00,1.841775E-01,0.000000E+00,2.711002E+03,0.000000E+00,1.911266E-01,0.000000E+00,4.045691E+03,0.000000E+00,2.852306E-01
08:50:00,0.000000E+00,1.951035E+03,0.000000E+00,1.375287E-01,0.000000E+00,1.385681E+03,0.000000E+00,9.769997E-02,0.000000E+00,8.366702E+02,0.000000E+00,5.899671E-02,0.000000E+00,1.779654E+03,0.000000E+00,1.255165E-01,0.000000E+00,3.170067E+03,0.000000E+00,2.235014E-01,0.000000E+00,2.421851E+03,0.000000E+00,1.707481E-01,0.000000E+00,2.604957E+03,0.000000E+00,1.836494E-01,0.000000E+00,3.856086E+03,0.000000E+00,2.718607E-01,0.000000E+00,3.333454E+03,0.000000E+00,2.350211E-01,0.000000E+00,2.627190E+03,0.000000E+00,1.852215E-01,0.000000E+00,2.727070E+03,0.000000E+00,1.922590E-01,0.000000E+00,4.165745E+03,0.000000E+00,2.936930E-01
09:00:00,0.000000E+00,2.003352E+03,0.000000E+00,1.412166E-01,0.000000E+00,1.391922E+03,0.000000E+00,9.813936E-02,0.000000E+00,8.407083E+02,0.000000E+00,5.928041E-02,0.000000E+00,1.849145E+03,0.000000E+00,1.304128E-01,0.000000E+00,3.230652E+03,0.000000E+00,2.277719E-01,0.000000E+00,2.431648E+03,0.000000E+00,1.714382E-01,0.000000E+00,2.609827E+03,0.000000E+00,1.839923E-01,0.000000E+00,3.949264E+03,0.000000E+00,2.784284E-01,0.000000E+00,3.403703E+03,0.000000E+00,2.399729E-01,0.000000E+00,2.642112E+03,0.000000E+00,1.862730E-01,0.000000E+00,2.742458E+03,0.000000E+00,1.933433E-01,0.000000E+00,4.276846E+03,0.000000E+00,3.015240E-01
09:10:00,0.000000E+00,2.061538E+03,0.000000E+00,1.453182E-01,0.000000E+00,1.409462E+03,0.000000E+00,9.937544E-02,0.000000E+00,8.606604E+02,0.000000E+00,6.068632E-02,0.000000E+00,1.929988E+03,0.000000E+00,1.361092E-01,0.000000E+00,3.298504E+03,0.000000E+00,2.325547E-01,0.000000E+00,2.453008E+03,0.000000E+00,1.729436E-01,0.000000E+00,2.630822E+03,0.000000E+00,1.854719E-01,0.000000E+00,4.055085E+03,0.000000E+00,2.858872E-01,0.000000E+00,3.480500E+03,0.000000E+00,2.453861E-01,0.000000E+00,2.668702E+03,0.000000E+00,1.881472E-01,0.000000E+00,2.774294E+03,0.000000E+00,1.955872E-01,0.000000E+00,4.399473E+03,0.000000E+00,3.101674E-01
09:20:00,0.000000E+00,2.114765E+03,0.000000E+00,1.490702E-01,0.000000E+00,1.427629E+03,0.000000E+00,1.006559E-01,0.000000E+00,8.805290E+02,0.000000E+00,6.208675E-02,0.000000E+00,2.002979E+03,0.000000E+00,1.412519E-01,0.000000E+00,3.362656E+03,0.000000E+00,2.370767E-01,0.000000E+00,2.475252E+03,0.000000E+00,1.745114E-01,0.000000E+00,2.652339E+03,0.000000E+00,1.869885E-01,0.000000E+00,4.154545E+03,0.000000E+00,2.928978E-01,0.000000E+00,3.552772E+03,0.000000E+00,2.504806E-01,0.000000E+00,2.695923E+03,0.000000E+00,1.900659E-01,0.000000E+00,2.806687E+03,0.000000E+00,1.978704E-01,0.000000E+00,4.514357E+03,0.000000E+00,3.182650E-01
09:30:00,0.000000E+00,2.163284E+03,0.000000E+00,1.524903E-01,0.000000E+00,1.446343E+03,0.000000E+00,1.019750E-01,0.000000E+00,9.005939E+02,0.000000E+00,6.350102E-02,0.000000E+00,2.068872E+03,0.000000E+00,1.458937E-01,0.000000E+00,3.423165E+03,0.000000E+00,2.413419E-01,0.000000E+00,2.498250E+03,0.000000E+00,1.761325E-01,0.000000E+00,2.674365E+03,0.000000E+00,1.885410E-01,0.000000E+00,4.247796E+03,0.000000E+00,2.994706E-01,0.000000E+00,3.620651E+03,0.000000E+00,2.552653E-01,0.000000E+00,2.723740E+03,0.000000E+00,1.920267E-01,0.000000E+00,2.839586E+03,0.000000E+00,2.001895E-01,0.000000E+00,4.621756E+03,0.000000E+00,3.258349E-01
09:40:00,0.000000E+00,2.206728E+03,0.000000E+00,1.555527E-01,0.000000E+00,1.465128E+03,0.000000E+00,1.032992E-01,0.000000E+00,9.201716E+02,0.000000E+00,6.488092E-02,0.000000E+00,2.126709E+03,0.000000E+00,1.499672E-01,0.000000E+00,3.479616E+03,0.000000E+00,2.453212E-01,0.000000E+00,2.521514E+03,0.000000E+00,1.777722E-01,0.000000E+00,2.696395E+03,0.000000E+00,1.900939E-01,0.000000E+00,4.333961E+03,0.000000E+00,3.055439E-01,0.000000E+00,3.683696E+03,0.000000E+00,2.597094E-01,0.000000E+00,2.751639E+03,0.000000E+00,1.939933E-01,0.000000E+00,2.872341E+03,0.000000E+00,2.024983E-01,0.000000E+00,4.720619E+03,0.000000E+00,3.328032E-01
09:50:00,0.000000E+00,2.245060E+03,0.000000E+00,1.582547E-01,0.000000E+00,1.483782E+03,0.000000E+00,1.046141E-01,0.000000E+00,9.392071E+02,0.000000E+00,6.622256E-02,0.000000E+00,2.176481E+03,0.000000E+00,1.534719E-01,0.000000E+00,3.531850E+03,0.000000E+00,2.490033E-01,0.000000E+00,2.544831E+03,0.000000E+00,1.794159E-01,0.000000E+00,2.718321E+03,0.000000E+00,1.916393E-01,0.000000E+00,4.412777E+03,0.000000E+00,3.110992E-01,0.000000E+00,3.741760E+03,0.000000E+00,2.638025E-01,0.000000E+00,2.779499E+03,0.000000E+00,1.959572E-01,0.000000E+00,2.904824E+03,0.000000E+00,2.047881E-01,0.000000E+00,4.810719E+03,0.000000E+00,3.391539E-01
10:00:00,0.000000E+00,2.278201E+03,0.000000E+00,1.605908E-01,0.000000E+00,1.502235E+03,0.000000E+00,1.059149E-01,0.000000E+00,9.576595E+02,0.000000E+00,6.752306E-02,0.000000E+00,2.218104E+03,0.000000E+00,1.564021E-01,0.000000E+00,3.579671E+03,0.000000E+00,2.523742E-01,0.000000E+00,2.568123E+03,0.000000E+00,1.810578E-01,0.000000E+00,2.740070E+03,0.000000E+00,1.931724E-01,0.000000E+00,4.483940E+03,0.000000E+00,3.161151E-01,0.000000E+00,3.794662E+03,0.000000E+00,2.675316E-01,0.000000E+00,2.807232E+03,0.000000E+00,1.979122E-01,0.000000E+00,2.936950E+03,0.000000E+00,2.070527E-01,0.000000E+00,4.891777E+03,0.000000E+00,3.448672E-01
10:10:00,0.000000E+00,2.314300E+03,0.000000E+00,1.631355E-01,0.000000E+00,1.528475E+03,0.000000E+00,1.077647E-01,0.000000E+00,9.861900E+02,0.000000E+00,6.953411E-02,0.000000E+00,2.262885E+03,0.000000E+00,1.595551E-01,0.000000E+00,3.630798E+03,0.000000E+00,2.559783E-01,0.000000E+00,2.599444E+03,0.000000E+00,1.832657E-01,0.000000E+00,2.771818E+03,0.000000E+00,1.954104E-01,0.000000E+00,4.558275E+03,0.000000E+00,3.213547E-01,0.000000E+00,3.850497E+03,0.000000E+00,2.714676E-01,0.000000E+00,2.843402E+03,0.000000E+00,2.004621E-01,0.000000E+00,2.979396E+03,0.000000E+00,2.100448E-01,0.000000E+00,4.975603E+03,0.000000E+00,3.507757E-01
10:20:00,0.000000E+00,2.345087E+03,0.000000E+00,1.653057E-01,0.000000E+00,1.554933E+03,0.000000E+00,1.096300E-01,0.000000E+00,1.014422E+03,0.000000E+00,7.152430E-02,0.000000E+00,2.298478E+03,0.000000E+00,1.620608E-01,0.000000E+00,3.677196E+03,0.000000E+00,2.592492E-01,0.000000E+00,2.631202E+03,0.000000E+00,1.855046E-01,0.000000E+00,2.803677E+03,0.000000E+00,1.976563E-01,0.000000E+00,4.623727E+03,0.000000E+00,3.259681E-01,0.000000E+00,3.900770E+03,0.000000E+00,2.750116E-01,0.000000E+00,2.879568E+03,0.000000E+00,2.030117E-01,0.000000E+00,3.021656E+03,0.000000E+00,2.130239E-01,0.000000E+00,5.049640E+03,0.000000E+00,3.559943E-01
10:30:00,0.000000E+00,2.370022E+03,0.000000E+00,1.670634E-01,0.000000E+00,1.581161E+03,0.000000E+00,1.114791E-01,0.000000E+00,1.042249E+03,0.000000E+00,7.348587E-02,0.000000E+00,2.324147E+03,0.000000E+00,1.638670E-01,0.000000E+00,3.718276E+03,0.000000E+00,2.621452E-01,0.000000E+00,2.662927E+03,0.000000E+00,1.877412E-01,0.000000E+00,2.835444E+03,0.000000E+00,1.998957E-01,0.000000E+00,4.679293E+03,0.000000E+00,3.298847E-01,0.000000E+00,3.944902E+03,0.000000E+00,2.781227E-01,0.000000E+00,2.915560E+03,0.000000E+00,2.055492E-01,0.000000E+00,3.063553E+03,0.000000E+00,2.159775E-01,0.000000E+00,5.112946E+03,0.000000E+00,3.604566E-01
10:40:00,0.000000E+00,2.387874E+03,0.000000E+00,1.683217E-01,0.000000E+00,1.607442E+03,0.000000E+00,1.133320E-01,0.000000E+00,1.070838E+03,0.000000E+00,7.550119E-02,0.000000E+00,2.338536E+03,0.000000E+00,1.648784E-01,0.000000E+00,3.752875E+03,0.000000E+00,2.645844E-01,0.000000E+00,2.694984E+03,0.000000E+00,1.900012E-01,0.000000E+00,2.868120E+03,0.000000E+00,2.021994E-01,0.000000E+00,4.723446E+03,0.000000E+00,3.329969E-01,0.000000E+00,3.981504E+03,0.000000E+00,2.807030E-01,0.000000E+00,2.951986E+03,0.000000E+00,2.081173E-01,0.000000E+00,3.106592E+03,0.000000E+00,2.190117E-01,0.000000E+00,5.163737E+03,0.000000E+00,3.640367E-01
10:50:00,0.000000E+00,2.398781E+03,0.000000E+00,1.690906E-01,0.000000E+00,1.633455E+03,0.000000E+00,1.151660E-01,0.000000E+00,1.099051E+03,0.000000E+00,7.748999E-02,0.000000E+00,2.341560E+03,0.000000E+00,1.650888E-01,0.000000E+00,3.780898E+03,0.000000E+00,2.665600E-01,0.000000E+00,2.726983E+03,0.000000E+00,1.922573E-01,0.000000E+00,2.900772E+03,0.000000E+00,2.045013E-01,0.000000E+00,4.755728E+03,0.000000E+00,3.352723E-01,0.000000E+00,4.010703E+03,0.000000E+00,2.827615E-01,0.000000E+00,2.988142E+03,0.000000E+00,2.106664E-01,0.000000E+00,3.149305E+03,0.000000E+00,2.220229E-01,0.000000E+00,5.201791E+03,0.000000E+00,3.667190E-01
11:00:00,0.000000E+00,2.402347E+03,0.000000E+00,1.693420E-01,0.000000E+00,1.659017E+03,0.000000E+00,1.169682E-01,0.000000E+00,1.126747E+03,0.000000E+00,7.944236E-02,0.000000E+00,2.332712E+03,0.000000E+00,1.644626E-01,0.000000E+00,3.801871E+03,0.000000E+00,2.680385E-01,0.000000E+00,2.758709E+03,0.000000E+00,1.944940E-01,0.000000E+00,2.933223E+03,0.000000E+00,2.067891E-01,0.000000E+00,4.775377E+03,0.000000E+00,3.366572E-01,0.000000E+00,4.031986E+03,0.000000E+00,2.842620E-01,0.000000E+00,3.023914E+03,0.000000E+00,2.131885E-01,0.000000E+00,3.191521E+03,0.000000E+00,2.249992E-01,0.000000E+00,5.226241E+03,0.000000E+00,3.684423E-01
11:10:00,0.000000E+00,2.393999E+03,0.000000E+00,1.687536E-01,0.000000E+00,1.679996E+03,0.000000E+00,1.184473E-01,0.000000E+00,1.149084E+03,0.000000E+00,8.101681E-02,0.000000E+00,2.307567E+03,0.000000E+00,1.626877E-01,0.000000E+00,3.811416E+03,0.000000E+00,2.687114E-01,0.000000E+00,2.785927E+03,0.000000E+00,1.964130E-01,0.000000E+00,2.960971E+03,0.000000E+00,2.087454E-01,0.000000E+00,4.777850E+03,0.000000E+00,3.368312E-01,0.000000E+00,4.040616E+03,0.000000E+00,2.848704E-01,0.000000E+00,3.054607E+03,0.000000E+00,2.153525E-01,0.000000E+00,3.228292E+03,0.000000E+00,2.275915E-01,0.000000E+00,5.231538E+03,0.000000E+00,3.688154E-01
11:20:00,0.000000E+00,2.377619E+03,0.000000E+00,1.675990E-01,0.000000E+00,1.699840E+03,0.000000E+00,1.198463E-01,0.000000E+00,1.170423E+03,0.000000E+00,8.252077E-02,0.000000E+00,2.270808E+03,0.000000E+00,1.600942E-01,0.000000E+00,3.813020E+03,0.000000E+00,2.688245E-01,0.000000E+00,2.812116E+03,0.000000E+00,1.982594E-01,0.000000E+00,2.987950E+03,0.000000E+00,2.106474E-01,0.000000E+00,4.767192E+03,0.000000E+00,3.360795E-01,0.000000E+00,4.040480E+03,0.000000E+00,2.848608E-01,0.000000E+00,3.084509E+03,0.000000E+00,2.174607E-01,0.000000E+00,3.264028E+03,0.000000E+00,2.301109E-01,0.000000E+00,5.221960E+03,0.000000E+00,3.681399E-01
11:30:00,0.000000E+00,2.353581E+03,0.000000E+00,1.659045E-01,0.000000E+00,1.718848E+03,0.000000E+00,1.211864E-01,0.000000E+00,1.190831E+03,0.000000E+00,8.395912E-02,0.000000E+00,2.223225E+03,0.000000E+00,1.567379E-01,0.000000E+00,3.806880E+03,0.000000E+00,2.683915E-01,0.000000E+00,2.837548E+03,0.000000E+00,2.000524E-01,0.000000E+00,3.014221E+03,0.000000E+00,2.124995E-01,0.000000E+00,4.743949E+03,0.000000E+00,3.344406E-01,0.000000E+00,4.031799E+03,0.000000E+00,2.842486E-01,0.000000E+00,3.113701E+03,0.000000E+00,2.195188E-01,0.000000E+00,3.298747E+03,0.000000E+00,2.325586E-01,0.000000E+00,5.197896E+03,0.000000E+00,3.664430E-01
11:40:00,0.000000E+00,2.323260E+03,0.000000E+00,1.637672E-01,0.000000E+00,1.736645E+03,0.000000E+00,1.224410E-01,0.000000E+00,1.209061E+03,0.000000E+00,8.524387E-02,0.000000E+00,2.166707E+03,0.000000E+00,1.527520E-01,0.000000E+00,3.794071E+03,0.000000E+00,2.674883E-01,0.000000E+00,2.861721E+03,0.000000E+00,2.017567E-01,0.000000E+00,3.038664E+03,0.000000E+00,2.142228E-01,0.000000E+00,4.709742E+03,0.000000E+00,3.320287E-01,0.000000E+00,4.015940E+03,0.000000E+00,2.831304E-01,0.000000E+00,3.141530E+03,0.000000E+00,2.214808E-01,0.000000E+00,3.330808E+03,0.000000E+00,2.348189E-01,0.000000E+00,5.161170E+03,0.000000E+00,3.638536E-01
11:50:00,0.000000E+00,2.287120E+03,0.000000E+00,1.612197E-01,0.000000E+00,1.753464E+03,0.000000E+00,1.236268E-01,0.000000E+00,1.226209E+03,0.000000E+00,8.645237E-02,0.000000E+00,2.102593E+03,0.000000E+00,1.482308E-01,0.000000E+00,3.774992E+03,0.000000E+00,2.661431E-01,0.000000E+00,2.884903E+03,0.000000E+00,2.033910E-01,0.000000E+00,3.062116E+03,0.000000E+00,2.158762E-01,0.000000E+00,4.665826E+03,0.000000E+00,3.289324E-01,0.000000E+00,3.993191E+03,0.000000E+00,2.815265E-01,0.000000E+00,3.168706E+03,0.000000E+00,2.233968E-01,0.000000E+00,3.361563E+03,0.000000E+00,2.369871E-01,0.000000E+00,5.112814E+03,0.000000E+00,3.604443E-01
12:00:00,0.000000E+00,2.246627E+03,0.000000E+00,1.583654E-01,0.000000E+00,1.769418E+03,0.000000E+00,1.247515E-01,0.000000E+00,1.242381E+03,0.000000E+00,8.759207E-02,0.000000E+00,2.033336E+03,0.000000E+00,1.433472E-01,0.000000E+00,3.750876E+03,0.000000E+00,2.644428E-01,0.000000E+00,2.907199E+03,0.000000E+00,2.049629E-01,0.000000E+00,3.084666E+03,0.000000E+00,2.174659E-01,0.000000E+00,4.614526E+03,0.000000E+00,3.253155E-01,0.000000E+00,3.964986E+03,0.000000E+00,2.795378E-01,0.000000E+00,3.195402E+03,0.000000E+00,2.252789E-01,0.000000E+00,3.391083E+03,0.000000E+00,2.390682E-01,0.000000E+00,5.055380E+03,0.000000E+00,3.563949E-01
12:10:00,0.000000E+00,2.195161E+03,0.000000E+00,1.547375E-01,0.000000E+00,1.776396E+03,0.000000E+00,1.252434E-01,0.000000E+00,1.248302E+03,0.000000E+00,8.800907E-02,0.000000E+00,1.952773E+03,0.000000E+00,1.376669E-01,0.000000E+00,3.715427E+03,0.000000E+00,2.619435E-01,0.000000E+00,2.920357E+03,0.000000E+00,2.058906E-01,0.000000E+00,3.097735E+03,0.000000E+00,2.183872E-01,0.000000E+00,4.550164E+03,0.000000E+00,3.207779E-01,0.000000E+00,3.924604E+03,0.000000E+00,2.766907E-01,0.000000E+00,3.212750E+03,0.000000E+00,2.265021E-01,0.000000E+00,3.409975E+03,0.000000E+00,2.404001E-01,0.000000E+00,4.982585E+03,0.000000E+00,3.512628E-01
12:20:00,0.000000E+00,2.142709E+03,0.000000E+00,1.510402E-01,0.000000E+00,1.781612E+03,0.000000E+00,1.256110E-01,0.000000E+00,1.252799E+03,0.000000E+00,8.832558E-02,0.000000E+00,1.872976E+03,0.000000E+00,1.320406E-01,0.000000E+00,3.677831E+03,0.000000E+00,2.592928E-01,0.000000E+00,2.931607E+03,0.000000E+00,2.066836E-01,0.000000E+00,3.109371E+03,0.000000E+00,2.192075E-01,0.000000E+00,4.484098E+03,0.000000E+00,3.161201E-01,0.000000E+00,3.882221E+03,0.000000E+00,2.737025E-01,0.000000E+00,3.229653E+03,0.000000E+00,2.276937E-01,0.000000E+00,3.427257E+03,0.000000E+00,2.416183E-01,0.000000E+00,4.907128E+03,0.000000E+00,3.459429E-01
12:30:00,0.000000E+00,2.091674E+03,0.000000E+00,1.474427E-01,0.000000E+00,1.785754E+03,0.000000E+00,1.259028E-01,0.000000E+00,1.256176E+03,0.000000E+00,8.856307E-02,0.000000E+00,1.797227E+03,0.000000E+00,1.266998E-01,0.000000E+00,3.640230E+03,0.000000E+00,2.566417E-01,0.000000E+00,2.941646E+03,0.000000E+00,2.073913E-01,0.000000E+00,3.119861E+03,0.000000E+00,2.199470E-01,0.000000E+00,4.419746E+03,0.000000E+00,3.115832E-01,0.000000E+00,3.840147E+03,0.000000E+00,2.707361E-01,0.000000E+00,3.246601E+03,0.000000E+00,2.288885E-01,0.000000E+00,3.443136E+03,0.000000E+00,2.427377E-01,0.000000E+00,4.832954E+03,0.000000E+00,3.407135E-01
12:40:00,0.000000E+00,2.044004E+03,0.000000E+00,1.440825E-01,0.000000E+00,1.788932E+03,0.000000E+00,1.261267E-01,0.000000E+00,1.258620E+03,0.000000E+00,8.873486E-02,0.000000E+00,1.728119E+03,0.000000E+00,1.218274E-01,0.000000E+00,3.604420E+03,0.000000E+00,2.541169E-01,0.000000E+00,2.950578E+03,0.000000E+00,2.080209E-01,0.000000E+00,3.129375E+03,0.000000E+00,2.206176E-01,0.000000E+00,4.359946E+03,0.000000E+00,3.073672E-01,0.000000E+00,3.800307E+03,0.000000E+00,2.679272E-01,0.000000E+00,3.264220E+03,0.000000E+00,2.301305E-01,0.000000E+00,3.457734E+03,0.000000E+00,2.437667E-01,0.000000E+00,4.763353E+03,0.000000E+00,3.358066E-01
12:50:00,0.000000E+00,2.001193E+03,0.000000E+00,1.410647E-01,0.000000E+00,1.791223E+03,0.000000E+00,1.262880E-01,0.000000E+00,1.260224E+03,0.000000E+00,8.884749E-02,0.000000E+00,1.667435E+03,0.000000E+00,1.175490E-01,0.000000E+00,3.571803E+03,0.000000E+00,2.518172E-01,0.000000E+00,2.958480E+03,0.000000E+00,2.085778E-01,0.000000E+00,3.137995E+03,0.000000E+00,2.212252E-01,0.000000E+00,4.306750E+03,0.000000E+00,3.036169E-01,0.000000E+00,3.764243E+03,0.000000E+00,2.653845E-01,0.000000E+00,3.283233E+03,0.000000E+00,2.314709E-01,0.000000E+00,3.471100E+03,0.000000E+00,2.447089E-01,0.000000E+00,4.700940E+03,0.000000E+00,3.314065E-01
13:00:00,0.000000E+00,1.964029E+03,0.000000E+00,1.384450E-01,0.000000E+00,1.792688E+03,0.000000E+00,1.263911E-01,0.000000E+00,1.261071E+03,0.000000E+00,8.890675E-02,0.000000E+00,1.615931E+03,0.000000E+00,1.139179E-01,0.000000E+00,3.543136E+03,0.000000E+00,2.497961E-01,0.000000E+00,2.965413E+03,0.000000E+00,2.090664E-01,0.000000E+00,3.145789E+03,0.000000E+00,2.217745E-01,0.000000E+00,4.261139E+03,0.000000E+00,3.004014E-01,0.000000E+00,3.732773E+03,0.000000E+00,2.631657E-01,0.000000E+00,3.304567E+03,0.000000E+00,2.329749E-01,0.000000E+00,3.483292E+03,0.000000E+00,2.455682E-01,0.000000E+00,4.647058E+03,0.000000E+00,3.276078E-01
13:10:00,0.000000E+00,1.923993E+03,0.000000E+00,1.356229E-01,0.000000E+00,1.785204E+03,0.000000E+00,1.258633E-01,0.000000E+00,1.251846E+03,0.000000E+00,8.825604E-02,0.000000E+00,1.563359E+03,0.000000E+00,1.102116E-01,0.000000E+00,3.510526E+03,0.000000E+00,2.474970E-01,0.000000E+00,2.963109E+03,0.000000E+00,2.089038E-01,0.000000E+00,3.144150E+03,0.000000E+00,2.216589E-01,0.000000E+00,4.213946E+03,0.000000E+00,2.970744E-01,0.000000E+00,3.697336E+03,0.000000E+00,2.606673E-01,0.000000E+00,3.319387E+03,0.000000E+00,2.340197E-01,0.000000E+00,3.484865E+03,0.000000E+00,2.456790E-01,0.000000E+00,4.592049E+03,0.000000E+00,3.237298E-01
13:20:00,0.000000E+00,1.888106E+03,0.000000E+00,1.330932E-01,0.000000E+00,1.776011E+03,0.000000E+00,1.252149E-01,0.000000E+00,1.241354E+03,0.000000E+00,8.751594E-02,0.000000E+00,1.517000E+03,0.000000E+00,1.069433E-01,0.000000E+00,3.480591E+03,0.000000E+00,2.453864E-01,0.000000E+00,2.958878E+03,0.000000E+00,2.086052E-01,0.000000E+00,3.141143E+03,0.000000E+00,2.214467E-01,0.000000E+00,4.171894E+03,0.000000E+00,2.941097E-01,0.000000E+00,3.665192E+03,0.000000E+00,2.584010E-01,0.000000E+00,3.336382E+03,0.000000E+00,2.352177E-01,0.000000E+00,3.484812E+03,0.000000E+00,2.456750E-01,0.000000E+00,4.543401E+03,0.000000E+00,3.203002E-01
13:30:00,0.000000E+00,1.855028E+03,0.000000E+00,1.307615E-01,0.000000E+00,1.765862E+03,0.000000E+00,1.244991E-01,0.000000E+00,1.229945E+03,0.000000E+00,8.671118E-02,0.000000E+00,1.474973E+03,0.000000E+00,1.039804E-01,0.000000E+00,3.452176E+03,0.000000E+00,2.433830E-01,0.000000E+00,2.953474E+03,0.000000E+00,2.082240E-01,0.000000E+00,3.137065E+03,0.000000E+00,2.211590E-01,0.000000E+00,4.133042E+03,0.000000E+00,2.913707E-01,0.000000E+00,3.635063E+03,0.000000E+00,2.562767E-01,0.000000E+00,3.355547E+03,0.000000E+00,2.365687E-01,0.000000E+00,3.483407E+03,0.000000E+00,2.455757E-01,0.000000E+00,4.498716E+03,0.000000E+00,3.171499E-01
13:40:00,0.000000E+00,1.823474E+03,0.000000E+00,1.285372E-01,0.000000E+00,1.754873E+03,0.000000E+00,1.237241E-01,0.000000E+00,1.217807E+03,0.000000E+00,8.585503E-02,0.000000E+00,1.435149E+03,0.000000E+00,1.011729E-01,0.000000E+00,3.424090E+03,0.000000E+00,2.414027E-01,0.000000E+00,2.947028E+03,0.000000E+00,2.077692E-01,0.000000E+00,3.132100E+03,0.000000E+00,2.208087E-01,0.000000E+00,4.095155E+03,0.000000E+00,2.886997E-01,0.000000E+00,3.605534E+03,0.000000E+00,2.541947E-01,0.000000E+00,3.375939E+03,0.000000E+00,2.380061E-01,0.000000E+00,3.480805E+03,0.000000E+00,2.453920E-01,0.000000E+00,4.455412E+03,0.000000E+00,3.140970E-01
13:50:00,0.000000E+00,1.792764E+03,0.000000E+00,1.263725E-01,0.000000E+00,1.743125E+03,0.000000E+00,1.228955E-01,0.000000E+00,1.205612E+03,0.000000E+00,8.499495E-02,0.000000E+00,1.396052E+03,0.000000E+00,9.841663E-02,0.000000E+00,3.395762E+03,0.000000E+00,2.394053E-01,0.000000E+00,2.939638E+03,0.000000E+00,2.072479E-01,0.000000E+00,3.126674E+03,0.000000E+00,2.204259E-01,0.000000E+00,4.056844E+03,0.000000E+00,2.859987E-01,0.000000E+00,3.575766E+03,0.000000E+00,2.520958E-01,0.000000E+00,3.394600E+03,0.000000E+00,2.393215E-01,0.000000E+00,3.477099E+03,0.000000E+00,2.451305E-01,0.000000E+00,4.411944E+03,0.000000E+00,3.110325E-01
14:00:00,0.000000E+00,1.763379E+03,0.000000E+00,1.243011E-01,0.000000E+00,1.731143E+03,0.000000E+00,1.220505E-01,0.000000E+00,1.195343E+03,0.000000E+00,8.427067E-02,0.000000E+00,1.358308E+03,0.000000E+00,9.575575E-02,0.000000E+00,3.367683E+03,0.000000E+00,2.374254E-01,0.000000E+00,2.932064E+03,0.000000E+00,2.067136E-01,0.000000E+00,3.122494E+03,0.000000E+00,2.201310E-01,0.000000E+00,4.018787E+03,0.000000E+00,2.833155E-01,0.000000E+00,3.546617E+03,0.000000E+00,2.500404E-01,0.000000E+00,3.411186E+03,0.000000E+00,2.404906E-01,0.000000E+00,3.474356E+03,0.000000E+00,2.449368E-01,0.000000E+00,4.369623E+03,0.000000E+00,3.080487E-01
14:10:00,0.000000E+00,1.743489E+03,0.000000E+00,1.228991E-01,0.000000E+00,1.727838E+03,0.000000E+00,1.218173E-01,0.000000E+00,1.196943E+03,0.000000E+00,8.438320E-02,0.000000E+00,1.330739E+03,0.000000E+00,9.381214E-02,0.000000E+00,3.347698E+03,0.000000E+00,2.360161E-01,0.000000E+00,2.933222E+03,0.000000E+00,2.067950E-01,0.000000E+00,3.128689E+03,0.000000E+00,2.205675E-01,0.000000E+00,3.989483E+03,0.000000E+00,2.812495E-01,0.000000E+00,3.526480E+03,0.000000E+00,2.486204E-01,0.000000E+00,3.434258E+03,0.000000E+00,2.421168E-01,0.000000E+00,3.482488E+03,0.000000E+00,2.455098E-01,0.000000E+00,4.337688E+03,0.000000E+00,3.057971E-01
14:20:00,0.000000E+00,1.725298E+03,0.000000E+00,1.216168E-01,0.000000E+00,1.726208E+03,0.000000E+00,1.217023E-01,0.000000E+00,1.201469E+03,0.000000E+00,8.470216E-02,0.000000E+00,1.304764E+03,0.000000E+00,9.198099E-02,0.000000E+00,3.328733E+03,0.000000E+00,2.346788E-01,0.000000E+00,2.936088E+03,0.000000E+00,2.069968E-01,0.000000E+00,3.137001E+03,0.000000E+00,2.211533E-01,0.000000E+00,3.961153E+03,0.000000E+00,2.792521E-01,0.000000E+00,3.507502E+03,0.000000E+00,2.472822E-01,0.000000E+00,3.454294E+03,0.000000E+00,2.435291E-01,0.000000E+00,3.492195E+03,0.000000E+00,2.461940E-01,0.000000E+00,4.307501E+03,0.000000E+00,3.036689E-01
14:30:00,0.000000E+00,1.709053E+03,0.000000E+00,1.204717E-01,0.000000E+00,1.726021E+03,0.000000E+00,1.216890E-01,0.000000E+00,1.208348E+03,0.000000E+00,8.518704E-02,0.000000E+00,1.281192E+03,0.000000E+00,9.031927E-02,0.000000E+00,3.311187E+03,0.000000E+00,2.334416E-01,0.000000E+00,2.940714E+03,0.000000E+00,2.073228E-01,0.000000E+00,3.146838E+03,0.000000E+00,2.218468E-01,0.000000E+00,3.934366E+03,0.000000E+00,2.773635E-01,0.000000E+00,3.490035E+03,0.000000E+00,2.460507E-01,0.000000E+00,3.470415E+03,0.000000E+00,2.446654E-01,0.000000E+00,3.502871E+03,0.000000E+00,2.469464E-01,0.000000E+00,4.279767E+03,0.000000E+00,3.017135E-01
14:40:00,0.000000E+00,1.694920E+03,0.000000E+00,1.194754E-01,0.000000E+00,1.727626E+03,0.000000E+00,1.218022E-01,0.000000E+00,1.217384E+03,0.000000E+00,8.582406E-02,0.000000E+00,1.260612E+03,0.000000E+00,8.886847E-02,0.000000E+00,3.295411E+03,0.000000E+00,2.323293E-01,0.000000E+00,2.947908E+03,0.000000E+00,2.078299E-01,0.000000E+00,3.157976E+03,0.000000E+00,2.226319E-01,0.000000E+00,3.910029E+03,0.000000E+00,2.756477E-01,0.000000E+00,3.474520E+03,0.000000E+00,2.449567E-01,0.000000E+00,3.482664E+03,0.000000E+00,2.455287E-01,0.000000E+00,3.514348E+03,0.000000E+00,2.477555E-01,0.000000E+00,4.255322E+03,0.000000E+00,2.999901E-01
14:50:00,0.000000E+00,1.682446E+03,0.000000E+00,1.185961E-01,0.000000E+00,1.731350E+03,0.000000E+00,1.220647E-01,0.000000E+00,1.228379E+03,0.000000E+00,8.659921E-02,0.000000E+00,1.242977E+03,0.000000E+00,8.762528E-02,0.000000E+00,3.281139E+03,0.000000E+00,2.313230E-01,0.000000E+00,2.958411E+03,0.000000E+00,2.085703E-01,0.000000E+00,3.170509E+03,0.000000E+00,2.235154E-01,0.000000E+00,3.888267E+03,0.000000E+00,2.741135E-01,0.000000E+00,3.460786E+03,0.000000E+00,2.439883E-01,0.000000E+00,3.493366E+03,0.000000E+00,2.462830E-01,0.000000E+00,3.527181E+03,0.000000E+00,2.486601E-01,0.000000E+00,4.233921E+03,0.000000E+00,2.984813E-01
15:00:00,0.000000E+00,1.670290E+03,0.000000E+00,1.177392E-01,0.000000E+00,1.737146E+03,0.000000E+00,1.224733E-01,0.000000E+00,1.240312E+03,0.000000E+00,8.744050E-02,0.000000E+00,1.226508E+03,0.000000E+00,8.646430E-02,0.000000E+00,3.267275E+03,0.000000E+00,2.303455E-01,0.000000E+00,2.972131E+03,0.000000E+00,2.095375E-01,0.000000E+00,3.183818E+03,0.000000E+00,2.244536E-01,0.000000E+00,3.867482E+03,0.000000E+00,2.726481E-01,0.000000E+00,3.447231E+03,0.000000E+00,2.430326E-01,0.000000E+00,3.502418E+03,0.000000E+00,2.469209E-01,0.000000E+00,3.540557E+03,0.000000E+00,2.496030E-01,0.000000E+00,4.212955E+03,0.000000E+00,2.970032E-01
15:10:00,0.000000E+00,1.678696E+03,0.000000E+00,1.183318E-01,0.000000E+00,1.764499E+03,0.000000E+00,1.244018E-01,0.000000E+00,1.277284E+03,0.000000E+00,9.004697E-02,0.000000E+00,1.235252E+03,0.000000E+00,8.708077E-02,0.000000E+00,3.272899E+03,0.000000E+00,2.307420E-01,0.000000E+00,3.009268E+03,0.000000E+00,2.121557E-01,0.000000E+00,3.220850E+03,0.000000E+00,2.270642E-01,0.000000E+00,3.870109E+03,0.000000E+00,2.728332E-01,0.000000E+00,3.454237E+03,0.000000E+00,2.435265E-01,0.000000E+00,3.532397E+03,0.000000E+00,2.490342E-01,0.000000E+00,3.579311E+03,0.000000E+00,2.523350E-01,0.000000E+00,4.216299E+03,0.000000E+00,2.972389E-01
15:20:00,0.000000E+00,1.688300E+03,0.000000E+00,1.190087E-01,0.000000E+00,1.795787E+03,0.000000E+00,1.266079E-01,0.000000E+00,1.318926E+03,0.000000E+00,9.298303E-02,0.000000E+00,1.246122E+03,0.000000E+00,8.784737E-02,0.000000E+00,3.279723E+03,0.000000E+00,2.312232E-01,0.000000E+00,3.052365E+03,0.000000E+00,2.151942E-01,0.000000E+00,3.263076E+03,0.000000E+00,2.300413E-01,0.000000E+00,3.874647E+03,0.000000E+00,2.731533E-01,0.000000E+00,3.461980E+03,0.000000E+00,2.440725E-01,0.000000E+00,3.564389E+03,0.000000E+00,2.512897E-01,0.000000E+00,3.623290E+03,0.000000E+00,2.554356E-01,0.000000E+00,4.220583E+03,0.000000E+00,2.975411E-01
15:30:00,0.000000E+00,1.698527E+03,0.000000E+00,1.197297E-01,0.000000E+00,1.829426E+03,0.000000E+00,1.289800E-01,0.000000E+00,1.366617E+03,0.000000E+00,9.634558E-02,0.000000E+00,1.257938E+03,0.000000E+00,8.868057E-02,0.000000E+00,3.287246E+03,0.000000E+00,2.317538E-01,0.000000E+00,3.099748E+03,0.000000E+00,2.185351E-01,0.000000E+00,3.312293E+03,0.000000E+00,2.335112E-01,0.000000E+00,3.880459E+03,0.000000E+00,2.735632E-01,0.000000E+00,3.470075E+03,0.000000E+00,2.446434E-01,0.000000E+00,3.599816E+03,0.000000E+00,2.537875E-01,0.000000E+00,3.674648E+03,0.000000E+00,2.590566E-01,0.000000E+00,4.225318E+03,0.000000E+00,2.978751E-01
15:40:00,0.000000E+00,1.709137E+03,0.000000E+00,1.204775E-01,0.000000E+00,1.865132E+03,0.000000E+00,1.314977E-01,0.000000E+00,1.421625E+03,0.000000E+00,1.002240E-01,0.000000E+00,1.270280E+03,0.000000E+00,8.955097E-02,0.000000E+00,3.295227E+03,0.000000E+00,2.323167E-01,0.000000E+00,3.150860E+03,0.000000E+00,2.221388E-01,0.000000E+00,3.370193E+03,0.000000E+00,2.375934E-01,0.000000E+00,3.887098E+03,0.000000E+00,2.740315E-01,0.000000E+00,3.478331E+03,0.000000E+00,2.452257E-01,0.000000E+00,3.639986E+03,0.000000E+00,2.566198E-01,0.000000E+00,3.735267E+03,0.000000E+00,2.633304E-01,0.000000E+00,4.230287E+03,0.000000E+00,2.982256E-01
15:50:00,0.000000E+00,1.719993E+03,0.000000E+00,1.212428E-01,0.000000E+00,1.902905E+03,0.000000E+00,1.341612E-01,0.000000E+00,1.484634E+03,0.000000E+00,1.046665E-01,0.000000E+00,1.282980E+03,0.000000E+00,9.044650E-02,0.000000E+00,3.303526E+03,0.000000E+00,2.329020E-01,0.000000E+00,3.205478E+03,0.000000E+00,2.259898E-01,0.000000E+00,3.437788E+03,0.000000E+00,2.423592E-01,0.000000E+00,3.894297E+03,0.000000E+00,2.745393E-01,0.000000E+00,3.486626E+03,0.000000E+00,2.458108E-01,0.000000E+00,3.685633E+03,0.000000E+00,2.598383E-01,0.000000E+00,3.806151E+03,0.000000E+00,2.683281E-01,0.000000E+00,4.235359E+03,0.000000E+00,2.985834E-01
16:00:00,0.000000E+00,1.730998E+03,0.000000E+00,1.220185E-01,0.000000E+00,1.942537E+03,0.000000E+00,1.369558E-01,0.000000E+00,1.555487E+03,0.000000E+00,1.096622E-01,0.000000E+00,1.295929E+03,0.000000E+00,9.135959E-02,0.000000E+00,3.312048E+03,0.000000E+00,2.335032E-01,0.000000E+00,3.263519E+03,0.000000E+00,2.300821E-01,0.000000E+00,3.515168E+03,0.000000E+00,2.478149E-01,0.000000E+00,3.901881E+03,0.000000E+00,2.750742E-01,0.000000E+00,3.494874E+03,0.000000E+00,2.463927E-01,0.000000E+00,3.736790E+03,0.000000E+00,2.634453E-01,0.000000E+00,3.887243E+03,0.000000E+00,2.740455E-01,0.000000E+00,4.240439E+03,0.000000E+00,2.989418E-01
16:10:00,0.000000E+00,1.786918E+03,0.000000E+00,1.259603E-01,0.000000E+00,2.026683E+03,0.000000E+00,1.428888E-01,0.000000E+00,1.684479E+03,0.000000E+00,1.187567E-01,0.000000E+00,1.362104E+03,0.000000E+00,9.602502E-02,0.000000E+00,3.362960E+03,0.000000E+00,2.370929E-01,0.000000E+00,3.369416E+03,0.000000E+00,2.375483E-01,0.000000E+00,3.649379E+03,0.000000E+00,2.572771E-01,0.000000E+00,3.959496E+03,0.000000E+00,2.791363E-01,0.000000E+00,3.548319E+03,0.000000E+00,2.501609E-01,0.000000E+00,3.840441E+03,0.000000E+00,2.707532E-01,0.000000E+00,4.029224E+03,0.000000E+00,2.840555E-01,0.000000E+00,4.298959E+03,0.000000E+00,3.030677E-01
16:20:00,0.000000E+00,1.845537E+03,0.000000E+00,1.300924E-01,0.000000E+00,2.118898E+03,0.000000E+00,1.493914E-01,0.000000E+00,1.821593E+03,0.000000E+00,1.284248E-01,0.000000E+00,1.431268E+03,0.000000E+00,1.009018E-01,0.000000E+00,3.416620E+03,0.000000E+00,2.408769E-01,0.000000E+00,3.484030E+03,0.000000E+00,2.456296E-01,0.000000E+00,3.793946E+03,0.000000E+00,2.674701E-01,0.000000E+00,4.020364E+03,0.000000E+00,2.834281E-01,0.000000E+00,3.603810E+03,0.000000E+00,2.540740E-01,0.000000E+00,3.950006E+03,0.000000E+00,2.784787E-01,0.000000E+00,4.180852E+03,0.000000E+00,2.947464E-01,0.000000E+00,4.359817E+03,0.000000E+00,3.073588E-01
16:30:00,0.000000E+00,1.905634E+03,0.000000E+00,1.343287E-01,0.000000E+00,2.214998E+03,0.000000E+00,1.561679E-01,0.000000E+00,1.963457E+03,0.000000E+00,1.384279E-01,0.000000E+00,1.502245E+03,0.000000E+00,1.059066E-01,0.000000E+00,3.472016E+03,0.000000E+00,2.447835E-01,0.000000E+00,3.603587E+03,0.000000E+00,2.540598E-01,0.000000E+00,3.945534E+03,0.000000E+00,2.781583E-01,0.000000E+00,4.083329E+03,0.000000E+00,2.878680E-01,0.000000E+00,3.660680E+03,0.000000E+00,2.580846E-01,0.000000E+00,4.063228E+03,0.000000E+00,2.864623E-01,0.000000E+00,4.338794E+03,0.000000E+00,3.058825E-01,0.000000E+00,4.422200E+03,0.000000E+00,3.117578E-01
16:40:00,0.000000E+00,1.966753E+03,0.000000E+00,1.386370E-01,0.000000E+00,2.314326E+03,0.000000E+00,1.631720E-01,0.000000E+00,2.107313E+03,0.000000E+00,1.485714E-01,0.000000E+00,1.574431E+03,0.000000E+00,1.109965E-01,0.000000E+00,3.528712E+03,0.000000E+00,2.487820E-01,0.000000E+00,3.727086E+03,0.000000E+00,2.627680E-01,0.000000E+00,4.101305E+03,0.000000E+00,2.891415E-01,0.000000E+00,4.147887E+03,0.000000E+00,2.924204E-01,0.000000E+00,3.718656E+03,0.000000E+00,2.621734E-01,0.000000E+00,4.178288E+03,0.000000E+00,2.945756E-01,0.000000E+00,4.500129E+03,0.000000E+00,3.172580E-01,0.000000E+00,4.485786E+03,0.000000E+00,3.162416E-01
16:50:00,0.000000E+00,2.028645E+03,0.000000E+00,1.429998E-01,0.000000E+00,2.415884E+03,0.000000E+00,1.703331E-01,0.000000E+00,2.250768E+03,0.000000E+00,1.586864E-01,0.000000E+00,1.647571E+03,0.000000E+00,1.161537E-01,0.000000E+00,3.586476E+03,0.000000E+00,2.528558E-01,0.000000E+00,3.853165E+03,0.000000E+00,2.716582E-01,0.000000E+00,4.258641E+03,0.000000E+00,3.002350E-01,0.000000E+00,4.213784E+03,0.000000E+00,2.970672E-01,0.000000E+00,3.777559E+03,0.000000E+00,2.663276E-01,0.000000E+00,4.293469E+03,0.000000E+00,3.026976E-01,0.000000E+00,4.662034E+03,0.000000E+00,3.286738E-01,0.000000E+00,4.550363E+03,0.000000E+00,3.207955E-01
17:00:00,0.000000E+00,2.091146E+03,0.000000E+00,1.474056E-01,0.000000E+00,2.518795E+03,0.000000E+00,1.775896E-01,0.000000E+00,2.391751E+03,0.000000E+00,1.686269E-01,0.000000E+00,1.721486E+03,0.000000E+00,1.213654E-01,0.000000E+00,3.645151E+03,0.000000E+00,2.569940E-01,0.000000E+00,3.980499E+03,0.000000E+00,2.806369E-01,0.000000E+00,4.415205E+03,0.000000E+00,3.112743E-01,0.000000E+00,4.280840E+03,0.000000E+00,3.017958E-01,0.000000E+00,3.837240E+03,0.000000E+00,2.705368E-01,0.000000E+00,4.407287E+03,0.000000E+00,3.107237E-01,0.000000E+00,4.821978E+03,0.000000E+00,3.399514E-01,0.000000E+00,4.615757E+03,0.000000E+00,3.254070E-01
17:10:00,0.000000E+00,2.187824E+03,0.000000E+00,1.542205E-01,0.000000E+00,2.659964E+03,0.000000E+00,1.875435E-01,0.000000E+00,2.567421E+03,0.000000E+00,1.810129E-01,0.000000E+00,1.834799E+03,0.000000E+00,1.293549E-01,0.000000E+00,3.736063E+03,0.000000E+00,2.634052E-01,0.000000E+00,4.142748E+03,0.000000E+00,2.920773E-01,0.000000E+00,4.604842E+03,0.000000E+00,3.246452E-01,0.000000E+00,4.384828E+03,0.000000E+00,3.091283E-01,0.000000E+00,3.931578E+03,0.000000E+00,2.771896E-01,0.000000E+00,4.556179E+03,0.000000E+00,3.212226E-01,0.000000E+00,5.017098E+03,0.000000E+00,3.537090E-01,0.000000E+00,4.720630E+03,0.000000E+00,3.328020E-01
17:20:00,0.000000E+00,2.287159E+03,0.000000E+00,1.612227E-01,0.000000E+00,2.804989E+03,0.000000E+00,1.977699E-01,0.000000E+00,2.740424E+03,0.000000E+00,1.932114E-01,0.000000E+00,1.951009E+03,0.000000E+00,1.375495E-01,0.000000E+00,3.829914E+03,0.000000E+00,2.700242E-01,0.000000E+00,4.308290E+03,0.000000E+00,3.037506E-01,0.000000E+00,4.793026E+03,0.000000E+00,3.379143E-01,0.000000E+00,4.492129E+03,0.000000E+00,3.166949E-01,0.000000E+00,4.028292E+03,0.000000E+00,2.840106E-01,0.000000E+00,4.703729E+03,0.000000E+00,3.316275E-01,0.000000E+00,5.208771E+03,0.000000E+00,3.672241E-01,0.000000E+00,4.827965E+03,0.000000E+00,3.403712E-01
17:30:00,0.000000E+00,2.388068E+03,0.000000E+00,1.683358E-01,0.000000E+00,2.948911E+03,0.000000E+00,2.079189E-01,0.000000E+00,2.908662E+03,0.000000E+00,2.050740E-01,0.000000E+00,2.068974E+03,0.000000E+00,1.458680E-01,0.000000E+00,3.925793E+03,0.000000E+00,2.767866E-01,0.000000E+00,4.472497E+03,0.000000E+00,3.153301E-01,0.000000E+00,4.977620E+03,0.000000E+00,3.509306E-01,0.000000E+00,4.601710E+03,0.000000E+00,3.244227E-01,0.000000E+00,4.126749E+03,0.000000E+00,2.909549E-01,0.000000E+00,4.848769E+03,0.000000E+00,3.418560E-01,0.000000E+00,5.395158E+03,0.000000E+00,3.803670E-01,0.000000E+00,4.937008E+03,0.000000E+00,3.480611E-01
17:40:00,0.000000E+00,2.490103E+03,0.000000E+00,1.755285E-01,0.000000E+00,3.090757E+03,0.000000E+00,2.179217E-01,0.000000E+00,3.071482E+03,0.000000E+00,2.165545E-01,0.000000E+00,2.188133E+03,0.000000E+00,1.542705E-01,0.000000E+00,4.023282E+03,0.000000E+00,2.836629E-01,0.000000E+00,4.634383E+03,0.000000E+00,3.267465E-01,0.000000E+00,5.157566E+03,0.000000E+00,3.636196E-01,0.000000E+00,4.713218E+03,0.000000E+00,3.322865E-01,0.000000E+00,4.226651E+03,0.000000E+00,2.980014E-01,0.000000E+00,4.990765E+03,0.000000E+00,3.518704E-01,0.000000E+00,5.575298E+03,0.000000E+00,3.930698E-01,0.000000E+00,5.047416E+03,0.000000E+00,3.558476E-01
17:50:00,0.000000E+00,2.593010E+03,0.000000E+00,1.827826E-01,0.000000E+00,3.228884E+03,0.000000E+00,2.276625E-01,0.000000E+00,3.228140E+03,0.000000E+00,2.276005E-01,0.000000E+00,2.309132E+03,0.000000E+00,1.628028E-01,0.000000E+00,4.122146E+03,0.000000E+00,2.906364E-01,0.000000E+00,4.792403E+03,0.000000E+00,3.378906E-01,0.000000E+00,5.332107E+03,0.000000E+00,3.759279E-01,0.000000E+00,4.826838E+03,0.000000E+00,3.402996E-01,0.000000E+00,4.327788E+03,0.000000E+00,3.051353E-01,0.000000E+00,5.129490E+03,0.000000E+00,3.616544E-01,0.000000E+00,5.748721E+03,0.000000E+00,4.052995E-01,0.000000E+00,5.158952E+03,0.000000E+00,3.637139E-01
18:00:00,0.000000E+00,2.696626E+03,0.000000E+00,1.900866E-01,0.000000E+00,3.362656E+03,0.000000E+00,2.370961E-01,0.000000E+00,3.378043E+03,0.000000E+00,2.381702E-01,0.000000E+00,2.432256E+03,0.000000E+00,1.714848E-01,0.000000E+00,4.222229E+03,0.000000E+00,2.976959E-01,0.000000E+00,4.945976E+03,0.000000E+00,3.487211E-01,0.000000E+00,5.500702E+03,0.000000E+00,3.878171E-01,0.000000E+00,4.942549E+03,0.000000E+00,3.484601E-01,0.000000E+00,4.430005E+03,0.000000E+00,3.123454E-01,0.000000E+00,5.264939E+03,0.000000E+00,3.712075E-01,0.000000E+00,5.915364E+03,0.000000E+00,4.170513E-01,0.000000E+00,5.271424E+03,0.000000E+00,3.716463E-01
18:10:00,0.000000E+00,2.719494E+03,0.000000E+00,1.916987E-01,0.000000E+00,3.408723E+03,0.000000E+00,2.403461E-01,0.000000E+00,3.431516E+03,0.000000E+00,2.419414E-01,0.000000E+00,2.469234E+03,0.000000E+00,1.740935E-01,0.000000E+00,4.247661E+03,0.000000E+00,2.994923E-01,0.000000E+00,5.012478E+03,0.000000E+00,3.534130E-01,0.000000E+00,5.580905E+03,0.000000E+00,3.934747E-01,0.000000E+00,4.979245E+03,0.000000E+00,3.510504E-01,0.000000E+00,4.450942E+03,0.000000E+00,3.138251E-01,0.000000E+00,5.308160E+03,0.000000E+00,3.742584E-01,0.000000E+00,5.984690E+03,0.000000E+00,4.219422E-01,0.000000E+00,5.296259E+03,0.000000E+00,3.734004E-01
18:20:00,0.000000E+00,2.737136E+03,0.000000E+00,1.929425E-01,0.000000E+00,3.437986E+03,0.000000E+00,2.424098E-01,0.000000E+00,3.471936E+03,0.000000E+00,2.447907E-01,0.000000E+00,2.501495E+03,0.000000E+00,1.763682E-01,0.000000E+00,4.268440E+03,0.000000E+00,3.009595E-01,0.000000E+00,5.062280E+03,0.000000E+00,3.569262E-01,0.000000E+00,5.648420E+03,0.000000E+00,3.982367E-01,0.000000E+00,5.011458E+03,0.000000E+00,3.533237E-01,0.000000E+00,4.468078E+03,0.000000E+00,3.150356E-01,0.000000E+00,5.343238E+03,0.000000E+00,3.767341E-01,0.000000E+00,6.042197E+03,0.000000E+00,4.259989E-01,0.000000E+00,5.316708E+03,0.000000E+00,3.748444E-01
18:30:00,0.000000E+00,2.751961E+03,0.000000E+00,1.939877E-01,0.000000E+00,3.459415E+03,0.000000E+00,2.439208E-01,0.000000E+00,3.502534E+03,0.000000E+00,2.469475E-01,0.000000E+00,2.531285E+03,0.000000E+00,1.784685E-01,0.000000E+00,4.286549E+03,0.000000E+00,3.022380E-01,0.000000E+00,5.103225E+03,0.000000E+00,3.598144E-01,0.000000E+00,5.706008E+03,0.000000E+00,4.022985E-01,0.000000E+00,5.041408E+03,0.000000E+00,3.554370E-01,0.000000E+00,4.482670E+03,0.000000E+00,3.160661E-01,0.000000E+00,5.371745E+03,0.000000E+00,3.787457E-01,0.000000E+00,6.089993E+03,0.000000E+00,4.293704E-01,0.000000E+00,5.334218E+03,0.000000E+00,3.760807E-01
18:40:00,0.000000E+00,2.764810E+03,0.000000E+00,1.948936E-01,0.000000E+00,3.473573E+03,0.000000E+00,2.449192E-01,0.000000E+00,3.524353E+03,0.000000E+00,2.484853E-01,0.000000E+00,2.559509E+03,0.000000E+00,1.804584E-01,0.000000E+00,4.302774E+03,0.000000E+00,3.033832E-01,0.000000E+00,5.135865E+03,0.000000E+00,3.621166E-01,0.000000E+00,5.754681E+03,0.000000E+00,4.057314E-01,0.000000E+00,5.069810E+03,0.000000E+00,3.574410E-01,0.000000E+00,4.495169E+03,0.000000E+00,3.169486E-01,0.000000E+00,5.394054E+03,0.000000E+00,3.803200E-01,0.000000E+00,6.128724E+03,0.000000E+00,4.321025E-01,0.000000E+00,5.349236E+03,0.000000E+00,3.771411E-01
18:50:00,0.000000E+00,2.776078E+03,0.000000E+00,1.956881E-01,0.000000E+00,3.481781E+03,0.000000E+00,2.454981E-01,0.000000E+00,3.538226E+03,0.000000E+00,2.494631E-01,0.000000E+00,2.585471E+03,0.000000E+00,1.822890E-01,0.000000E+00,4.317486E+03,0.000000E+00,3.044215E-01,0.000000E+00,5.161414E+03,0.000000E+00,3.639186E-01,0.000000E+00,5.795071E+03,0.000000E+00,4.085800E-01,0.000000E+00,5.096336E+03,0.000000E+00,3.593125E-01,0.000000E+00,4.505838E+03,0.000000E+00,3.177018E-01,0.000000E+00,5.410211E+03,0.000000E+00,3.814601E-01,0.000000E+00,6.158616E+03,0.000000E+00,4.342110E-01,0.000000E+00,5.362204E+03,0.000000E+00,3.780568E-01
19:00:00,0.000000E+00,2.786015E+03,0.000000E+00,1.963888E-01,0.000000E+00,3.484463E+03,0.000000E+00,2.456874E-01,0.000000E+00,3.544921E+03,0.000000E+00,2.499350E-01,0.000000E+00,2.608770E+03,0.000000E+00,1.839318E-01,0.000000E+00,4.330908E+03,0.000000E+00,3.053687E-01,0.000000E+00,5.180137E+03,0.000000E+00,3.652392E-01,0.000000E+00,5.827594E+03,0.000000E+00,4.108738E-01,0.000000E+00,5.120844E+03,0.000000E+00,3.610417E-01,0.000000E+00,4.514891E+03,0.000000E+00,3.183410E-01,0.000000E+00,5.420156E+03,0.000000E+00,3.821620E-01,0.000000E+00,6.179618E+03,0.000000E+00,4.356927E-01,0.000000E+00,5.373453E+03,0.000000E+00,3.788511E-01
19:10:00,0.000000E+00,2.757960E+03,0.000000E+00,1.944113E-01,0.000000E+00,3.444243E+03,0.000000E+00,2.428518E-01,0.000000E+00,3.500947E+03,0.000000E+00,2.468346E-01,0.000000E+00,2.582460E+03,0.000000E+00,1.820770E-01,0.000000E+00,4.308464E+03,0.000000E+00,3.037870E-01,0.000000E+00,5.155151E+03,0.000000E+00,3.634781E-01,0.000000E+00,5.811419E+03,0.000000E+00,4.097342E-01,0.000000E+00,5.098969E+03,0.000000E+00,3.595006E-01,0.000000E+00,4.485337E+03,0.000000E+00,3.162580E-01,0.000000E+00,5.384815E+03,0.000000E+00,3.796710E-01,0.000000E+00,6.147533E+03,0.000000E+00,4.334314E-01,0.000000E+00,5.335578E+03,0.000000E+00,3.761820E-01
19:20:00,0.000000E+00,2.727461E+03,0.000000E+00,1.922615E-01,0.000000E+00,3.396246E+03,0.000000E+00,2.394673E-01,0.000000E+00,3.449192E+03,0.000000E+00,2.431850E-01,0.000000E+00,2.551307E+03,0.000000E+00,1.798800E-01,0.000000E+00,4.283458E+03,0.000000E+00,3.020240E-01,0.000000E+00,5.120728E+03,0.000000E+00,3.610511E-01,0.000000E+00,5.786150E+03,0.000000E+00,4.079529E-01,0.000000E+00,5.072502E+03,0.000000E+00,3.576350E-01,0.000000E+00,4.453341E+03,0.000000E+00,3.140022E-01,0.000000E+00,5.342712E+03,0.000000E+00,3.767025E-01,0.000000E+00,6.105809E+03,0.000000E+00,4.304898E-01,0.000000E+00,5.294963E+03,0.000000E+00,3.733189E-01
19:30:00,0.000000E+00,2.695693E+03,0.000000E+00,1.900224E-01,0.000000E+00,3.343686E+03,0.000000E+00,2.357608E-01,0.000000E+00,3.390668E+03,0.000000E+00,2.390581E-01,0.000000E+00,2.516620E+03,0.000000E+00,1.774339E-01,0.000000E+00,4.256865E+03,0.000000E+00,3.001488E-01,0.000000E+00,5.079778E+03,0.000000E+00,3.581634E-01,0.000000E+00,5.752517E+03,0.000000E+00,4.055813E-01,0.000000E+00,5.042403E+03,0.000000E+00,3.555130E-01,0.000000E+00,4.419632E+03,0.000000E+00,3.116251E-01,0.000000E+00,5.294273E+03,0.000000E+00,3.732868E-01,0.000000E+00,6.054715E+03,0.000000E+00,4.268872E-01,0.000000E+00,5.252346E+03,0.000000E+00,3.703143E-01
19:40:00,0.000000E+00,2.663117E+03,0.000000E+00,1.877262E-01,0.000000E+00,3.286676E+03,0.000000E+00,2.317405E-01,0.000000E+00,3.325338E+03,0.000000E+00,2.344513E-01,0.000000E+00,2.479271E+03,0.000000E+00,1.748000E-01,0.000000E+00,4.229114E+03,0.000000E+00,2.981915E-01,0.000000E+00,5.032245E+03,0.000000E+00,3.548112E-01,0.000000E+00,5.710324E+03,0.000000E+00,4.026058E-01,0.000000E+00,5.009334E+03,0.000000E+00,3.531812E-01,0.000000E+00,4.384562E+03,0.000000E+00,3.091517E-01,0.000000E+00,5.239448E+03,0.000000E+00,3.694205E-01,0.000000E+00,5.993804E+03,0.000000E+00,4.225920E-01,0.000000E+00,5.207854E+03,0.000000E+00,3.671772E-01
19:50:00,0.000000E+00,2.629528E+03,0.000000E+00,1.853586E-01,0.000000E+00,3.224967E+03,0.000000E+00,2.273889E-01,0.000000E+00,3.252193E+03,0.000000E+00,2.292934E-01,0.000000E+00,2.438474E+03,0.000000E+00,1.719229E-01,0.000000E+00,4.200059E+03,0.000000E+00,2.961421E-01,0.000000E+00,4.977645E+03,0.000000E+00,3.509605E-01,0.000000E+00,5.658507E+03,0.000000E+00,3.989515E-01,0.000000E+00,4.972693E+03,0.000000E+00,3.505973E-01,0.000000E+00,4.347909E+03,0.000000E+00,3.065665E-01,0.000000E+00,5.177765E+03,0.000000E+00,3.650703E-01,0.000000E+00,5.921729E+03,0.000000E+00,4.175092E-01,0.000000E+00,5.160137E+03,0.000000E+00,3.638124E-01
20:00:00,0.000000E+00,2.595436E+03,0.000000E+00,1.829554E-01,0.000000E+00,3.158909E+03,0.000000E+00,2.227304E-01,0.000000E+00,3.171749E+03,0.000000E+00,2.236208E-01,0.000000E+00,2.395177E+03,0.000000E+00,1.688696E-01,0.000000E+00,4.170111E+03,0.000000E+00,2.940295E-01,0.000000E+00,4.916179E+03,0.000000E+00,3.466255E-01,0.000000E+00,5.597376E+03,0.000000E+00,3.946403E-01,0.000000E+00,4.933286E+03,0.000000E+00,3.478182E-01,0.000000E+00,4.310265E+03,0.000000E+00,3.039113E-01,0.000000E+00,5.109568E+03,0.000000E+00,3.602606E-01,0.000000E+00,5.839160E+03,0.000000E+00,4.116865E-01,0.000000E+00,5.110058E+03,0.000000E+00,3.602808E-01
20:10:00,0.000000E+00,2.568031E+03,0.000000E+00,1.810237E-01,0.000000E+00,3.096367E+03,0.000000E+00,2.183200E-01,0.000000E+00,3.090340E+03,0.000000E+00,2.178802E-01,0.000000E+00,2.355551E+03,0.000000E+00,1.660752E-01,0.000000E+00,4.145595E+03,0.000000E+00,2.922999E-01,0.000000E+00,4.855004E+03,0.000000E+00,3.423110E-01,0.000000E+00,5.532078E+03,0.000000E+00,3.900352E-01,0.000000E+00,4.896173E+03,0.000000E+00,3.452007E-01,0.000000E+00,4.279006E+03,0.000000E+00,3.017063E-01,0.000000E+00,5.042791E+03,0.000000E+00,3.555510E-01,0.000000E+00,5.752660E+03,0.000000E+00,4.055865E-01,0.000000E+00,5.063745E+03,0.000000E+00,3.570148E-01
20:20:00,0.000000E+00,2.540532E+03,0.000000E+00,1.790854E-01,0.000000E+00,3.030002E+03,0.000000E+00,2.136403E-01,0.000000E+00,3.000898E+03,0.000000E+00,2.115734E-01,0.000000E+00,2.315472E+03,0.000000E+00,1.632490E-01,0.000000E+00,4.120733E+03,0.000000E+00,2.905461E-01,0.000000E+00,4.786925E+03,0.000000E+00,3.375100E-01,0.000000E+00,5.456951E+03,0.000000E+00,3.847372E-01,0.000000E+00,4.858153E+03,0.000000E+00,3.425194E-01,0.000000E+00,4.247260E+03,0.000000E+00,2.994671E-01,0.000000E+00,4.968737E+03,0.000000E+00,3.503285E-01,0.000000E+00,5.655005E+03,0.000000E+00,3.987001E-01,0.000000E+00,5.015674E+03,0.000000E+00,3.536248E-01
20:30:00,0.000000E+00,2.512451E+03,0.000000E+00,1.771059E-01,0.000000E+00,2.956516E+03,0.000000E+00,2.084585E-01,0.000000E+00,2.898901E+03,0.000000E+00,2.043815E-01,0.000000E+00,2.274148E+03,0.000000E+00,1.603350E-01,0.000000E+00,4.095116E+03,0.000000E+00,2.887392E-01,0.000000E+00,4.708022E+03,0.000000E+00,3.319459E-01,0.000000E+00,5.367982E+03,0.000000E+00,3.784634E-01,0.000000E+00,4.818655E+03,0.000000E+00,3.397338E-01,0.000000E+00,4.214807E+03,0.000000E+00,2.971781E-01,0.000000E+00,4.884313E+03,0.000000E+00,3.443750E-01,0.000000E+00,5.541215E+03,0.000000E+00,3.906763E-01,0.000000E+00,4.965285E+03,0.000000E+00,3.500714E-01
20:40:00,0.000000E+00,2.483369E+03,0.000000E+00,1.750560E-01,0.000000E+00,2.877306E+03,0.000000E+00,2.028732E-01,0.000000E+00,2.783436E+03,0.000000E+00,1.962400E-01,0.000000E+00,2.231060E+03,0.000000E+00,1.572968E-01,0.000000E+00,4.068391E+03,0.000000E+00,2.868541E-01,0.000000E+00,4.617510E+03,0.000000E+00,3.255634E-01,0.000000E+00,5.264061E+03,0.000000E+00,3.711355E-01,0.000000E+00,4.777123E+03,0.000000E+00,3.368050E-01,0.000000E+00,4.181359E+03,0.000000E+00,2.948191E-01,0.000000E+00,4.789144E+03,0.000000E+00,3.376640E-01,0.000000E+00,5.410437E+03,0.000000E+00,3.814547E-01,0.000000E+00,4.912451E+03,0.000000E+00,3.463457E-01
20:50:00,0.000000E+00,2.453926E+03,0.000000E+00,1.729805E-01,0.000000E+00,2.793817E+03,0.000000E+00,1.969866E-01,0.000000E+00,2.660025E+03,0.000000E+00,1.875383E-01,0.000000E+00,2.187623E+03,0.000000E+00,1.542339E-01,0.000000E+00,4.041049E+03,0.000000E+00,2.849257E-01,0.000000E+00,4.519010E+03,0.000000E+00,3.186177E-01,0.000000E+00,5.149662E+03,0.000000E+00,3.630688E-01,0.000000E+00,4.734729E+03,0.000000E+00,3.338155E-01,0.000000E+00,4.147602E+03,0.000000E+00,2.924383E-01,0.000000E+00,4.687319E+03,0.000000E+00,3.304837E-01,0.000000E+00,5.269081E+03,0.000000E+00,3.714875E-01,0.000000E+00,4.858934E+03,0.000000E+00,3.425719E-01
21:00:00,0.000000E+00,2.423489E+03,0.000000E+00,1.708351E-01,0.000000E+00,2.708971E+03,0.000000E+00,1.910042E-01,0.000000E+00,2.531914E+03,0.000000E+00,1.785052E-01,0.000000E+00,2.142267E+03,0.000000E+00,1.510358E-01,0.000000E+00,4.012599E+03,0.000000E+00,2.829192E-01,0.000000E+00,4.415919E+03,0.000000E+00,3.113484E-01,0.000000E+00,5.027623E+03,0.000000E+00,3.544636E-01,0.000000E+00,4.690075E+03,0.000000E+00,3.306667E-01,0.000000E+00,4.112671E+03,0.000000E+00,2.899748E-01,0.000000E+00,4.581473E+03,0.000000E+00,3.230200E-01,0.000000E+00,5.120007E+03,0.000000E+00,3.609761E-01,0.000000E+00,4.802440E+03,0.000000E+00,3.385883E-01
21:10:00,0.000000E+00,2.382246E+03,0.000000E+00,1.679278E-01,0.000000E+00,2.619021E+03,0.000000E+00,1.846620E-01,0.000000E+00,2.397835E+03,0.000000E+00,1.690514E-01,0.000000E+00,2.083140E+03,0.000000E+00,1.468668E-01,0.000000E+00,3.972937E+03,0.000000E+00,2.801222E-01,0.000000E+00,4.306070E+03,0.000000E+00,3.036028E-01,0.000000E+00,4.894994E+03,0.000000E+00,3.451118E-01,0.000000E+00,4.630598E+03,0.000000E+00,3.264728E-01,0.000000E+00,4.067081E+03,0.000000E+00,2.867598E-01,0.000000E+00,4.470406E+03,0.000000E+00,3.151883E-01,0.000000E+00,4.964164E+03,0.000000E+00,3.499877E-01,0.000000E+00,4.732288E+03,0.000000E+00,3.336418E-01
21:20:00,0.000000E+00,2.341419E+03,0.000000E+00,1.650499E-01,0.000000E+00,2.536646E+03,0.000000E+00,1.788538E-01,0.000000E+00,2.274794E+03,0.000000E+00,1.603760E-01,0.000000E+00,2.025571E+03,0.000000E+00,1.428075E-01,0.000000E+00,3.933322E+03,0.000000E+00,2.773283E-01,0.000000E+00,4.203732E+03,0.000000E+00,2.963868E-01,0.000000E+00,4.769470E+03,0.000000E+00,3.362610E-01,0.000000E+00,4.571736E+03,0.000000E+00,3.223221E-01,0.000000E+00,4.022013E+03,0.000000E+00,2.835815E-01,0.000000E+00,4.367026E+03,0.000000E+00,3.078986E-01,0.000000E+00,4.818935E+03,0.000000E+00,3.397477E-01,0.000000E+00,4.663802E+03,0.000000E+00,3.288126E-01
21:30:00,0.000000E+00,2.301211E+03,0.000000E+00,1.622156E-01,0.000000E+00,2.464653E+03,0.000000E+00,1.737777E-01,0.000000E+00,2.168608E+03,0.000000E+00,1.528891E-01,0.000000E+00,1.970093E+03,0.000000E+00,1.388957E-01,0.000000E+00,3.893931E+03,0.000000E+00,2.745504E-01,0.000000E+00,4.113123E+03,0.000000E+00,2.899980E-01,0.000000E+00,4.657018E+03,0.000000E+00,3.283321E-01,0.000000E+00,4.514051E+03,0.000000E+00,3.182545E-01,0.000000E+00,3.977620E+03,0.000000E+00,2.804508E-01,0.000000E+00,4.275894E+03,0.000000E+00,3.014727E-01,0.000000E+00,4.691588E+03,0.000000E+00,3.307687E-01,0.000000E+00,4.597704E+03,0.000000E+00,3.241518E-01
21:40:00,0.000000E+00,2.262075E+03,0.000000E+00,1.594569E-01,0.000000E+00,2.402951E+03,0.000000E+00,1.694273E-01,0.000000E+00,2.082044E+03,0.000000E+00,1.467858E-01,0.000000E+00,1.917189E+03,0.000000E+00,1.351654E-01,0.000000E+00,3.855165E+03,0.000000E+00,2.718166E-01,0.000000E+00,4.036816E+03,0.000000E+00,2.846180E-01,0.000000E+00,4.561040E+03,0.000000E+00,3.215651E-01,0.000000E+00,4.458077E+03,0.000000E+00,3.143077E-01,0.000000E+00,3.934318E+03,0.000000E+00,2.773973E-01,0.000000E+00,4.199048E+03,0.000000E+00,2.960545E-01,0.000000E+00,4.585697E+03,0.000000E+00,3.233028E-01,0.000000E+00,4.534675E+03,0.000000E+00,3.197077E-01
21:50:00,0.000000E+00,2.223931E+03,0.000000E+00,1.567681E-01,0.000000E+00,2.351610E+03,0.000000E+00,1.658073E-01,0.000000E+00,2.012156E+03,0.000000E+00,1.418586E-01,0.000000E+00,1.866781E+03,0.000000E+00,1.316113E-01,0.000000E+00,3.817002E+03,0.000000E+00,2.691256E-01,0.000000E+00,3.973223E+03,0.000000E+00,2.801345E-01,0.000000E+00,4.479923E+03,0.000000E+00,3.158460E-01,0.000000E+00,4.403908E+03,0.000000E+00,3.104884E-01,0.000000E+00,3.892032E+03,0.000000E+00,2.744155E-01,0.000000E+00,4.134342E+03,0.000000E+00,2.914923E-01,0.000000E+00,4.498279E+03,0.000000E+00,3.171397E-01,0.000000E+00,4.474611E+03,0.000000E+00,3.154728E-01
22:00:00,0.000000E+00,2.187172E+03,0.000000E+00,1.541768E-01,0.000000E+00,2.308455E+03,0.000000E+00,1.627646E-01,0.000000E+00,1.956612E+03,0.000000E+00,1.379428E-01,0.000000E+00,1.819979E+03,0.000000E+00,1.283114E-01,0.000000E+00,3.779793E+03,0.000000E+00,2.665018E-01,0.000000E+00,3.920163E+03,0.000000E+00,2.763938E-01,0.000000E+00,4.412247E+03,0.000000E+00,3.110749E-01,0.000000E+00,4.352672E+03,0.000000E+00,3.068759E-01,0.000000E+00,3.851354E+03,0.000000E+00,2.715471E-01,0.000000E+00,4.080128E+03,0.000000E+00,2.876701E-01,0.000000E+00,4.427812E+03,0.000000E+00,3.121719E-01,0.000000E+00,4.419268E+03,0.000000E+00,3.115708E-01
22:10:00,0.000000E+00,2.106387E+03,0.000000E+00,1.484822E-01,0.000000E+00,2.225505E+03,0.000000E+00,1.569161E-01,0.000000E+00,1.854377E+03,0.000000E+00,1.307353E-01,0.000000E+00,1.722351E+03,0.000000E+00,1.214283E-01,0.000000E+00,3.701285E+03,0.000000E+00,2.609662E-01,0.000000E+00,3.827133E+03,0.000000E+00,2.698349E-01,0.000000E+00,4.302639E+03,0.000000E+00,3.033475E-01,0.000000E+00,4.254285E+03,0.000000E+00,2.999392E-01,0.000000E+00,3.766025E+03,0.000000E+00,2.655307E-01,0.000000E+00,3.980769E+03,0.000000E+00,2.806650E-01,0.000000E+00,4.310870E+03,0.000000E+00,3.039275E-01,0.000000E+00,4.312633E+03,0.000000E+00,3.040527E-01
22:20:00,0.000000E+00,2.022941E+03,0.000000E+00,1.426000E-01,0.000000E+00,2.139100E+03,0.000000E+00,1.508235E-01,0.000000E+00,1.750885E+03,0.000000E+00,1.234387E-01,0.000000E+00,1.622147E+03,0.000000E+00,1.143632E-01,0.000000E+00,3.619979E+03,0.000000E+00,2.552328E-01,0.000000E+00,3.730296E+03,0.000000E+00,2.630069E-01,0.000000E+00,4.192315E+03,0.000000E+00,2.955690E-01,0.000000E+00,4.153094E+03,0.000000E+00,2.928044E-01,0.000000E+00,3.678568E+03,0.000000E+00,2.593636E-01,0.000000E+00,3.880735E+03,0.000000E+00,2.736115E-01,0.000000E+00,4.194034E+03,0.000000E+00,2.956899E-01,0.000000E+00,4.204031E+03,0.000000E+00,2.963953E-01
22:30:00,0.000000E+00,1.938087E+03,0.000000E+00,1.366185E-01,0.000000E+00,2.052076E+03,0.000000E+00,1.446869E-01,0.000000E+00,1.647007E+03,0.000000E+00,1.161147E-01,0.000000E+00,1.520562E+03,0.000000E+00,1.072007E-01,0.000000E+00,3.536902E+03,0.000000E+00,2.493742E-01,0.000000E+00,3.632668E+03,0.000000E+00,2.561228E-01,0.000000E+00,4.081779E+03,0.000000E+00,2.877752E-01,0.000000E+00,4.050228E+03,0.000000E+00,2.855512E-01,0.000000E+00,3.589647E+03,0.000000E+00,2.530929E-01,0.000000E+00,3.780399E+03,0.000000E+00,2.665363E-01,0.000000E+00,4.077546E+03,0.000000E+00,2.874765E-01,0.000000E+00,4.094204E+03,0.000000E+00,2.886514E-01
22:40:00,0.000000E+00,1.852259E+03,0.000000E+00,1.305684E-01,0.000000E+00,1.964682E+03,0.000000E+00,1.385241E-01,0.000000E+00,1.543089E+03,0.000000E+00,1.087879E-01,0.000000E+00,1.418172E+03,0.000000E+00,9.998134E-02,0.000000E+00,3.452477E+03,0.000000E+00,2.434204E-01,0.000000E+00,3.534356E+03,0.000000E+00,2.491902E-01,0.000000E+00,3.971108E+03,0.000000E+00,2.799717E-01,0.000000E+00,3.946145E+03,0.000000E+00,2.782121E-01,0.000000E+00,3.499509E+03,0.000000E+00,2.467363E-01,0.000000E+00,3.679730E+03,0.000000E+00,2.594375E-01,0.000000E+00,3.961250E+03,0.000000E+00,2.792764E-01,0.000000E+00,3.983382E+03,0.000000E+00,2.808371E-01
22:50:00,0.000000E+00,1.765691E+03,0.000000E+00,1.244661E-01,0.000000E+00,1.877083E+03,0.000000E+00,1.323468E-01,0.000000E+00,1.439255E+03,0.000000E+00,1.014670E-01,0.000000E+00,1.315195E+03,0.000000E+00,9.272068E-02,0.000000E+00,3.366921E+03,0.000000E+00,2.373868E-01,0.000000E+00,3.435484E+03,0.000000E+00,2.422180E-01,0.000000E+00,3.860296E+03,0.000000E+00,2.721581E-01,0.000000E+00,3.841056E+03,0.000000E+00,2.708019E-01,0.000000E+00,3.408336E+03,0.000000E+00,2.403066E-01,0.000000E+00,3.578771E+03,0.000000E+00,2.523180E-01,0.000000E+00,3.845087E+03,0.000000E+00,2.710856E-01,0.000000E+00,3.871725E+03,0.000000E+00,2.729638E-01
23:00:00,0.000000E+00,1.678498E+03,0.000000E+00,1.183196E-01,0.000000E+00,1.789335E+03,0.000000E+00,1.261589E-01,0.000000E+00,1.335518E+03,0.000000E+00,9.415276E-02,0.000000E+00,1.211728E+03,0.000000E+00,8.542540E-02,0.000000E+00,3.280354E+03,0.000000E+00,2.312817E-01,0.000000E+00,3.336080E+03,0.000000E+00,2.352081E-01,0.000000E+00,3.749290E+03,0.000000E+00,2.643307E-01,0.000000E+00,3.735062E+03,0.000000E+00,2.633278E-01,0.000000E+00,3.316223E+03,0.000000E+00,2.338105E-01,0.000000E+00,3.477466E+03,0.000000E+00,2.451741E-01,0.000000E+00,3.728932E+03,0.000000E+00,2.628951E-01,0.000000E+00,3.759291E+03,0.000000E+00,2.650358E-01
23:10:00,0.000000E+00,1.598307E+03,0.000000E+00,1.126668E-01,0.000000E+00,1.709424E+03,0.000000E+00,1.205238E-01,0.000000E+00,1.240945E+03,0.000000E+00,8.748486E-02,0.000000E+00,1.117447E+03,0.000000E+00,7.877802E-02,0.000000E+00,3.200121E+03,0.000000E+00,2.256234E-01,0.000000E+00,3.243964E+03,0.000000E+00,2.287122E-01,0.000000E+00,3.646748E+03,0.000000E+00,2.571000E-01,0.000000E+00,3.637482E+03,0.000000E+00,2.564471E-01,0.000000E+00,3.230817E+03,0.000000E+00,2.277875E-01,0.000000E+00,3.383538E+03,0.000000E+00,2.385504E-01,0.000000E+00,3.621800E+03,0.000000E+00,2.553410E-01,0.000000E+00,3.655767E+03,0.000000E+00,2.577359E-01
23:20:00,0.000000E+00,1.517905E+03,0.000000E+00,1.069992E-01,0.000000E+00,1.630100E+03,0.000000E+00,1.149304E-01,0.000000E+00,1.146766E+03,0.000000E+00,8.084497E-02,0.000000E+00,1.023095E+03,0.000000E+00,7.212597E-02,0.000000E+00,3.119290E+03,0.000000E+00,2.199231E-01,0.000000E+00,3.151983E+03,0.000000E+00,2.222261E-01,0.000000E+00,3.544216E+03,0.000000E+00,2.498704E-01,0.000000E+00,3.539387E+03,0.000000E+00,2.495302E-01,0.000000E+00,3.144828E+03,0.000000E+00,2.217235E-01,0.000000E+00,3.289436E+03,0.000000E+00,2.319147E-01,0.000000E+00,3.514750E+03,0.000000E+00,2.477928E-01,0.000000E+00,3.551768E+03,0.000000E+00,2.504028E-01
23:30:00,0.000000E+00,1.437213E+03,0.000000E+00,1.013111E-01,0.000000E+00,1.550807E+03,0.000000E+00,1.093391E-01,0.000000E+00,1.052773E+03,0.000000E+00,7.421824E-02,0.000000E+00,9.285215E+02,0.000000E+00,6.545836E-02,0.000000E+00,3.037811E+03,0.000000E+00,2.141773E-01,0.000000E+00,3.059686E+03,0.000000E+00,2.157177E-01,0.000000E+00,3.441547E+03,0.000000E+00,2.426310E-01,0.000000E+00,3.440696E+03,0.000000E+00,2.425714E-01,0.000000E+00,3.058238E+03,0.000000E+00,2.156173E-01,0.000000E+00,3.195076E+03,0.000000E+00,2.252608E-01,0.000000E+00,3.407652E+03,0.000000E+00,2.402412E-01,0.000000E+00,3.447249E+03,0.000000E+00,2.430331E-01
23:40:00,0.000000E+00,1.356228E+03,0.000000E+00,9.560228E-02,0.000000E+00,1.471544E+03,0.000000E+00,1.037500E-01,0.000000E+00,9.589191E+02,0.000000E+00,6.760126E-02,0.000000E+00,8.337249E+02,0.000000E+00,5.877499E-02,0.000000E+00,2.955685E+03,0.000000E+00,2.083859E-01,0.000000E+00,2.967052E+03,0.000000E+00,2.091856E-01,0.000000E+00,3.338677E+03,0.000000E+00,2.353776E-01,0.000000E+00,3.341393E+03,0.000000E+00,2.355694E-01,0.000000E+00,2.971069E+03,0.000000E+00,2.094703E-01,0.000000E+00,3.100435E+03,0.000000E+00,2.185872E-01,0.000000E+00,3.300454E+03,0.000000E+00,2.326826E-01,0.000000E+00,3.342213E+03,0.000000E+00,2.356270E-01
23:50:00,0.000000E+00,1.274964E+03,0.000000E+00,8.987382E-02,0.000000E+00,1.392287E+03,0.000000E+00,9.816132E-02,0.000000E+00,8.651657E+02,0.000000E+00,6.099137E-02,0.000000E+00,7.387055E+02,0.000000E+00,5.207590E-02,0.000000E+00,2.872932E+03,0.000000E+00,2.025502E-01,0.000000E+00,2.874068E+03,0.000000E+00,2.026289E-01,0.000000E+00,3.235580E+03,0.000000E+00,2.281081E-01,0.000000E+00,3.241486E+03,0.000000E+00,2.285249E-01,0.000000E+00,2.883346E+03,0.000000E+00,2.032843E-01,0.000000E+00,3.005506E+03,0.000000E+00,2.118933E-01,0.000000E+00,3.193124E+03,0.000000E+00,2.251148E-01,0.000000E+00,3.236675E+03,0.000000E+00,2.281855E-01
24:00:00,0.000000E+00,1.193437E+03,0.000000E+00,8.412684E-02,0.000000E+00,1.313029E+03,0.000000E+00,9.257253E-02,0.000000E+00,7.714922E+02,0.000000E+00,5.438710E-02,0.000000E+00,6.434733E+02,0.000000E+00,4.536179E-02,0.000000E+00,2.789570E+03,0.000000E+00,1.966717E-01,0.000000E+00,2.780733E+03,0.000000E+00,1.960474E-01,0.000000E+00,3.132240E+03,0.000000E+00,2.208216E-01,0.000000E+00,3.140987E+03,0.000000E+00,2.214386E-01,0.000000E+00,2.795089E+03,0.000000E+00,1.970606E-01,0.000000E+00,2.910284E+03,0.000000E+00,2.051787E-01,0.000000E+00,3.085643E+03,0.000000E+00,2.175363E-01,0.000000E+00,3.130644E+03,0.000000E+00,2.207092E-01
Peak,0.000000E+00,2.786015E+03,0.000000E+00,1.963888E-01,0.000000E+00,3.484463E+03,0.000000E+00,2.456874E-01,0.000000E+00,3.544921E+03,0.000000E+00,2.499350E-01,0.000000E+00,2.608770E+03,0.000000E+00,1.839318E-01,0.000000E+00,4.330908E+03,0.000000E+00,3.053687E-01,0.000000E+00,5.180137E+03,0.000000E+00,3.652392E-01,0.000000E+00,5.827594E+03,0.000000E+00,4.108738E-01,0.000000E+00,5.120844E+03,0.000000E+00,3.610417E-01,0.000000E+00,4.514891E+03,0.000000E+00,3.183410E-01,0.000000E+00,5.420156E+03,0.000000E+00,3.821620E-01,0.000000E+00,6.179618E+03,0.000000E+00,4.356927E-01,0.000000E+00,5.373453E+03,0.000000E+00,3.788511E-01

Peak Vol Flow (m3/s),,,0.000000E+00,1.631685E-01,,,0.000000E+00,2.041280E-01,,,0.000000E+00,2.076571E-01,,,0.000000E+00,1.528187E-01,,,0.000000E+00,2.537139E-01,,,0.000000E+00,3.034569E-01,,,0.000000E+00,3.413722E-01,,,0.000000E+00,2.999694E-01,,,0.000000E+00,2.644918E-01,,,0.000000E+00,3.175171E-01,,,0.000000E+00,3.619928E-01,,,0.000000E+00,3.147663E-01
