Time,01_A1:ANCHORAGEMERRILLFIELDANNHTG99.6CONDNSDB:Des Heat Load [W],01_A1:ANCHORAGEMERRILLFIELDANNCLG.4CONDNSDBMWB:Des Sens Cool Load [W],01_A1:ANCHORAGEMERRILLFIELDANNHTG99.6CONDNSDB:Des Heat Mass Flow [kg/s],01_A1:ANCHORAGEMERRILLFIELDANNCLG.4CONDNSDBMWB:Des Cool Mass Flow [kg/s],01_A2::Des Heat Load [W],01_A2:ANCHORAGEMERRILLFIELDANNCLG.4CONDNSDBMWB:Des Sens Cool Load [W],01_A2::Des Heat Mass Flow [kg/s],01_A2:ANCHORAGEMERRILLFIELDANNCLG.4CONDNSDBMWB:Des Cool Mass Flow [kg/s],01_B2:ANCHORAGEMERRILLFIELDANNHTG99.6CONDNSDB:Des Heat Load [W],01_B2:ANCHORAGEMERRILLFIELDANNCLG.4CONDNSDBMWB:Des Sens Cool Load [W],01_B2:ANCHORAGEMERRILLFIELDANNHTG99.6CONDNSDB:Des Heat Mass Flow [kg/s],01_B2:ANCHORAGEMERRILLFIELDANNCLG.4CONDNSDBMWB:Des Cool Mass Flow [kg/s],01_C1:ANCHORAGEMERRILLFIELDANNHTG99.6CONDNSDB:Des Heat Load [W],01_C1:ANCHORAGEMERRILLFIELDANNCLG.4CONDNSDBMWB:Des Sens Cool Load [W],01_C1:ANCHORAGEMERRILLFIELDANNHTG99.6CONDNSDB:Des Heat Mass Flow [kg/s],01_C1:ANCHORAGEMERRILLFIELDANNCLG.4CONDNSDBMWB:Des Cool Mass Flow [kg/s],02_A1::Des Heat Load [W],02_A1:ANCHORAGEMERRILLFIELDANNCLG.4CONDNSDBMWB:Des Sens Cool Load [W],02_A1::Des Heat Mass Flow [kg/s],02_A1:ANCHORAGEMERRILLFIELDANNCLG.4CONDNSDBMWB:Des Cool Mass Flow [kg/s],02_A2::Des Heat Load [W],02_A2:ANCHORAGEMERRILLFIELDANNCLG.4CONDNSDBMWB:Des Sens Cool Load [W],02_A2::Des Heat Mass Flow [kg/s],02_A2:ANCHORAGEMERRILLFIELDANNCLG.4CONDNSDBMWB:Des Cool Mass Flow [kg/s],02_B2::Des Heat Load [W],02_B2:ANCHORAGEMERRILLFIELDANNCLG.4CONDNSDBMWB:Des Sens Cool Load [W],02_B2::Des Heat Mass Flow [kg/s],02_B2:ANCHORAGEMERRILLFIELDANNCLG.4CONDNSDBMWB:Des Cool Mass Flow [kg/s],02_C1::Des Heat Load [W],02_C1:ANCHORAGEMERRILLFIELDANNCLG.4CONDNSDBMWB:Des Sens Cool Load [W],02_C1::Des Heat Mass Flow [kg/s],02_C1:ANCHORAGEMERRILLFIELDANNCLG.4CONDNSDBMWB:Des Cool Mass Flow [kg/s],03_A1::Des Heat Load [W],03_A1:ANCHORAGEMERRILLFIELDANNCLG.4CONDNSDBMWB:Des Sens Cool Load [W],03_A1::Des Heat Mass Flow [kg/s],03_A1:ANCHORAGEMERRILLFIELDANNCLG.4CONDNSDBMWB:Des Cool Mass Flow [kg/s],03_A2::Des Heat Load [W],03_A2:ANCHORAGEMERRILLFIELDANNCLG.4CONDNSDBMWB:Des Sens Cool Load [W],03_A2::Des Heat Mass Flow [kg/s],03_A2:ANCHORAGEMERRILLFIELDANNCLG.4CONDNSDBMWB:Des Cool Mass Flow [kg/s],03_B2::Des Heat Load [W],03_B2:ANCHORAGEMERRILLFIELDANNCLG.4CONDNSDBMWB:Des Sens Cool Load [W],03_B2::Des Heat Mass Flow [kg/s],03_B2:ANCHORAGEMERRILLFIELDANNCLG.4CONDNSDBMWB:Des Cool Mass Flow [kg/s],03_C1::Des Heat Load [W],03_C1:ANCHORAGEMERRILLFIELDANNCLG.4CONDNSDBMWB:Des Sens Cool Load [W],03_C1::Des Heat Mass Flow [kg/s],03_C1:ANCHORAGEMERRILLFIELDANNCLG.4CONDNSDBMWB:Des Cool Mass Flow [kg/s]
00:10:00,0.000000E+00,1.221598E+03,0.000000E+00,8.611188E-02,0.000000E+00,1.357074E+03,0.000000E+00,9.567721E-02,0.000000E+00,8.478098E+02,0.000000E+00,5.976717E-02,0.000000E+00,7.429116E+02,0.000000E+00,5.237189E-02,0.000000E+00,2.894077E+03,0.000000E+00,2.040387E-01,0.000000E+00,2.898365E+03,0.000000E+00,2.043393E-01,0.000000E+00,3.267583E+03,0.000000E+00,2.303624E-01,0.000000E+00,3.391069E+03,0.000000E+00,2.390686E-01,0.000000E+00,2.920589E+03,0.000000E+00,2.059077E-01,0.000000E+00,3.047287E+03,0.000000E+00,2.148367E-01,0.000000E+00,3.264952E+03,0.000000E+00,2.301768E-01,0.000000E+00,3.422450E+03,0.000000E+00,2.412807E-01
00:20:00,0.000000E+00,1.143611E+03,0.000000E+00,8.061444E-02,0.000000E+00,1.282073E+03,0.000000E+00,9.038894E-02,0.000000E+00,7.597258E+02,0.000000E+00,5.355736E-02,0.000000E+00,6.531951E+02,0.000000E+00,4.604707E-02,0.000000E+00,2.812399E+03,0.000000E+00,1.982792E-01,0.000000E+00,2.807596E+03,0.000000E+00,1.979391E-01,0.000000E+00,3.169556E+03,0.000000E+00,2.234507E-01,0.000000E+00,3.293044E+03,0.000000E+00,2.321570E-01,0.000000E+00,2.833781E+03,0.000000E+00,1.997865E-01,0.000000E+00,2.954257E+03,0.000000E+00,2.082770E-01,0.000000E+00,3.162190E+03,0.000000E+00,2.229312E-01,0.000000E+00,3.318549E+03,0.000000E+00,2.339549E-01
00:30:00,0.000000E+00,1.065506E+03,0.000000E+00,7.510868E-02,0.000000E+00,1.207221E+03,0.000000E+00,8.511121E-02,0.000000E+00,6.718136E+02,0.000000E+00,4.735968E-02,0.000000E+00,5.634137E+02,0.000000E+00,3.971770E-02,0.000000E+00,2.730280E+03,0.000000E+00,1.924885E-01,0.000000E+00,2.716650E+03,0.000000E+00,1.915263E-01,0.000000E+00,3.071401E+03,0.000000E+00,2.165299E-01,0.000000E+00,3.194645E+03,0.000000E+00,2.252190E-01,0.000000E+00,2.746640E+03,0.000000E+00,1.936418E-01,0.000000E+00,2.861121E+03,0.000000E+00,2.017098E-01,0.000000E+00,3.059444E+03,0.000000E+00,2.156868E-01,0.000000E+00,3.214418E+03,0.000000E+00,2.266128E-01
00:40:00,0.000000E+00,9.872875E+02,0.000000E+00,6.959495E-02,0.000000E+00,1.132532E+03,0.000000E+00,7.984499E-02,0.000000E+00,5.840748E+02,0.000000E+00,4.117422E-02,0.000000E+00,4.735959E+02,0.000000E+00,3.338576E-02,0.000000E+00,2.647731E+03,0.000000E+00,1.866677E-01,0.000000E+00,2.625526E+03,0.000000E+00,1.851010E-01,0.000000E+00,2.973100E+03,0.000000E+00,2.095989E-01,0.000000E+00,3.095879E+03,0.000000E+00,2.182552E-01,0.000000E+00,2.659175E+03,0.000000E+00,1.874743E-01,0.000000E+00,2.767862E+03,0.000000E+00,1.951340E-01,0.000000E+00,2.956681E+03,0.000000E+00,2.084412E-01,0.000000E+00,3.110055E+03,0.000000E+00,2.192544E-01
00:50:00,0.000000E+00,9.089608E+02,0.000000E+00,6.407357E-02,0.000000E+00,1.057985E+03,0.000000E+00,7.458879E-02,0.000000E+00,4.964858E+02,0.000000E+00,3.499930E-02,0.000000E+00,3.837382E+02,0.000000E+00,2.705101E-02,0.000000E+00,2.564765E+03,0.000000E+00,1.808174E-01,0.000000E+00,2.534213E+03,0.000000E+00,1.786625E-01,0.000000E+00,2.874642E+03,0.000000E+00,2.026569E-01,0.000000E+00,2.996755E+03,0.000000E+00,2.112661E-01,0.000000E+00,2.571392E+03,0.000000E+00,1.812844E-01,0.000000E+00,2.674468E+03,0.000000E+00,1.885487E-01,0.000000E+00,2.853878E+03,0.000000E+00,2.011929E-01,0.000000E+00,3.005462E+03,0.000000E+00,2.118798E-01
01:00:00,0.000000E+00,8.305300E+02,0.000000E+00,5.854485E-02,0.000000E+00,9.835694E+02,0.000000E+00,6.934177E-02,0.000000E+00,4.090305E+02,0.000000E+00,2.883380E-02,0.000000E+00,2.938431E+02,0.000000E+00,2.071361E-02,0.000000E+00,2.481394E+03,0.000000E+00,1.749386E-01,0.000000E+00,2.442712E+03,0.000000E+00,1.722106E-01,0.000000E+00,2.776020E+03,0.000000E+00,1.957032E-01,0.000000E+00,2.897279E+03,0.000000E+00,2.042523E-01,0.000000E+00,2.483300E+03,0.000000E+00,1.750728E-01,0.000000E+00,2.580931E+03,0.000000E+00,1.819532E-01,0.000000E+00,2.751020E+03,0.000000E+00,1.939406E-01,0.000000E+00,2.900640E+03,0.000000E+00,2.044890E-01
01:10:00,1.638116E+00,7.940267E+02,1.447169E-04,5.597166E-02,0.000000E+00,9.494800E+02,0.000000E+00,6.693794E-02,0.000000E+00,3.689802E+02,0.000000E+00,2.601024E-02,0.000000E+00,2.522459E+02,0.000000E+00,1.778110E-02,0.000000E+00,2.437078E+03,0.000000E+00,1.718132E-01,0.000000E+00,2.392224E+03,0.000000E+00,1.686503E-01,0.000000E+00,2.721199E+03,0.000000E+00,1.918375E-01,0.000000E+00,2.842541E+03,0.000000E+00,2.003924E-01,0.000000E+00,2.437422E+03,0.000000E+00,1.718373E-01,0.000000E+00,2.532115E+03,0.000000E+00,1.785108E-01,0.000000E+00,2.695926E+03,0.000000E+00,1.900557E-01,0.000000E+00,2.844415E+03,0.000000E+00,2.005244E-01
01:20:00,6.127280E+00,7.600573E+02,5.413057E-04,5.357708E-02,0.000000E+00,9.192907E+02,0.000000E+00,6.480951E-02,0.000000E+00,3.317898E+02,0.000000E+00,2.338853E-02,0.000000E+00,2.133695E+02,0.000000E+00,1.504061E-02,0.000000E+00,2.394981E+03,0.000000E+00,1.688448E-01,0.000000E+00,2.346232E+03,0.000000E+00,1.654074E-01,0.000000E+00,2.669112E+03,0.000000E+00,1.881651E-01,0.000000E+00,2.790395E+03,0.000000E+00,1.967158E-01,0.000000E+00,2.393375E+03,0.000000E+00,1.687315E-01,0.000000E+00,2.485250E+03,0.000000E+00,1.752063E-01,0.000000E+00,2.643066E+03,0.000000E+00,1.863287E-01,0.000000E+00,2.790339E+03,0.000000E+00,1.967117E-01
01:30:00,1.281762E+01,7.274878E+02,1.132355E-03,5.128119E-02,0.000000E+00,8.904661E+02,0.000000E+00,6.277734E-02,0.000000E+00,2.962219E+02,0.000000E+00,2.088122E-02,0.000000E+00,1.761391E+02,0.000000E+00,1.241617E-02,0.000000E+00,2.354179E+03,0.000000E+00,1.659678E-01,0.000000E+00,2.301697E+03,0.000000E+00,1.622673E-01,0.000000E+00,2.618604E+03,0.000000E+00,1.846040E-01,0.000000E+00,2.739776E+03,0.000000E+00,1.931469E-01,0.000000E+00,2.350573E+03,0.000000E+00,1.657135E-01,0.000000E+00,2.439640E+03,0.000000E+00,1.719905E-01,0.000000E+00,2.591638E+03,0.000000E+00,1.827028E-01,0.000000E+00,2.737708E+03,0.000000E+00,1.930009E-01
01:40:00,2.139422E+01,6.959206E+02,1.890043E-03,4.905596E-02,0.000000E+00,8.625986E+02,0.000000E+00,6.081265E-02,0.000000E+00,2.617024E+02,0.000000E+00,1.844781E-02,0.000000E+00,1.399963E+02,0.000000E+00,9.868392E-03,0.000000E+00,2.314295E+03,0.000000E+00,1.631556E-01,0.000000E+00,2.258257E+03,0.000000E+00,1.592045E-01,0.000000E+00,2.569213E+03,0.000000E+00,1.811217E-01,0.000000E+00,2.690244E+03,0.000000E+00,1.896547E-01,0.000000E+00,2.308797E+03,0.000000E+00,1.627679E-01,0.000000E+00,2.395071E+03,0.000000E+00,1.688480E-01,0.000000E+00,2.541385E+03,0.000000E+00,1.791598E-01,0.000000E+00,2.686279E+03,0.000000E+00,1.893750E-01
01:50:00,3.164315E+01,6.651432E+02,2.795473E-03,4.688640E-02,0.000000E+00,8.354634E+02,0.000000E+00,5.889958E-02,0.000000E+00,2.280006E+02,0.000000E+00,1.607205E-02,0.000000E+00,1.047331E+02,0.000000E+00,7.382636E-03,0.000000E+00,2.275137E+03,0.000000E+00,1.603946E-01,0.000000E+00,2.215659E+03,0.000000E+00,1.562012E-01,0.000000E+00,2.520713E+03,0.000000E+00,1.777023E-01,0.000000E+00,2.641594E+03,0.000000E+00,1.862247E-01,0.000000E+00,2.267882E+03,0.000000E+00,1.598831E-01,0.000000E+00,2.351366E+03,0.000000E+00,1.657666E-01,0.000000E+00,2.492122E+03,0.000000E+00,1.756866E-01,0.000000E+00,2.635883E+03,0.000000E+00,1.858220E-01
02:00:00,3.164315E+01,6.350321E+02,2.795473E-03,4.476381E-02,0.000000E+00,8.089362E+02,0.000000E+00,5.702936E-02,0.000000E+00,1.949892E+02,0.000000E+00,1.374495E-02,0.000000E+00,7.022670E+01,0.000000E+00,4.950234E-03,0.000000E+00,2.236589E+03,0.000000E+00,1.576768E-01,0.000000E+00,2.173773E+03,0.000000E+00,1.532480E-01,0.000000E+00,2.472986E+03,0.000000E+00,1.743374E-01,0.000000E+00,2.593710E+03,0.000000E+00,1.828487E-01,0.000000E+00,2.227719E+03,0.000000E+00,1.570513E-01,0.000000E+00,2.308421E+03,0.000000E+00,1.627387E-01,0.000000E+00,2.443737E+03,0.000000E+00,1.722753E-01,0.000000E+00,2.586410E+03,0.000000E+00,1.823340E-01
02:10:00,3.000504E+01,6.139995E+02,2.650757E-03,4.328118E-02,0.000000E+00,7.909271E+02,0.000000E+00,5.575966E-02,0.000000E+00,1.719657E+02,0.000000E+00,1.212195E-02,0.000000E+00,5.145445E+01,0.000000E+00,3.626963E-03,0.000000E+00,2.206504E+03,0.000000E+00,1.555555E-01,0.000000E+00,2.140774E+03,0.000000E+00,1.509214E-01,0.000000E+00,2.434596E+03,0.000000E+00,1.716308E-01,0.000000E+00,2.555285E+03,0.000000E+00,1.801396E-01,0.000000E+00,2.196822E+03,0.000000E+00,1.548728E-01,0.000000E+00,2.275283E+03,0.000000E+00,1.604023E-01,0.000000E+00,2.405626E+03,0.000000E+00,1.695884E-01,0.000000E+00,2.547352E+03,0.000000E+00,1.795802E-01
02:20:00,2.551587E+01,5.940444E+02,2.254168E-03,4.187450E-02,0.000000E+00,7.742332E+02,0.000000E+00,5.458277E-02,0.000000E+00,1.500661E+02,0.000000E+00,1.057820E-02,0.000000E+00,3.614530E+01,0.000000E+00,2.547834E-03,0.000000E+00,2.177460E+03,0.000000E+00,1.535077E-01,0.000000E+00,2.109353E+03,0.000000E+00,1.487061E-01,0.000000E+00,2.397462E+03,0.000000E+00,1.690127E-01,0.000000E+00,2.518110E+03,0.000000E+00,1.775187E-01,0.000000E+00,2.166975E+03,0.000000E+00,1.527685E-01,0.000000E+00,2.243205E+03,0.000000E+00,1.581407E-01,0.000000E+00,2.368714E+03,0.000000E+00,1.669861E-01,0.000000E+00,2.509540E+03,0.000000E+00,1.769144E-01
02:30:00,1.882553E+01,5.748497E+02,1.663119E-03,4.052143E-02,0.000000E+00,7.582112E+02,0.000000E+00,5.345325E-02,0.000000E+00,1.289528E+02,0.000000E+00,9.089903E-03,0.000000E+00,2.369084E+01,0.000000E+00,1.669933E-03,0.000000E+00,2.149195E+03,0.000000E+00,1.515149E-01,0.000000E+00,2.078777E+03,0.000000E+00,1.465504E-01,0.000000E+00,2.361271E+03,0.000000E+00,1.664612E-01,0.000000E+00,2.481889E+03,0.000000E+00,1.749651E-01,0.000000E+00,2.137976E+03,0.000000E+00,1.507239E-01,0.000000E+00,2.211962E+03,0.000000E+00,1.559380E-01,0.000000E+00,2.332752E+03,0.000000E+00,1.644507E-01,0.000000E+00,2.472740E+03,0.000000E+00,1.743200E-01
02:40:00,1.024894E+01,5.562602E+02,9.054302E-04,3.921103E-02,0.000000E+00,7.427128E+02,0.000000E+00,5.236064E-02,0.000000E+00,1.084364E+02,0.000000E+00,7.643675E-03,0.000000E+00,1.364767E+01,0.000000E+00,9.620026E-04,0.000000E+00,2.121572E+03,0.000000E+00,1.495674E-01,0.000000E+00,2.048905E+03,0.000000E+00,1.444444E-01,0.000000E+00,2.325866E+03,0.000000E+00,1.639651E-01,0.000000E+00,2.446468E+03,0.000000E+00,1.724678E-01,0.000000E+00,2.109697E+03,0.000000E+00,1.487301E-01,0.000000E+00,2.181415E+03,0.000000E+00,1.537843E-01,0.000000E+00,2.297596E+03,0.000000E+00,1.619722E-01,0.000000E+00,2.436808E+03,0.000000E+00,1.717868E-01
02:50:00,0.000000E+00,5.381973E+02,0.000000E+00,3.793774E-02,0.000000E+00,7.276702E+02,0.000000E+00,5.130016E-02,0.000000E+00,8.844377E+01,0.000000E+00,6.234370E-03,0.000000E+00,5.809244E+00,0.000000E+00,4.094839E-04,0.000000E+00,2.094523E+03,0.000000E+00,1.476603E-01,0.000000E+00,2.019659E+03,0.000000E+00,1.423825E-01,0.000000E+00,2.291180E+03,0.000000E+00,1.615198E-01,0.000000E+00,2.411773E+03,0.000000E+00,1.700218E-01,0.000000E+00,2.082082E+03,0.000000E+00,1.467832E-01,0.000000E+00,2.151531E+03,0.000000E+00,1.516774E-01,0.000000E+00,2.263203E+03,0.000000E+00,1.595475E-01,0.000000E+00,2.401692E+03,0.000000E+00,1.693110E-01
03:00:00,0.000000E+00,5.205951E+02,0.000000E+00,3.669694E-02,0.000000E+00,7.130391E+02,0.000000E+00,5.026869E-02,0.000000E+00,6.891299E+01,0.000000E+00,4.857626E-03,0.000000E+00,0.000000E+00,0.000000E+00,0.000000E+00,0.000000E+00,2.067996E+03,0.000000E+00,1.457901E-01,0.000000E+00,1.990988E+03,0.000000E+00,1.403611E-01,0.000000E+00,2.257162E+03,0.000000E+00,1.591215E-01,0.000000E+00,2.377750E+03,0.000000E+00,1.676232E-01,0.000000E+00,2.055070E+03,0.000000E+00,1.448788E-01,0.000000E+00,2.122258E+03,0.000000E+00,1.496136E-01,0.000000E+00,2.229518E+03,0.000000E+00,1.571727E-01,0.000000E+00,2.367328E+03,0.000000E+00,1.668884E-01
03:10:00,0.000000E+00,5.076406E+02,0.000000E+00,3.578375E-02,0.000000E+00,7.027233E+02,0.000000E+00,4.954144E-02,0.000000E+00,5.446562E+01,0.000000E+00,3.839224E-03,0.000000E+00,0.000000E+00,0.000000E+00,0.000000E+00,0.000000E+00,2.045907E+03,0.000000E+00,1.442327E-01,0.000000E+00,1.966940E+03,0.000000E+00,1.386657E-01,0.000000E+00,2.228084E+03,0.000000E+00,1.570715E-01,0.000000E+00,2.348726E+03,0.000000E+00,1.655769E-01,0.000000E+00,2.032903E+03,0.000000E+00,1.433159E-01,0.000000E+00,2.098099E+03,0.000000E+00,1.479104E-01,0.000000E+00,2.201216E+03,0.000000E+00,1.551774E-01,0.000000E+00,2.338436E+03,0.000000E+00,1.648515E-01
03:20:00,0.000000E+00,4.953180E+02,0.000000E+00,3.491511E-02,0.000000E+00,6.931661E+02,0.000000E+00,4.886771E-02,0.000000E+00,4.060192E+01,0.000000E+00,2.861983E-03,0.000000E+00,0.000000E+00,0.000000E+00,0.000000E+00,0.000000E+00,2.024533E+03,0.000000E+00,1.427258E-01,0.000000E+00,1.943872E+03,0.000000E+00,1.370394E-01,0.000000E+00,2.199889E+03,0.000000E+00,1.550838E-01,0.000000E+00,2.320575E+03,0.000000E+00,1.635923E-01,0.000000E+00,2.011454E+03,0.000000E+00,1.418037E-01,0.000000E+00,2.074669E+03,0.000000E+00,1.462586E-01,0.000000E+00,2.173744E+03,0.000000E+00,1.532406E-01,0.000000E+00,2.310409E+03,0.000000E+00,1.628756E-01
03:30:00,0.000000E+00,4.834605E+02,0.000000E+00,3.407925E-02,0.000000E+00,6.840164E+02,0.000000E+00,4.822272E-02,0.000000E+00,2.856214E+01,0.000000E+00,2.013310E-03,0.000000E+00,0.000000E+00,0.000000E+00,0.000000E+00,0.000000E+00,2.003740E+03,0.000000E+00,1.412598E-01,0.000000E+00,1.921418E+03,0.000000E+00,1.354564E-01,0.000000E+00,2.172418E+03,0.000000E+00,1.531471E-01,0.000000E+00,2.293139E+03,0.000000E+00,1.616581E-01,0.000000E+00,1.990619E+03,0.000000E+00,1.403348E-01,0.000000E+00,2.051855E+03,0.000000E+00,1.446501E-01,0.000000E+00,2.146974E+03,0.000000E+00,1.513534E-01,0.000000E+00,2.283123E+03,0.000000E+00,1.609520E-01
03:40:00,0.000000E+00,4.719865E+02,0.000000E+00,3.327043E-02,0.000000E+00,6.752045E+02,0.000000E+00,4.760153E-02,1.147104E+01,1.811650E+01,8.093608E-04,1.277009E-03,0.000000E+00,0.000000E+00,0.000000E+00,0.000000E+00,0.000000E+00,1.983457E+03,0.000000E+00,1.398298E-01,0.000000E+00,1.899511E+03,0.000000E+00,1.339120E-01,0.000000E+00,2.145592E+03,0.000000E+00,1.512559E-01,0.000000E+00,2.266335E+03,0.000000E+00,1.597684E-01,0.000000E+00,1.970335E+03,0.000000E+00,1.389048E-01,0.000000E+00,2.029597E+03,0.000000E+00,1.430809E-01,0.000000E+00,2.120844E+03,0.000000E+00,1.495113E-01,0.000000E+00,2.256512E+03,0.000000E+00,1.590760E-01
03:50:00,0.000000E+00,4.608429E+02,0.000000E+00,3.248490E-02,0.000000E+00,6.666492E+02,0.000000E+00,4.699843E-02,2.022583E+01,9.147895E+00,1.427049E-03,6.448225E-04,0.000000E+00,0.000000E+00,0.000000E+00,0.000000E+00,0.000000E+00,1.963639E+03,0.000000E+00,1.384327E-01,0.000000E+00,1.878101E+03,0.000000E+00,1.324025E-01,0.000000E+00,2.119362E+03,0.000000E+00,1.494068E-01,0.000000E+00,2.240107E+03,0.000000E+00,1.579194E-01,0.000000E+00,1.950557E+03,0.000000E+00,1.375104E-01,0.000000E+00,2.007853E+03,0.000000E+00,1.415480E-01,0.000000E+00,2.095307E+03,0.000000E+00,1.477110E-01,0.000000E+00,2.230525E+03,0.000000E+00,1.572439E-01
04:00:00,0.000000E+00,4.499900E+02,0.000000E+00,3.171986E-02,0.000000E+00,6.583016E+02,0.000000E+00,4.640996E-02,3.238760E+01,1.564150E+00,2.285107E-03,1.102546E-04,0.000000E+00,0.000000E+00,0.000000E+00,0.000000E+00,0.000000E+00,1.944253E+03,0.000000E+00,1.370659E-01,0.000000E+00,1.857152E+03,0.000000E+00,1.309257E-01,0.000000E+00,2.093695E+03,0.000000E+00,1.475972E-01,0.000000E+00,2.214416E+03,0.000000E+00,1.561082E-01,0.000000E+00,1.931245E+03,0.000000E+00,1.361489E-01,0.000000E+00,1.986590E+03,0.000000E+00,1.400489E-01,0.000000E+00,2.070329E+03,0.000000E+00,1.459500E-01,0.000000E+00,2.205122E+03,0.000000E+00,1.554530E-01
04:10:00,0.000000E+00,4.484233E+02,0.000000E+00,3.160941E-02,0.000000E+00,6.584650E+02,0.000000E+00,4.642149E-02,3.982103E+01,0.000000E+00,2.809569E-03,0.000000E+00,0.000000E+00,0.000000E+00,0.000000E+00,0.000000E+00,0.000000E+00,1.934020E+03,0.000000E+00,1.363445E-01,0.000000E+00,1.845381E+03,0.000000E+00,1.300958E-01,0.000000E+00,2.079251E+03,0.000000E+00,1.465789E-01,0.000000E+00,2.200667E+03,0.000000E+00,1.551389E-01,0.000000E+00,1.921469E+03,0.000000E+00,1.354596E-01,0.000000E+00,1.975052E+03,0.000000E+00,1.392355E-01,0.000000E+00,2.057011E+03,0.000000E+00,1.450111E-01,0.000000E+00,2.192142E+03,0.000000E+00,1.545380E-01
04:20:00,0.000000E+00,4.485460E+02,0.000000E+00,3.161805E-02,0.000000E+00,6.596916E+02,0.000000E+00,4.650807E-02,4.879749E+01,2.831030E+00,3.442889E-03,1.999656E-04,0.000000E+00,0.000000E+00,0.000000E+00,0.000000E+00,0.000000E+00,1.925393E+03,0.000000E+00,1.357363E-01,0.000000E+00,1.835587E+03,0.000000E+00,1.294054E-01,0.000000E+00,2.073064E+03,0.000000E+00,1.461428E-01,0.000000E+00,2.194160E+03,0.000000E+00,1.546803E-01,0.000000E+00,1.913959E+03,0.000000E+00,1.349302E-01,0.000000E+00,1.966158E+03,0.000000E+00,1.386085E-01,0.000000E+00,2.055077E+03,0.000000E+00,1.448749E-01,0.000000E+00,2.189413E+03,0.000000E+00,1.543456E-01
04:30:00,0.000000E+00,4.496340E+02,0.000000E+00,3.169473E-02,0.000000E+00,6.617017E+02,0.000000E+00,4.664987E-02,5.904094E+01,2.094688E+01,4.165603E-03,1.476918E-03,0.000000E+00,0.000000E+00,0.000000E+00,0.000000E+00,0.000000E+00,1.917851E+03,0.000000E+00,1.352046E-01,0.000000E+00,1.827145E+03,0.000000E+00,1.288103E-01,0.000000E+00,2.074122E+03,0.000000E+00,1.462175E-01,0.000000E+00,2.194162E+03,0.000000E+00,1.546805E-01,0.000000E+00,1.907789E+03,0.000000E+00,1.344953E-01,0.000000E+00,1.958774E+03,0.000000E+00,1.380880E-01,0.000000E+00,2.061852E+03,0.000000E+00,1.453526E-01,0.000000E+00,2.194668E+03,0.000000E+00,1.547162E-01
04:40:00,0.000000E+00,4.517576E+02,0.000000E+00,3.184441E-02,0.000000E+00,6.643791E+02,0.000000E+00,4.683872E-02,5.903076E+01,4.485838E+01,4.164852E-03,3.162459E-03,4.215998E+00,0.000000E+00,2.974815E-04,0.000000E+00,0.000000E+00,1.911443E+03,0.000000E+00,1.347529E-01,0.000000E+00,1.819965E+03,0.000000E+00,1.283042E-01,0.000000E+00,2.085411E+03,0.000000E+00,1.470135E-01,0.000000E+00,2.203582E+03,0.000000E+00,1.553447E-01,0.000000E+00,1.903108E+03,0.000000E+00,1.341654E-01,0.000000E+00,1.953057E+03,0.000000E+00,1.376851E-01,0.000000E+00,2.081261E+03,0.000000E+00,1.467210E-01,0.000000E+00,2.211756E+03,0.000000E+00,1.559211E-01
04:50:00,0.000000E+00,4.548726E+02,0.000000E+00,3.206398E-02,0.000000E+00,6.677359E+02,0.000000E+00,4.707547E-02,6.284428E+01,8.066445E+01,4.433912E-03,5.686502E-03,9.221254E+00,0.000000E+00,6.506151E-04,0.000000E+00,0.000000E+00,1.906143E+03,0.000000E+00,1.343793E-01,0.000000E+00,1.814032E+03,0.000000E+00,1.278860E-01,0.000000E+00,2.107787E+03,0.000000E+00,1.485911E-01,0.000000E+00,2.223478E+03,0.000000E+00,1.567475E-01,0.000000E+00,1.899945E+03,0.000000E+00,1.339424E-01,0.000000E+00,1.949024E+03,0.000000E+00,1.374008E-01,0.000000E+00,2.114033E+03,0.000000E+00,1.490316E-01,0.000000E+00,2.241722E+03,0.000000E+00,1.580338E-01
05:00:00,0.000000E+00,4.591706E+02,0.000000E+00,3.236693E-02,0.000000E+00,6.718592E+02,0.000000E+00,4.736627E-02,6.427169E+01,1.306798E+02,4.534633E-03,9.212301E-03,1.568939E+01,3.733391E+00,1.106960E-03,2.647276E-04,0.000000E+00,1.902110E+03,0.000000E+00,1.340951E-01,0.000000E+00,1.809508E+03,0.000000E+00,1.275671E-01,0.000000E+00,2.144448E+03,0.000000E+00,1.511759E-01,0.000000E+00,2.257249E+03,0.000000E+00,1.591286E-01,0.000000E+00,1.898581E+03,0.000000E+00,1.338463E-01,0.000000E+00,1.946973E+03,0.000000E+00,1.372563E-01,0.000000E+00,2.164350E+03,0.000000E+00,1.525792E-01,0.000000E+00,2.289037E+03,0.000000E+00,1.613697E-01
05:10:00,0.000000E+00,4.894549E+02,0.000000E+00,3.450166E-02,0.000000E+00,6.981854E+02,0.000000E+00,4.922239E-02,5.683825E+01,2.279105E+02,4.010170E-03,1.606680E-02,1.568939E+01,8.030903E+01,1.106960E-03,5.662435E-03,0.000000E+00,1.922727E+03,0.000000E+00,1.355485E-01,0.000000E+00,1.830005E+03,0.000000E+00,1.290122E-01,0.000000E+00,2.220955E+03,0.000000E+00,1.565697E-01,0.000000E+00,2.331552E+03,0.000000E+00,1.643671E-01,0.000000E+00,1.924162E+03,0.000000E+00,1.356498E-01,0.000000E+00,1.973222E+03,0.000000E+00,1.391068E-01,0.000000E+00,2.259235E+03,0.000000E+00,1.592687E-01,0.000000E+00,2.381879E+03,0.000000E+00,1.679153E-01
05:20:00,0.000000E+00,5.218755E+02,0.000000E+00,3.678698E-02,0.000000E+00,7.269449E+02,0.000000E+00,5.125044E-02,4.786180E+01,3.341059E+02,3.376851E-03,2.355389E-02,1.568939E+01,1.565103E+02,1.106960E-03,1.103489E-02,0.000000E+00,1.945633E+03,0.000000E+00,1.371637E-01,0.000000E+00,1.853413E+03,0.000000E+00,1.306628E-01,0.000000E+00,2.303744E+03,0.000000E+00,1.624068E-01,0.000000E+00,2.413091E+03,0.000000E+00,1.701161E-01,0.000000E+00,1.951829E+03,0.000000E+00,1.376006E-01,0.000000E+00,2.000764E+03,0.000000E+00,1.410488E-01,0.000000E+00,2.358831E+03,0.000000E+00,1.662908E-01,0.000000E+00,2.480934E+03,0.000000E+00,1.748993E-01
05:30:00,0.000000E+00,5.567898E+02,0.000000E+00,3.924808E-02,0.000000E+00,7.567862E+02,0.000000E+00,5.335473E-02,3.761835E+01,4.362258E+02,2.654137E-03,3.075456E-02,1.568939E+01,2.488223E+02,1.106960E-03,1.754321E-02,0.000000E+00,1.971029E+03,0.000000E+00,1.389544E-01,0.000000E+00,1.878417E+03,0.000000E+00,1.324259E-01,0.000000E+00,2.392851E+03,0.000000E+00,1.686893E-01,0.000000E+00,2.501965E+03,0.000000E+00,1.763822E-01,0.000000E+00,1.982562E+03,0.000000E+00,1.397676E-01,0.000000E+00,2.030351E+03,0.000000E+00,1.431349E-01,0.000000E+00,2.465210E+03,0.000000E+00,1.737910E-01,0.000000E+00,2.588295E+03,0.000000E+00,1.824688E-01
05:40:00,0.000000E+00,5.937550E+02,0.000000E+00,4.185375E-02,0.000000E+00,7.875101E+02,0.000000E+00,5.552120E-02,2.615749E+01,5.427580E+02,1.845527E-03,3.826658E-02,1.147339E+01,3.525416E+02,8.094783E-04,2.485612E-02,0.000000E+00,1.998644E+03,0.000000E+00,1.409016E-01,0.000000E+00,1.904879E+03,0.000000E+00,1.342918E-01,0.000000E+00,2.484679E+03,0.000000E+00,1.751637E-01,0.000000E+00,2.595224E+03,0.000000E+00,1.829575E-01,0.000000E+00,2.015981E+03,0.000000E+00,1.421239E-01,0.000000E+00,2.061711E+03,0.000000E+00,1.453461E-01,0.000000E+00,2.573982E+03,0.000000E+00,1.814600E-01,0.000000E+00,2.700337E+03,0.000000E+00,1.903684E-01
05:50:00,0.000000E+00,6.328545E+02,0.000000E+00,4.460986E-02,0.000000E+00,8.190311E+02,0.000000E+00,5.774385E-02,1.358918E+01,6.469662E+02,9.587784E-04,4.561504E-02,6.468138E+00,4.680643E+02,4.563447E-04,3.300147E-02,0.000000E+00,2.028560E+03,0.000000E+00,1.430110E-01,0.000000E+00,1.932673E+03,0.000000E+00,1.362516E-01,0.000000E+00,2.577874E+03,0.000000E+00,1.817343E-01,0.000000E+00,2.692150E+03,0.000000E+00,1.897912E-01,0.000000E+00,2.052210E+03,0.000000E+00,1.446785E-01,0.000000E+00,2.094791E+03,0.000000E+00,1.476785E-01,0.000000E+00,2.683927E+03,0.000000E+00,1.892115E-01,0.000000E+00,2.816511E+03,0.000000E+00,1.985592E-01
06:00:00,0.000000E+00,6.740403E+02,0.000000E+00,4.751304E-02,0.000000E+00,8.512097E+02,0.000000E+00,6.001282E-02,0.000000E+00,7.458389E+02,0.000000E+00,5.258752E-02,0.000000E+00,5.919671E+02,0.000000E+00,4.173642E-02,0.000000E+00,2.060788E+03,0.000000E+00,1.452834E-01,0.000000E+00,1.961568E+03,0.000000E+00,1.382890E-01,0.000000E+00,2.668720E+03,0.000000E+00,1.881393E-01,0.000000E+00,2.789980E+03,0.000000E+00,1.966887E-01,0.000000E+00,2.091211E+03,0.000000E+00,1.474284E-01,0.000000E+00,2.129265E+03,0.000000E+00,1.501092E-01,0.000000E+00,2.790286E+03,0.000000E+00,1.967102E-01,0.000000E+00,2.933098E+03,0.000000E+00,2.067791E-01
06:10:00,4.604896E+00,7.373449E+02,3.965271E-04,5.197537E-02,0.000000E+00,9.018500E+02,0.000000E+00,6.358343E-02,0.000000E+00,8.600025E+02,0.000000E+00,6.063876E-02,0.000000E+00,7.109422E+02,0.000000E+00,5.012738E-02,0.000000E+00,2.113336E+03,0.000000E+00,1.489884E-01,0.000000E+00,2.009766E+03,0.000000E+00,1.416873E-01,0.000000E+00,2.775048E+03,0.000000E+00,1.956356E-01,0.000000E+00,2.907110E+03,0.000000E+00,2.049468E-01,0.000000E+00,2.153258E+03,0.000000E+00,1.518031E-01,0.000000E+00,2.186484E+03,0.000000E+00,1.541435E-01,0.000000E+00,2.914093E+03,0.000000E+00,2.054388E-01,0.000000E+00,3.071667E+03,0.000000E+00,2.165487E-01
06:20:00,4.604896E+00,8.063368E+02,3.965271E-04,5.683860E-02,0.000000E+00,9.567819E+02,0.000000E+00,6.745700E-02,0.000000E+00,9.742652E+02,0.000000E+00,6.869792E-02,0.000000E+00,8.480027E+02,0.000000E+00,5.979481E-02,0.000000E+00,2.171361E+03,0.000000E+00,1.530798E-01,0.000000E+00,2.062778E+03,0.000000E+00,1.454252E-01,0.000000E+00,2.883256E+03,0.000000E+00,2.032647E-01,0.000000E+00,3.032077E+03,0.000000E+00,2.137576E-01,0.000000E+00,2.221312E+03,0.000000E+00,1.566016E-01,0.000000E+00,2.247122E+03,0.000000E+00,1.584190E-01,0.000000E+00,3.039717E+03,0.000000E+00,2.142957E-01,0.000000E+00,3.219099E+03,0.000000E+00,2.269432E-01
06:30:00,4.604896E+00,8.803923E+02,3.965271E-04,6.205876E-02,0.000000E+00,1.013289E+03,0.000000E+00,7.144171E-02,0.000000E+00,1.086524E+03,0.000000E+00,7.661561E-02,0.000000E+00,9.858571E+02,0.000000E+00,6.951885E-02,0.000000E+00,2.234582E+03,0.000000E+00,1.575376E-01,0.000000E+00,2.118123E+03,0.000000E+00,1.493278E-01,0.000000E+00,2.991416E+03,0.000000E+00,2.108904E-01,0.000000E+00,3.164339E+03,0.000000E+00,2.230827E-01,0.000000E+00,2.295144E+03,0.000000E+00,1.618076E-01,0.000000E+00,2.310044E+03,0.000000E+00,1.628557E-01,0.000000E+00,3.164837E+03,0.000000E+00,2.231171E-01,0.000000E+00,3.374513E+03,0.000000E+00,2.379006E-01
06:40:00,4.604896E+00,9.603204E+02,3.965271E-04,6.769289E-02,0.000000E+00,1.071053E+03,0.000000E+00,7.551494E-02,0.000000E+00,1.195982E+03,0.000000E+00,8.433533E-02,0.000000E+00,1.128722E+03,0.000000E+00,7.959617E-02,0.000000E+00,2.303689E+03,0.000000E+00,1.624105E-01,0.000000E+00,2.175401E+03,0.000000E+00,1.533666E-01,0.000000E+00,3.098679E+03,0.000000E+00,2.184530E-01,0.000000E+00,3.304104E+03,0.000000E+00,2.329369E-01,0.000000E+00,2.375786E+03,0.000000E+00,1.674938E-01,0.000000E+00,2.374968E+03,0.000000E+00,1.674335E-01,0.000000E+00,3.288602E+03,0.000000E+00,2.318430E-01,0.000000E+00,3.538125E+03,0.000000E+00,2.494361E-01
06:50:00,4.604896E+00,1.046774E+03,3.965271E-04,7.378701E-02,0.000000E+00,1.129882E+03,0.000000E+00,7.966323E-02,0.000000E+00,1.301946E+03,0.000000E+00,9.180825E-02,0.000000E+00,1.276119E+03,0.000000E+00,8.999301E-02,0.000000E+00,2.379377E+03,0.000000E+00,1.677475E-01,0.000000E+00,2.234409E+03,0.000000E+00,1.575275E-01,0.000000E+00,3.204286E+03,0.000000E+00,2.258988E-01,0.000000E+00,3.451238E+03,0.000000E+00,2.433107E-01,0.000000E+00,2.463991E+03,0.000000E+00,1.737133E-01,0.000000E+00,2.441711E+03,0.000000E+00,1.721396E-01,0.000000E+00,3.410168E+03,0.000000E+00,2.404139E-01,0.000000E+00,3.709656E+03,0.000000E+00,2.615299E-01
07:00:00,4.604896E+00,1.140448E+03,3.965271E-04,8.039012E-02,0.000000E+00,1.189678E+03,0.000000E+00,8.387965E-02,0.000000E+00,1.404049E+03,0.000000E+00,9.900840E-02,0.000000E+00,1.427826E+03,0.000000E+00,1.006935E-01,0.000000E+00,2.462369E+03,0.000000E+00,1.735995E-01,0.000000E+00,2.295040E+03,0.000000E+00,1.618028E-01,0.000000E+00,3.307739E+03,0.000000E+00,2.331928E-01,0.000000E+00,3.605483E+03,0.000000E+00,2.541859E-01,0.000000E+00,2.560530E+03,0.000000E+00,1.805204E-01,0.000000E+00,2.510158E+03,0.000000E+00,1.769659E-01,0.000000E+00,3.529017E+03,0.000000E+00,2.487932E-01,0.000000E+00,3.888769E+03,0.000000E+00,2.741583E-01
07:10:00,0.000000E+00,1.235522E+03,0.000000E+00,8.709190E-02,0.000000E+00,1.246345E+03,0.000000E+00,8.787554E-02,0.000000E+00,1.493575E+03,0.000000E+00,1.053212E-01,0.000000E+00,1.572993E+03,0.000000E+00,1.109328E-01,0.000000E+00,2.547251E+03,0.000000E+00,1.795849E-01,0.000000E+00,2.352001E+03,0.000000E+00,1.658194E-01,0.000000E+00,3.400324E+03,0.000000E+00,2.397207E-01,0.000000E+00,3.756152E+03,0.000000E+00,2.648091E-01,0.000000E+00,2.659764E+03,0.000000E+00,1.875177E-01,0.000000E+00,2.574570E+03,0.000000E+00,1.815078E-01,0.000000E+00,3.636298E+03,0.000000E+00,2.563572E-01,0.000000E+00,4.064476E+03,0.000000E+00,2.865467E-01
07:20:00,0.000000E+00,1.336817E+03,0.000000E+00,9.423219E-02,0.000000E+00,1.303443E+03,0.000000E+00,9.190176E-02,0.000000E+00,1.577210E+03,0.000000E+00,1.112176E-01,0.000000E+00,1.719353E+03,0.000000E+00,1.212553E-01,0.000000E+00,2.639180E+03,0.000000E+00,1.860672E-01,0.000000E+00,2.410115E+03,0.000000E+00,1.699173E-01,0.000000E+00,3.488452E+03,0.000000E+00,2.459343E-01,0.000000E+00,3.910651E+03,0.000000E+00,2.757022E-01,0.000000E+00,2.766629E+03,0.000000E+00,1.950531E-01,0.000000E+00,2.639978E+03,0.000000E+00,1.861200E-01,0.000000E+00,3.738091E+03,0.000000E+00,2.635342E-01,0.000000E+00,4.243609E+03,0.000000E+00,2.991766E-01
07:30:00,0.000000E+00,1.444320E+03,0.000000E+00,1.018101E-01,0.000000E+00,1.361302E+03,0.000000E+00,9.598157E-02,0.000000E+00,1.654915E+03,0.000000E+00,1.166953E-01,0.000000E+00,1.865773E+03,0.000000E+00,1.315811E-01,0.000000E+00,2.738169E+03,0.000000E+00,1.930473E-01,0.000000E+00,2.469634E+03,0.000000E+00,1.741144E-01,0.000000E+00,3.572194E+03,0.000000E+00,2.518386E-01,0.000000E+00,4.068139E+03,0.000000E+00,2.868061E-01,0.000000E+00,2.881167E+03,0.000000E+00,2.031295E-01,0.000000E+00,2.706893E+03,0.000000E+00,1.908384E-01,0.000000E+00,3.834763E+03,0.000000E+00,2.703501E-01,0.000000E+00,4.425475E+03,0.000000E+00,3.119991E-01
07:40:00,0.000000E+00,1.557394E+03,0.000000E+00,1.097807E-01,0.000000E+00,1.420007E+03,0.000000E+00,1.001210E-01,0.000000E+00,1.726377E+03,0.000000E+00,1.217325E-01,0.000000E+00,2.010890E+03,0.000000E+00,1.418139E-01,0.000000E+00,2.843720E+03,0.000000E+00,2.004900E-01,0.000000E+00,2.530687E+03,0.000000E+00,1.784195E-01,0.000000E+00,3.651012E+03,0.000000E+00,2.573959E-01,0.000000E+00,4.226989E+03,0.000000E+00,2.980059E-01,0.000000E+00,3.002735E+03,0.000000E+00,2.117015E-01,0.000000E+00,2.775317E+03,0.000000E+00,1.956632E-01,0.000000E+00,3.925695E+03,0.000000E+00,2.767613E-01,0.000000E+00,4.608182E+03,0.000000E+00,3.248808E-01
07:50:00,0.000000E+00,1.673379E+03,0.000000E+00,1.179565E-01,0.000000E+00,1.479541E+03,0.000000E+00,1.043189E-01,0.000000E+00,1.791231E+03,0.000000E+00,1.263036E-01,0.000000E+00,2.153222E+03,0.000000E+00,1.518493E-01,0.000000E+00,2.953911E+03,0.000000E+00,2.082599E-01,0.000000E+00,2.593260E+03,0.000000E+00,1.828318E-01,0.000000E+00,3.724461E+03,0.000000E+00,2.625745E-01,0.000000E+00,4.385612E+03,0.000000E+00,3.091897E-01,0.000000E+00,3.128904E+03,0.000000E+00,2.205980E-01,0.000000E+00,2.845222E+03,0.000000E+00,2.005924E-01,0.000000E+00,4.010435E+03,0.000000E+00,2.827359E-01,0.000000E+00,4.789957E+03,0.000000E+00,3.376968E-01
08:00:00,0.000000E+00,1.790655E+03,0.000000E+00,1.262234E-01,0.000000E+00,1.539884E+03,0.000000E+00,1.085738E-01,0.000000E+00,1.848253E+03,0.000000E+00,1.303223E-01,0.000000E+00,2.291088E+03,0.000000E+00,1.615689E-01,0.000000E+00,3.067292E+03,0.000000E+00,2.162546E-01,0.000000E+00,2.657326E+03,0.000000E+00,1.873493E-01,0.000000E+00,3.791471E+03,0.000000E+00,2.672991E-01,0.000000E+00,4.542207E+03,0.000000E+00,3.202304E-01,0.000000E+00,3.258030E+03,0.000000E+00,2.297028E-01,0.000000E+00,2.916555E+03,0.000000E+00,2.056222E-01,0.000000E+00,4.088376E+03,0.000000E+00,2.882312E-01,0.000000E+00,4.968725E+03,0.000000E+00,3.503007E-01
08:10:00,0.000000E+00,1.853895E+03,0.000000E+00,1.306812E-01,0.000000E+00,1.550253E+03,0.000000E+00,1.093051E-01,0.000000E+00,1.833848E+03,0.000000E+00,1.293047E-01,0.000000E+00,2.355537E+03,0.000000E+00,1.661104E-01,0.000000E+00,3.131583E+03,0.000000E+00,2.207883E-01,0.000000E+00,2.670732E+03,0.000000E+00,1.882951E-01,0.000000E+00,3.792143E+03,0.000000E+00,2.673470E-01,0.000000E+00,4.631546E+03,0.000000E+00,3.265294E-01,0.000000E+00,3.334114E+03,0.000000E+00,2.350680E-01,0.000000E+00,2.931954E+03,0.000000E+00,2.067087E-01,0.000000E+00,4.095059E+03,0.000000E+00,2.887029E-01,0.000000E+00,5.074585E+03,0.000000E+00,3.577645E-01
08:20:00,0.000000E+00,1.912719E+03,0.000000E+00,1.348278E-01,0.000000E+00,1.556101E+03,0.000000E+00,1.097168E-01,0.000000E+00,1.808327E+03,0.000000E+00,1.275020E-01,0.000000E+00,2.410058E+03,0.000000E+00,1.699492E-01,0.000000E+00,3.193521E+03,0.000000E+00,2.251554E-01,0.000000E+00,2.679854E+03,0.000000E+00,1.889382E-01,0.000000E+00,3.782439E+03,0.000000E+00,2.666626E-01,0.000000E+00,4.712584E+03,0.000000E+00,3.322424E-01,0.000000E+00,3.407823E+03,0.000000E+00,2.402649E-01,0.000000E+00,2.945999E+03,0.000000E+00,2.076989E-01,0.000000E+00,4.091544E+03,0.000000E+00,2.884548E-01,0.000000E+00,5.171483E+03,0.000000E+00,3.645955E-01
08:30:00,0.000000E+00,1.967373E+03,0.000000E+00,1.386804E-01,0.000000E+00,1.560984E+03,0.000000E+00,1.100603E-01,0.000000E+00,1.773051E+03,0.000000E+00,1.250117E-01,0.000000E+00,2.455097E+03,0.000000E+00,1.731190E-01,0.000000E+00,3.253103E+03,0.000000E+00,2.293559E-01,0.000000E+00,2.688232E+03,0.000000E+00,1.895287E-01,0.000000E+00,3.763753E+03,0.000000E+00,2.653448E-01,0.000000E+00,4.785874E+03,0.000000E+00,3.374087E-01,0.000000E+00,3.478666E+03,0.000000E+00,2.452593E-01,0.000000E+00,2.959447E+03,0.000000E+00,2.086468E-01,0.000000E+00,4.078639E+03,0.000000E+00,2.875445E-01,0.000000E+00,5.259579E+03,0.000000E+00,3.708055E-01
08:40:00,0.000000E+00,2.017394E+03,0.000000E+00,1.422065E-01,0.000000E+00,1.565286E+03,0.000000E+00,1.103628E-01,0.000000E+00,1.730033E+03,0.000000E+00,1.219758E-01,0.000000E+00,2.491316E+03,0.000000E+00,1.756670E-01,0.000000E+00,3.309831E+03,0.000000E+00,2.333550E-01,0.000000E+00,2.696199E+03,0.000000E+00,1.900899E-01,0.000000E+00,3.737547E+03,0.000000E+00,2.634966E-01,0.000000E+00,4.851620E+03,0.000000E+00,3.420428E-01,0.000000E+00,3.545879E+03,0.000000E+00,2.499975E-01,0.000000E+00,2.972506E+03,0.000000E+00,2.095672E-01,0.000000E+00,4.057587E+03,0.000000E+00,2.860596E-01,0.000000E+00,5.338974E+03,0.000000E+00,3.764016E-01
08:50:00,0.000000E+00,2.064116E+03,0.000000E+00,1.454999E-01,0.000000E+00,1.569186E+03,0.000000E+00,1.106371E-01,0.000000E+00,1.681305E+03,0.000000E+00,1.185379E-01,0.000000E+00,2.519315E+03,0.000000E+00,1.776357E-01,0.000000E+00,3.364367E+03,0.000000E+00,2.371993E-01,0.000000E+00,2.703955E+03,0.000000E+00,1.906363E-01,0.000000E+00,3.705445E+03,0.000000E+00,2.612325E-01,0.000000E+00,4.910184E+03,0.000000E+00,3.461702E-01,0.000000E+00,3.610371E+03,0.000000E+00,2.545435E-01,0.000000E+00,2.985256E+03,0.000000E+00,2.104656E-01,0.000000E+00,4.029958E+03,0.000000E+00,2.841108E-01,0.000000E+00,5.410118E+03,0.000000E+00,3.814157E-01
09:00:00,0.000000E+00,2.107697E+03,0.000000E+00,1.485720E-01,0.000000E+00,1.572757E+03,0.000000E+00,1.108881E-01,0.000000E+00,1.629858E+03,0.000000E+00,1.149087E-01,0.000000E+00,2.539995E+03,0.000000E+00,1.790888E-01,0.000000E+00,3.416758E+03,0.000000E+00,2.408921E-01,0.000000E+00,2.711572E+03,0.000000E+00,1.911727E-01,0.000000E+00,3.669808E+03,0.000000E+00,2.587192E-01,0.000000E+00,4.962208E+03,0.000000E+00,3.498364E-01,0.000000E+00,3.672156E+03,0.000000E+00,2.588986E-01,0.000000E+00,2.997737E+03,0.000000E+00,2.113449E-01,0.000000E+00,3.997666E+03,0.000000E+00,2.818332E-01,0.000000E+00,5.473838E+03,0.000000E+00,3.859062E-01
09:10:00,0.000000E+00,2.159204E+03,0.000000E+00,1.522027E-01,0.000000E+00,1.586906E+03,0.000000E+00,1.118851E-01,0.000000E+00,1.593906E+03,0.000000E+00,1.123723E-01,0.000000E+00,2.574151E+03,0.000000E+00,1.814927E-01,0.000000E+00,3.477926E+03,0.000000E+00,2.452037E-01,0.000000E+00,2.729970E+03,0.000000E+00,1.924692E-01,0.000000E+00,3.648413E+03,0.000000E+00,2.572099E-01,0.000000E+00,5.027983E+03,0.000000E+00,3.544718E-01,0.000000E+00,3.742222E+03,0.000000E+00,2.638374E-01,0.000000E+00,3.020978E+03,0.000000E+00,2.129829E-01,0.000000E+00,3.978827E+03,0.000000E+00,2.805040E-01,0.000000E+00,5.550900E+03,0.000000E+00,3.913372E-01
09:20:00,0.000000E+00,2.207535E+03,0.000000E+00,1.556096E-01,0.000000E+00,1.600829E+03,0.000000E+00,1.128663E-01,0.000000E+00,1.559631E+03,0.000000E+00,1.099546E-01,0.000000E+00,2.603435E+03,0.000000E+00,1.835540E-01,0.000000E+00,3.536795E+03,0.000000E+00,2.493533E-01,0.000000E+00,2.748338E+03,0.000000E+00,1.937636E-01,0.000000E+00,3.627437E+03,0.000000E+00,2.557303E-01,0.000000E+00,5.089262E+03,0.000000E+00,3.587905E-01,0.000000E+00,3.809369E+03,0.000000E+00,2.685705E-01,0.000000E+00,3.043943E+03,0.000000E+00,2.146014E-01,0.000000E+00,3.959712E+03,0.000000E+00,2.791555E-01,0.000000E+00,5.622992E+03,0.000000E+00,3.964180E-01
09:30:00,0.000000E+00,2.252581E+03,0.000000E+00,1.587850E-01,0.000000E+00,1.614428E+03,0.000000E+00,1.138247E-01,0.000000E+00,1.529348E+03,0.000000E+00,1.078188E-01,0.000000E+00,2.629068E+03,0.000000E+00,1.853583E-01,0.000000E+00,3.593219E+03,0.000000E+00,2.533306E-01,0.000000E+00,2.766545E+03,0.000000E+00,1.950468E-01,0.000000E+00,3.608804E+03,0.000000E+00,2.544161E-01,0.000000E+00,5.146978E+03,0.000000E+00,3.628581E-01,0.000000E+00,3.873444E+03,0.000000E+00,2.730872E-01,0.000000E+00,3.066578E+03,0.000000E+00,2.161968E-01,0.000000E+00,3.942765E+03,0.000000E+00,2.779601E-01,0.000000E+00,5.691258E+03,0.000000E+00,4.012293E-01
09:40:00,0.000000E+00,2.294292E+03,0.000000E+00,1.617252E-01,0.000000E+00,1.627669E+03,0.000000E+00,1.147580E-01,0.000000E+00,1.504070E+03,0.000000E+00,1.060360E-01,0.000000E+00,2.652063E+03,0.000000E+00,1.869770E-01,0.000000E+00,3.647078E+03,0.000000E+00,2.571273E-01,0.000000E+00,2.784560E+03,0.000000E+00,1.963165E-01,0.000000E+00,3.593579E+03,0.000000E+00,2.533423E-01,0.000000E+00,5.201987E+03,0.000000E+00,3.667352E-01,0.000000E+00,3.934342E+03,0.000000E+00,2.773800E-01,0.000000E+00,3.088854E+03,0.000000E+00,2.177670E-01,0.000000E+00,3.929394E+03,0.000000E+00,2.770168E-01,0.000000E+00,5.756702E+03,0.000000E+00,4.058418E-01
09:50:00,0.000000E+00,2.331951E+03,0.000000E+00,1.643798E-01,0.000000E+00,1.641131E+03,0.000000E+00,1.157068E-01,0.000000E+00,1.485193E+03,0.000000E+00,1.047047E-01,0.000000E+00,2.671883E+03,0.000000E+00,1.883722E-01,0.000000E+00,3.697708E+03,0.000000E+00,2.606963E-01,0.000000E+00,2.803037E+03,0.000000E+00,1.976189E-01,0.000000E+00,3.583143E+03,0.000000E+00,2.526062E-01,0.000000E+00,5.253747E+03,0.000000E+00,3.703833E-01,0.000000E+00,3.991165E+03,0.000000E+00,2.813856E-01,0.000000E+00,3.111665E+03,0.000000E+00,2.193749E-01,0.000000E+00,3.921622E+03,0.000000E+00,2.764686E-01,0.000000E+00,5.818412E+03,0.000000E+00,4.101913E-01
10:00:00,0.000000E+00,2.366100E+03,0.000000E+00,1.667869E-01,0.000000E+00,1.654424E+03,0.000000E+00,1.166438E-01,0.000000E+00,1.471599E+03,0.000000E+00,1.037459E-01,0.000000E+00,2.690013E+03,0.000000E+00,1.896487E-01,0.000000E+00,3.745438E+03,0.000000E+00,2.640609E-01,0.000000E+00,2.821521E+03,0.000000E+00,1.989218E-01,0.000000E+00,3.576711E+03,0.000000E+00,2.521526E-01,0.000000E+00,5.303352E+03,0.000000E+00,3.738797E-01,0.000000E+00,4.044517E+03,0.000000E+00,2.851466E-01,0.000000E+00,3.134182E+03,0.000000E+00,2.209621E-01,0.000000E+00,3.918465E+03,0.000000E+00,2.762458E-01,0.000000E+00,5.877965E+03,0.000000E+00,4.143890E-01
10:10:00,0.000000E+00,2.405079E+03,0.000000E+00,1.695346E-01,0.000000E+00,1.675489E+03,0.000000E+00,1.181287E-01,0.000000E+00,1.473290E+03,0.000000E+00,1.038649E-01,0.000000E+00,2.718638E+03,0.000000E+00,1.916652E-01,0.000000E+00,3.798211E+03,0.000000E+00,2.677811E-01,0.000000E+00,2.847991E+03,0.000000E+00,2.007877E-01,0.000000E+00,3.583930E+03,0.000000E+00,2.526614E-01,0.000000E+00,5.362382E+03,0.000000E+00,3.780405E-01,0.000000E+00,4.102712E+03,0.000000E+00,2.892490E-01,0.000000E+00,3.164989E+03,0.000000E+00,2.231338E-01,0.000000E+00,3.930145E+03,0.000000E+00,2.770691E-01,0.000000E+00,5.947248E+03,0.000000E+00,4.192726E-01
10:20:00,0.000000E+00,2.440879E+03,0.000000E+00,1.720582E-01,0.000000E+00,1.696774E+03,0.000000E+00,1.196293E-01,0.000000E+00,1.479082E+03,0.000000E+00,1.042731E-01,0.000000E+00,2.745298E+03,0.000000E+00,1.935437E-01,0.000000E+00,3.848271E+03,0.000000E+00,2.713102E-01,0.000000E+00,2.874858E+03,0.000000E+00,2.026818E-01,0.000000E+00,3.594239E+03,0.000000E+00,2.533881E-01,0.000000E+00,5.418787E+03,0.000000E+00,3.820165E-01,0.000000E+00,4.157550E+03,0.000000E+00,2.931149E-01,0.000000E+00,3.195677E+03,0.000000E+00,2.252973E-01,0.000000E+00,3.945410E+03,0.000000E+00,2.781452E-01,0.000000E+00,6.013402E+03,0.000000E+00,4.239359E-01
10:30:00,0.000000E+00,2.473294E+03,0.000000E+00,1.743431E-01,0.000000E+00,1.717856E+03,0.000000E+00,1.211155E-01,0.000000E+00,1.487657E+03,0.000000E+00,1.048777E-01,0.000000E+00,2.768767E+03,0.000000E+00,1.951973E-01,0.000000E+00,3.895376E+03,0.000000E+00,2.746311E-01,0.000000E+00,2.901673E+03,0.000000E+00,2.045722E-01,0.000000E+00,3.606565E+03,0.000000E+00,2.542571E-01,0.000000E+00,5.471290E+03,0.000000E+00,3.857176E-01,0.000000E+00,4.208827E+03,0.000000E+00,2.967298E-01,0.000000E+00,3.226112E+03,0.000000E+00,2.274430E-01,0.000000E+00,3.962983E+03,0.000000E+00,2.793841E-01,0.000000E+00,6.074980E+03,0.000000E+00,4.282767E-01
10:40:00,0.000000E+00,2.502182E+03,0.000000E+00,1.763794E-01,0.000000E+00,1.738660E+03,0.000000E+00,1.225823E-01,0.000000E+00,1.497818E+03,0.000000E+00,1.055941E-01,0.000000E+00,2.787854E+03,0.000000E+00,1.965422E-01,0.000000E+00,3.939321E+03,0.000000E+00,2.777292E-01,0.000000E+00,2.928354E+03,0.000000E+00,2.064533E-01,0.000000E+00,3.619942E+03,0.000000E+00,2.552003E-01,0.000000E+00,5.518634E+03,0.000000E+00,3.890551E-01,0.000000E+00,4.256336E+03,0.000000E+00,3.000793E-01,0.000000E+00,3.256199E+03,0.000000E+00,2.295641E-01,0.000000E+00,3.981633E+03,0.000000E+00,2.806990E-01,0.000000E+00,6.130528E+03,0.000000E+00,4.321925E-01
10:50:00,0.000000E+00,2.528107E+03,0.000000E+00,1.782070E-01,0.000000E+00,1.758576E+03,0.000000E+00,1.239864E-01,0.000000E+00,1.507748E+03,0.000000E+00,1.062942E-01,0.000000E+00,2.803011E+03,0.000000E+00,1.976102E-01,0.000000E+00,3.980491E+03,0.000000E+00,2.806318E-01,0.000000E+00,2.954177E+03,0.000000E+00,2.082739E-01,0.000000E+00,3.632850E+03,0.000000E+00,2.561104E-01,0.000000E+00,5.561052E+03,0.000000E+00,3.920454E-01,0.000000E+00,4.300719E+03,0.000000E+00,3.032084E-01,0.000000E+00,3.285009E+03,0.000000E+00,2.315954E-01,0.000000E+00,3.999305E+03,0.000000E+00,2.819451E-01,0.000000E+00,6.180630E+03,0.000000E+00,4.357246E-01
11:00:00,0.000000E+00,2.551199E+03,0.000000E+00,1.798347E-01,0.000000E+00,1.778801E+03,0.000000E+00,1.254124E-01,0.000000E+00,1.518674E+03,0.000000E+00,1.070645E-01,0.000000E+00,2.813858E+03,0.000000E+00,1.983744E-01,0.000000E+00,4.018802E+03,0.000000E+00,2.833329E-01,0.000000E+00,2.980375E+03,0.000000E+00,2.101210E-01,0.000000E+00,3.646370E+03,0.000000E+00,2.570637E-01,0.000000E+00,5.598144E+03,0.000000E+00,3.946603E-01,0.000000E+00,4.341700E+03,0.000000E+00,3.060977E-01,0.000000E+00,3.314185E+03,0.000000E+00,2.336524E-01,0.000000E+00,4.017798E+03,0.000000E+00,2.832490E-01,0.000000E+00,6.224551E+03,0.000000E+00,4.388210E-01
11:10:00,0.000000E+00,2.567493E+03,0.000000E+00,1.809833E-01,0.000000E+00,1.795789E+03,0.000000E+00,1.266101E-01,0.000000E+00,1.525830E+03,0.000000E+00,1.075691E-01,0.000000E+00,2.815365E+03,0.000000E+00,1.984803E-01,0.000000E+00,4.050185E+03,0.000000E+00,2.855456E-01,0.000000E+00,3.003320E+03,0.000000E+00,2.117387E-01,0.000000E+00,3.656275E+03,0.000000E+00,2.577622E-01,0.000000E+00,5.625237E+03,0.000000E+00,3.965704E-01,0.000000E+00,4.374881E+03,0.000000E+00,3.084372E-01,0.000000E+00,3.339391E+03,0.000000E+00,2.354296E-01,0.000000E+00,4.032418E+03,0.000000E+00,2.842799E-01,0.000000E+00,6.257242E+03,0.000000E+00,4.411257E-01
11:20:00,0.000000E+00,2.580772E+03,0.000000E+00,1.819193E-01,0.000000E+00,1.813145E+03,0.000000E+00,1.278338E-01,0.000000E+00,1.533448E+03,0.000000E+00,1.081062E-01,0.000000E+00,2.811865E+03,0.000000E+00,1.982331E-01,0.000000E+00,4.078097E+03,0.000000E+00,2.875135E-01,0.000000E+00,3.026645E+03,0.000000E+00,2.133833E-01,0.000000E+00,3.666556E+03,0.000000E+00,2.584871E-01,0.000000E+00,5.646275E+03,0.000000E+00,3.980536E-01,0.000000E+00,4.404075E+03,0.000000E+00,3.104955E-01,0.000000E+00,3.364961E+03,0.000000E+00,2.372325E-01,0.000000E+00,4.047596E+03,0.000000E+00,2.853501E-01,0.000000E+00,6.283056E+03,0.000000E+00,4.429456E-01
11:30:00,0.000000E+00,2.590980E+03,0.000000E+00,1.826387E-01,0.000000E+00,1.831191E+03,0.000000E+00,1.291061E-01,0.000000E+00,1.541718E+03,0.000000E+00,1.086893E-01,0.000000E+00,2.803616E+03,0.000000E+00,1.976512E-01,0.000000E+00,4.102408E+03,0.000000E+00,2.892276E-01,0.000000E+00,3.050692E+03,0.000000E+00,2.150787E-01,0.000000E+00,3.677419E+03,0.000000E+00,2.592531E-01,0.000000E+00,5.661442E+03,0.000000E+00,3.991227E-01,0.000000E+00,4.429106E+03,0.000000E+00,3.122603E-01,0.000000E+00,3.390956E+03,0.000000E+00,2.390652E-01,0.000000E+00,4.063572E+03,0.000000E+00,2.864765E-01,0.000000E+00,6.302100E+03,0.000000E+00,4.442882E-01
11:40:00,0.000000E+00,2.597983E+03,0.000000E+00,1.831322E-01,0.000000E+00,1.849985E+03,0.000000E+00,1.304312E-01,0.000000E+00,1.550841E+03,0.000000E+00,1.093325E-01,0.000000E+00,2.790762E+03,0.000000E+00,1.967447E-01,0.000000E+00,4.122938E+03,0.000000E+00,2.906750E-01,0.000000E+00,3.075507E+03,0.000000E+00,2.168282E-01,0.000000E+00,3.689071E+03,0.000000E+00,2.600747E-01,0.000000E+00,5.670842E+03,0.000000E+00,3.997854E-01,0.000000E+00,4.449786E+03,0.000000E+00,3.137183E-01,0.000000E+00,3.417474E+03,0.000000E+00,2.409349E-01,0.000000E+00,4.080643E+03,0.000000E+00,2.876801E-01,0.000000E+00,6.314407E+03,0.000000E+00,4.451558E-01
11:50:00,0.000000E+00,2.601608E+03,0.000000E+00,1.833875E-01,0.000000E+00,1.869530E+03,0.000000E+00,1.318092E-01,0.000000E+00,1.560835E+03,0.000000E+00,1.100371E-01,0.000000E+00,2.773153E+03,0.000000E+00,1.955030E-01,0.000000E+00,4.139468E+03,0.000000E+00,2.918404E-01,0.000000E+00,3.101094E+03,0.000000E+00,2.186323E-01,0.000000E+00,3.701547E+03,0.000000E+00,2.609544E-01,0.000000E+00,5.674264E+03,0.000000E+00,4.000267E-01,0.000000E+00,4.465871E+03,0.000000E+00,3.148524E-01,0.000000E+00,3.444502E+03,0.000000E+00,2.428405E-01,0.000000E+00,4.098846E+03,0.000000E+00,2.889636E-01,0.000000E+00,6.319616E+03,0.000000E+00,4.455230E-01
12:00:00,0.000000E+00,2.600872E+03,0.000000E+00,1.833354E-01,0.000000E+00,1.888978E+03,0.000000E+00,1.331804E-01,0.000000E+00,1.570833E+03,0.000000E+00,1.107421E-01,0.000000E+00,2.749204E+03,0.000000E+00,1.938144E-01,0.000000E+00,4.151260E+03,0.000000E+00,2.926718E-01,0.000000E+00,3.126612E+03,0.000000E+00,2.204314E-01,0.000000E+00,3.714104E+03,0.000000E+00,2.618397E-01,0.000000E+00,5.670267E+03,0.000000E+00,3.997448E-01,0.000000E+00,4.476539E+03,0.000000E+00,3.156045E-01,0.000000E+00,3.471178E+03,0.000000E+00,2.447213E-01,0.000000E+00,4.116955E+03,0.000000E+00,2.902404E-01,0.000000E+00,6.315926E+03,0.000000E+00,4.452628E-01
12:10:00,0.000000E+00,2.586581E+03,0.000000E+00,1.823278E-01,0.000000E+00,1.899717E+03,0.000000E+00,1.339376E-01,0.000000E+00,1.571255E+03,0.000000E+00,1.107719E-01,0.000000E+00,2.708989E+03,0.000000E+00,1.909791E-01,0.000000E+00,4.150071E+03,0.000000E+00,2.925879E-01,0.000000E+00,3.143340E+03,0.000000E+00,2.216108E-01,0.000000E+00,3.717882E+03,0.000000E+00,2.621062E-01,0.000000E+00,5.649543E+03,0.000000E+00,3.982838E-01,0.000000E+00,4.472889E+03,0.000000E+00,3.153472E-01,0.000000E+00,3.488189E+03,0.000000E+00,2.459207E-01,0.000000E+00,4.125200E+03,0.000000E+00,2.908218E-01,0.000000E+00,6.293139E+03,0.000000E+00,4.436563E-01
12:20:00,0.000000E+00,2.566624E+03,0.000000E+00,1.809207E-01,0.000000E+00,1.908914E+03,0.000000E+00,1.345858E-01,0.000000E+00,1.570800E+03,0.000000E+00,1.107398E-01,0.000000E+00,2.661410E+03,0.000000E+00,1.876245E-01,0.000000E+00,4.143146E+03,0.000000E+00,2.920996E-01,0.000000E+00,3.158466E+03,0.000000E+00,2.226772E-01,0.000000E+00,3.720811E+03,0.000000E+00,2.623127E-01,0.000000E+00,5.620092E+03,0.000000E+00,3.962074E-01,0.000000E+00,4.462964E+03,0.000000E+00,3.146473E-01,0.000000E+00,3.504133E+03,0.000000E+00,2.470448E-01,0.000000E+00,4.132447E+03,0.000000E+00,2.913327E-01,0.000000E+00,6.260162E+03,0.000000E+00,4.413313E-01
12:30:00,0.000000E+00,2.541372E+03,0.000000E+00,1.791405E-01,0.000000E+00,1.917265E+03,0.000000E+00,1.351745E-01,0.000000E+00,1.569729E+03,0.000000E+00,1.106642E-01,0.000000E+00,2.607018E+03,0.000000E+00,1.837896E-01,0.000000E+00,4.130721E+03,0.000000E+00,2.912234E-01,0.000000E+00,3.172673E+03,0.000000E+00,2.236787E-01,0.000000E+00,3.723097E+03,0.000000E+00,2.624739E-01,0.000000E+00,5.582275E+03,0.000000E+00,3.935411E-01,0.000000E+00,4.446965E+03,0.000000E+00,3.135191E-01,0.000000E+00,3.519211E+03,0.000000E+00,2.481077E-01,0.000000E+00,4.138830E+03,0.000000E+00,2.917827E-01,0.000000E+00,6.217256E+03,0.000000E+00,4.383062E-01
12:40:00,0.000000E+00,2.511208E+03,0.000000E+00,1.770139E-01,0.000000E+00,1.924809E+03,0.000000E+00,1.357063E-01,0.000000E+00,1.568129E+03,0.000000E+00,1.105513E-01,0.000000E+00,2.546471E+03,0.000000E+00,1.795208E-01,0.000000E+00,4.113066E+03,0.000000E+00,2.899785E-01,0.000000E+00,3.185988E+03,0.000000E+00,2.246173E-01,0.000000E+00,3.724793E+03,0.000000E+00,2.625934E-01,0.000000E+00,5.536597E+03,0.000000E+00,3.903206E-01,0.000000E+00,4.425175E+03,0.000000E+00,3.119826E-01,0.000000E+00,3.533446E+03,0.000000E+00,2.491112E-01,0.000000E+00,4.144335E+03,0.000000E+00,2.921707E-01,0.000000E+00,6.164898E+03,0.000000E+00,4.346148E-01
12:50:00,0.000000E+00,2.476647E+03,0.000000E+00,1.745775E-01,0.000000E+00,1.931565E+03,0.000000E+00,1.361825E-01,0.000000E+00,1.566018E+03,0.000000E+00,1.104024E-01,0.000000E+00,2.480623E+03,0.000000E+00,1.748782E-01,0.000000E+00,4.090585E+03,0.000000E+00,2.883933E-01,0.000000E+00,3.198423E+03,0.000000E+00,2.254938E-01,0.000000E+00,3.725906E+03,0.000000E+00,2.626717E-01,0.000000E+00,5.483808E+03,0.000000E+00,3.865987E-01,0.000000E+00,4.398051E+03,0.000000E+00,3.100701E-01,0.000000E+00,3.546898E+03,0.000000E+00,2.500595E-01,0.000000E+00,4.148946E+03,0.000000E+00,2.924957E-01,0.000000E+00,6.103883E+03,0.000000E+00,4.303129E-01
13:00:00,0.000000E+00,2.438387E+03,0.000000E+00,1.718804E-01,0.000000E+00,1.937536E+03,0.000000E+00,1.366033E-01,0.000000E+00,1.563401E+03,0.000000E+00,1.102179E-01,0.000000E+00,2.410589E+03,0.000000E+00,1.699406E-01,0.000000E+00,4.063854E+03,0.000000E+00,2.865084E-01,0.000000E+00,3.209970E+03,0.000000E+00,2.263077E-01,0.000000E+00,3.726430E+03,0.000000E+00,2.627086E-01,0.000000E+00,5.424953E+03,0.000000E+00,3.824492E-01,0.000000E+00,4.366257E+03,0.000000E+00,3.078282E-01,0.000000E+00,3.559646E+03,0.000000E+00,2.509581E-01,0.000000E+00,4.152648E+03,0.000000E+00,2.927566E-01,0.000000E+00,6.035364E+03,0.000000E+00,4.254821E-01
13:10:00,0.000000E+00,2.388779E+03,0.000000E+00,1.683833E-01,0.000000E+00,1.934411E+03,0.000000E+00,1.363828E-01,0.000000E+00,1.550850E+03,0.000000E+00,1.093330E-01,0.000000E+00,2.328577E+03,0.000000E+00,1.641586E-01,0.000000E+00,4.025698E+03,0.000000E+00,2.838180E-01,0.000000E+00,3.212199E+03,0.000000E+00,2.264647E-01,0.000000E+00,3.717657E+03,0.000000E+00,2.620900E-01,0.000000E+00,5.352747E+03,0.000000E+00,3.773585E-01,0.000000E+00,4.322068E+03,0.000000E+00,3.047125E-01,0.000000E+00,3.562614E+03,0.000000E+00,2.511672E-01,0.000000E+00,4.145882E+03,0.000000E+00,2.922794E-01,0.000000E+00,5.951276E+03,0.000000E+00,4.195537E-01
13:20:00,0.000000E+00,2.336774E+03,0.000000E+00,1.647173E-01,0.000000E+00,1.929474E+03,0.000000E+00,1.360345E-01,0.000000E+00,1.537132E+03,0.000000E+00,1.083658E-01,0.000000E+00,2.245046E+03,0.000000E+00,1.582695E-01,0.000000E+00,3.984390E+03,0.000000E+00,2.809054E-01,0.000000E+00,3.212414E+03,0.000000E+00,2.264796E-01,0.000000E+00,3.707604E+03,0.000000E+00,2.613811E-01,0.000000E+00,5.276950E+03,0.000000E+00,3.720145E-01,0.000000E+00,4.274632E+03,0.000000E+00,3.013678E-01,0.000000E+00,3.564608E+03,0.000000E+00,2.513075E-01,0.000000E+00,4.137632E+03,0.000000E+00,2.916976E-01,0.000000E+00,5.862486E+03,0.000000E+00,4.132937E-01
13:30:00,0.000000E+00,2.283814E+03,0.000000E+00,1.609840E-01,0.000000E+00,1.923445E+03,0.000000E+00,1.356092E-01,0.000000E+00,1.522553E+03,0.000000E+00,1.073378E-01,0.000000E+00,2.161908E+03,0.000000E+00,1.524081E-01,0.000000E+00,3.941216E+03,0.000000E+00,2.778612E-01,0.000000E+00,3.211311E+03,0.000000E+00,2.264015E-01,0.000000E+00,3.696531E+03,0.000000E+00,2.606002E-01,0.000000E+00,5.199570E+03,0.000000E+00,3.665590E-01,0.000000E+00,4.225304E+03,0.000000E+00,2.978897E-01,0.000000E+00,3.565992E+03,0.000000E+00,2.514049E-01,0.000000E+00,4.128107E+03,0.000000E+00,2.910259E-01,0.000000E+00,5.771278E+03,0.000000E+00,4.068632E-01
13:40:00,0.000000E+00,2.231208E+03,0.000000E+00,1.572757E-01,0.000000E+00,1.916416E+03,0.000000E+00,1.351133E-01,0.000000E+00,1.507246E+03,0.000000E+00,1.062584E-01,0.000000E+00,2.080926E+03,0.000000E+00,1.466988E-01,0.000000E+00,3.897378E+03,0.000000E+00,2.747702E-01,0.000000E+00,3.208974E+03,0.000000E+00,2.262365E-01,0.000000E+00,3.684551E+03,0.000000E+00,2.597554E-01,0.000000E+00,5.122500E+03,0.000000E+00,3.611253E-01,0.000000E+00,4.175390E+03,0.000000E+00,2.943703E-01,0.000000E+00,3.567066E+03,0.000000E+00,2.514803E-01,0.000000E+00,4.117388E+03,0.000000E+00,2.902699E-01,0.000000E+00,5.679888E+03,0.000000E+00,4.004199E-01
13:50:00,0.000000E+00,2.180172E+03,0.000000E+00,1.536781E-01,0.000000E+00,1.908452E+03,0.000000E+00,1.345516E-01,0.000000E+00,1.491273E+03,0.000000E+00,1.051322E-01,0.000000E+00,2.003733E+03,0.000000E+00,1.412566E-01,0.000000E+00,3.854007E+03,0.000000E+00,2.717121E-01,0.000000E+00,3.205468E+03,0.000000E+00,2.259890E-01,0.000000E+00,3.671744E+03,0.000000E+00,2.588523E-01,0.000000E+00,5.047527E+03,0.000000E+00,3.558395E-01,0.000000E+00,4.126138E+03,0.000000E+00,2.908975E-01,0.000000E+00,3.568178E+03,0.000000E+00,2.515584E-01,0.000000E+00,4.105522E+03,0.000000E+00,2.894331E-01,0.000000E+00,5.590451E+03,0.000000E+00,3.941143E-01
14:00:00,0.000000E+00,2.131779E+03,0.000000E+00,1.502668E-01,0.000000E+00,1.899594E+03,0.000000E+00,1.339267E-01,0.000000E+00,1.474683E+03,0.000000E+00,1.039625E-01,0.000000E+00,1.931674E+03,0.000000E+00,1.361764E-01,0.000000E+00,3.812105E+03,0.000000E+00,2.687575E-01,0.000000E+00,3.200831E+03,0.000000E+00,2.256616E-01,0.000000E+00,3.658160E+03,0.000000E+00,2.578944E-01,0.000000E+00,4.976164E+03,0.000000E+00,3.508082E-01,0.000000E+00,4.078671E+03,0.000000E+00,2.875506E-01,0.000000E+00,3.569751E+03,0.000000E+00,2.516689E-01,0.000000E+00,4.092552E+03,0.000000E+00,2.885184E-01,0.000000E+00,5.504893E+03,0.000000E+00,3.880823E-01
14:10:00,0.000000E+00,2.095165E+03,0.000000E+00,1.476858E-01,0.000000E+00,1.898115E+03,0.000000E+00,1.338222E-01,0.000000E+00,1.466854E+03,0.000000E+00,1.034104E-01,0.000000E+00,1.874716E+03,0.000000E+00,1.321608E-01,0.000000E+00,3.780313E+03,0.000000E+00,2.665158E-01,0.000000E+00,3.203433E+03,0.000000E+00,2.258447E-01,0.000000E+00,3.652423E+03,0.000000E+00,2.574896E-01,0.000000E+00,4.918007E+03,0.000000E+00,3.467079E-01,0.000000E+00,4.042344E+03,0.000000E+00,2.849891E-01,0.000000E+00,3.581498E+03,0.000000E+00,2.524967E-01,0.000000E+00,4.087943E+03,0.000000E+00,2.881931E-01,0.000000E+00,5.434072E+03,0.000000E+00,3.830892E-01
14:20:00,0.000000E+00,2.062787E+03,0.000000E+00,1.454034E-01,0.000000E+00,1.896761E+03,0.000000E+00,1.337266E-01,0.000000E+00,1.459027E+03,0.000000E+00,1.028585E-01,0.000000E+00,1.824252E+03,0.000000E+00,1.286032E-01,0.000000E+00,3.751672E+03,0.000000E+00,2.644963E-01,0.000000E+00,3.205990E+03,0.000000E+00,2.260248E-01,0.000000E+00,3.646499E+03,0.000000E+00,2.570718E-01,0.000000E+00,4.865353E+03,0.000000E+00,3.429957E-01,0.000000E+00,4.009468E+03,0.000000E+00,2.826711E-01,0.000000E+00,3.595636E+03,0.000000E+00,2.534933E-01,0.000000E+00,4.082727E+03,0.000000E+00,2.878252E-01,0.000000E+00,5.369603E+03,0.000000E+00,3.785440E-01
14:30:00,0.000000E+00,2.034320E+03,0.000000E+00,1.433967E-01,0.000000E+00,1.894854E+03,0.000000E+00,1.335921E-01,0.000000E+00,1.450944E+03,0.000000E+00,1.022887E-01,0.000000E+00,1.779791E+03,0.000000E+00,1.254688E-01,0.000000E+00,3.725941E+03,0.000000E+00,2.626821E-01,0.000000E+00,3.207841E+03,0.000000E+00,2.261550E-01,0.000000E+00,3.640126E+03,0.000000E+00,2.566223E-01,0.000000E+00,4.817796E+03,0.000000E+00,3.396429E-01,0.000000E+00,3.979874E+03,0.000000E+00,2.805845E-01,0.000000E+00,3.612552E+03,0.000000E+00,2.546857E-01,0.000000E+00,4.076748E+03,0.000000E+00,2.874034E-01,0.000000E+00,5.311206E+03,0.000000E+00,3.744270E-01
14:40:00,0.000000E+00,2.009122E+03,0.000000E+00,1.416205E-01,0.000000E+00,1.892353E+03,0.000000E+00,1.334156E-01,0.000000E+00,1.442512E+03,0.000000E+00,1.016941E-01,0.000000E+00,1.740376E+03,0.000000E+00,1.226902E-01,0.000000E+00,3.702570E+03,0.000000E+00,2.610343E-01,0.000000E+00,3.208940E+03,0.000000E+00,2.262323E-01,0.000000E+00,3.633250E+03,0.000000E+00,2.561375E-01,0.000000E+00,4.774415E+03,0.000000E+00,3.365845E-01,0.000000E+00,3.952986E+03,0.000000E+00,2.786888E-01,0.000000E+00,3.632502E+03,0.000000E+00,2.560921E-01,0.000000E+00,4.069906E+03,0.000000E+00,2.869209E-01,0.000000E+00,5.257862E+03,0.000000E+00,3.706663E-01
14:50:00,0.000000E+00,1.986173E+03,0.000000E+00,1.400028E-01,0.000000E+00,1.889235E+03,0.000000E+00,1.331957E-01,0.000000E+00,1.433705E+03,0.000000E+00,1.010732E-01,0.000000E+00,1.704541E+03,0.000000E+00,1.201640E-01,0.000000E+00,3.680667E+03,0.000000E+00,2.594900E-01,0.000000E+00,3.209264E+03,0.000000E+00,2.262550E-01,0.000000E+00,3.625835E+03,0.000000E+00,2.556145E-01,0.000000E+00,4.733736E+03,0.000000E+00,3.337167E-01,0.000000E+00,3.927850E+03,0.000000E+00,2.769166E-01,0.000000E+00,3.655608E+03,0.000000E+00,2.577211E-01,0.000000E+00,4.062180E+03,0.000000E+00,2.863760E-01,0.000000E+00,5.207873E+03,0.000000E+00,3.671421E-01
15:00:00,0.000000E+00,1.964208E+03,0.000000E+00,1.384545E-01,0.000000E+00,1.885501E+03,0.000000E+00,1.329323E-01,0.000000E+00,1.424514E+03,0.000000E+00,1.004252E-01,0.000000E+00,1.670582E+03,0.000000E+00,1.177700E-01,0.000000E+00,3.659115E+03,0.000000E+00,2.579705E-01,0.000000E+00,3.208819E+03,0.000000E+00,2.262235E-01,0.000000E+00,3.617860E+03,0.000000E+00,2.550522E-01,0.000000E+00,4.694020E+03,0.000000E+00,3.309168E-01,0.000000E+00,3.903271E+03,0.000000E+00,2.751837E-01,0.000000E+00,3.681781E+03,0.000000E+00,2.595662E-01,0.000000E+00,4.053587E+03,0.000000E+00,2.857701E-01,0.000000E+00,5.159120E+03,0.000000E+00,3.637051E-01
15:10:00,0.000000E+00,1.962712E+03,0.000000E+00,1.383490E-01,0.000000E+00,1.901011E+03,0.000000E+00,1.340257E-01,0.000000E+00,1.438265E+03,0.000000E+00,1.013945E-01,0.000000E+00,1.661078E+03,0.000000E+00,1.171000E-01,0.000000E+00,3.656373E+03,0.000000E+00,2.577771E-01,0.000000E+00,3.227704E+03,0.000000E+00,2.275548E-01,0.000000E+00,3.631338E+03,0.000000E+00,2.560022E-01,0.000000E+00,4.676357E+03,0.000000E+00,3.296716E-01,0.000000E+00,3.898836E+03,0.000000E+00,2.748709E-01,0.000000E+00,3.731578E+03,0.000000E+00,2.630769E-01,0.000000E+00,4.067713E+03,0.000000E+00,2.867659E-01,0.000000E+00,5.134031E+03,0.000000E+00,3.619363E-01
15:20:00,0.000000E+00,1.962217E+03,0.000000E+00,1.383141E-01,0.000000E+00,1.917869E+03,0.000000E+00,1.352144E-01,0.000000E+00,1.453774E+03,0.000000E+00,1.024881E-01,0.000000E+00,1.652662E+03,0.000000E+00,1.165069E-01,0.000000E+00,3.654130E+03,0.000000E+00,2.576191E-01,0.000000E+00,3.248006E+03,0.000000E+00,2.289862E-01,0.000000E+00,3.646174E+03,0.000000E+00,2.570482E-01,0.000000E+00,4.658849E+03,0.000000E+00,3.284374E-01,0.000000E+00,3.894662E+03,0.000000E+00,2.745768E-01,0.000000E+00,3.780836E+03,0.000000E+00,2.665497E-01,0.000000E+00,4.082115E+03,0.000000E+00,2.877812E-01,0.000000E+00,5.109021E+03,0.000000E+00,3.601733E-01
15:30:00,0.000000E+00,1.962947E+03,0.000000E+00,1.383657E-01,0.000000E+00,1.935393E+03,0.000000E+00,1.364501E-01,0.000000E+00,1.471924E+03,0.000000E+00,1.037678E-01,0.000000E+00,1.645621E+03,0.000000E+00,1.160108E-01,0.000000E+00,3.652675E+03,0.000000E+00,2.575167E-01,0.000000E+00,3.269171E+03,0.000000E+00,2.304785E-01,0.000000E+00,3.663297E+03,0.000000E+00,2.582555E-01,0.000000E+00,4.641972E+03,0.000000E+00,3.272477E-01,0.000000E+00,3.891498E+03,0.000000E+00,2.743539E-01,0.000000E+00,3.829076E+03,0.000000E+00,2.699509E-01,0.000000E+00,4.098245E+03,0.000000E+00,2.889185E-01,0.000000E+00,5.085290E+03,0.000000E+00,3.585005E-01
15:40:00,0.000000E+00,1.964751E+03,0.000000E+00,1.384929E-01,0.000000E+00,1.954919E+03,0.000000E+00,1.378269E-01,0.000000E+00,1.492994E+03,0.000000E+00,1.052535E-01,0.000000E+00,1.639604E+03,0.000000E+00,1.155868E-01,0.000000E+00,3.652028E+03,0.000000E+00,2.574713E-01,0.000000E+00,3.292677E+03,0.000000E+00,2.321359E-01,0.000000E+00,3.682890E+03,0.000000E+00,2.596370E-01,0.000000E+00,4.625648E+03,0.000000E+00,3.260971E-01,0.000000E+00,3.889384E+03,0.000000E+00,2.742051E-01,0.000000E+00,3.875402E+03,0.000000E+00,2.732172E-01,0.000000E+00,4.116386E+03,0.000000E+00,2.901976E-01,0.000000E+00,5.063005E+03,0.000000E+00,3.569297E-01
15:50:00,0.000000E+00,1.967793E+03,0.000000E+00,1.387074E-01,0.000000E+00,1.976811E+03,0.000000E+00,1.393706E-01,0.000000E+00,1.516703E+03,0.000000E+00,1.069251E-01,0.000000E+00,1.634750E+03,0.000000E+00,1.152448E-01,0.000000E+00,3.652482E+03,0.000000E+00,2.575037E-01,0.000000E+00,3.319086E+03,0.000000E+00,2.339980E-01,0.000000E+00,3.704656E+03,0.000000E+00,2.611718E-01,0.000000E+00,4.610269E+03,0.000000E+00,3.250132E-01,0.000000E+00,3.888585E+03,0.000000E+00,2.741492E-01,0.000000E+00,3.918765E+03,0.000000E+00,2.762746E-01,0.000000E+00,4.136230E+03,0.000000E+00,2.915969E-01,0.000000E+00,5.042661E+03,0.000000E+00,3.554958E-01
16:00:00,0.000000E+00,1.972438E+03,0.000000E+00,1.390349E-01,0.000000E+00,2.001728E+03,0.000000E+00,1.411276E-01,0.000000E+00,1.542668E+03,0.000000E+00,1.087559E-01,0.000000E+00,1.632018E+03,0.000000E+00,1.150524E-01,0.000000E+00,3.654502E+03,0.000000E+00,2.576465E-01,0.000000E+00,3.349343E+03,0.000000E+00,2.361315E-01,0.000000E+00,3.728183E+03,0.000000E+00,2.628306E-01,0.000000E+00,4.596583E+03,0.000000E+00,3.240487E-01,0.000000E+00,3.889515E+03,0.000000E+00,2.742151E-01,0.000000E+00,3.958160E+03,0.000000E+00,2.790522E-01,0.000000E+00,4.157292E+03,0.000000E+00,2.930821E-01,0.000000E+00,5.025018E+03,0.000000E+00,3.542523E-01
16:10:00,0.000000E+00,2.023790E+03,0.000000E+00,1.426548E-01,0.000000E+00,2.074025E+03,0.000000E+00,1.462251E-01,0.000000E+00,1.621939E+03,0.000000E+00,1.143446E-01,0.000000E+00,1.685209E+03,0.000000E+00,1.188025E-01,0.000000E+00,3.700555E+03,0.000000E+00,2.608936E-01,0.000000E+00,3.428603E+03,0.000000E+00,2.417198E-01,0.000000E+00,3.801043E+03,0.000000E+00,2.679675E-01,0.000000E+00,4.635176E+03,0.000000E+00,3.267697E-01,0.000000E+00,3.937761E+03,0.000000E+00,2.776169E-01,0.000000E+00,4.041026E+03,0.000000E+00,2.848946E-01,0.000000E+00,4.231059E+03,0.000000E+00,2.982828E-01,0.000000E+00,5.064145E+03,0.000000E+00,3.570111E-01
16:20:00,0.000000E+00,2.079261E+03,0.000000E+00,1.465650E-01,0.000000E+00,2.154862E+03,0.000000E+00,1.519255E-01,0.000000E+00,1.705315E+03,0.000000E+00,1.202235E-01,0.000000E+00,1.743966E+03,0.000000E+00,1.229456E-01,0.000000E+00,3.750775E+03,0.000000E+00,2.644352E-01,0.000000E+00,3.518376E+03,0.000000E+00,2.480498E-01,0.000000E+00,3.877975E+03,0.000000E+00,2.733919E-01,0.000000E+00,4.679372E+03,0.000000E+00,3.298863E-01,0.000000E+00,3.989915E+03,0.000000E+00,2.812948E-01,0.000000E+00,4.124363E+03,0.000000E+00,2.907707E-01,0.000000E+00,4.308328E+03,0.000000E+00,3.037311E-01,0.000000E+00,5.108553E+03,0.000000E+00,3.601427E-01
16:30:00,0.000000E+00,2.136125E+03,0.000000E+00,1.505735E-01,0.000000E+00,2.240572E+03,0.000000E+00,1.579696E-01,0.000000E+00,1.789835E+03,0.000000E+00,1.261832E-01,0.000000E+00,1.804320E+03,0.000000E+00,1.272013E-01,0.000000E+00,3.802901E+03,0.000000E+00,2.681113E-01,0.000000E+00,3.615277E+03,0.000000E+00,2.548827E-01,0.000000E+00,3.956359E+03,0.000000E+00,2.789189E-01,0.000000E+00,4.725518E+03,0.000000E+00,3.331406E-01,0.000000E+00,4.043458E+03,0.000000E+00,2.850710E-01,0.000000E+00,4.207521E+03,0.000000E+00,2.966344E-01,0.000000E+00,4.386232E+03,0.000000E+00,3.092243E-01,0.000000E+00,5.153592E+03,0.000000E+00,3.633190E-01
16:40:00,0.000000E+00,2.194085E+03,0.000000E+00,1.546593E-01,0.000000E+00,2.329341E+03,0.000000E+00,1.642295E-01,0.000000E+00,1.875893E+03,0.000000E+00,1.322512E-01,0.000000E+00,1.866847E+03,0.000000E+00,1.316102E-01,0.000000E+00,3.856553E+03,0.000000E+00,2.718953E-01,0.000000E+00,3.718003E+03,0.000000E+00,2.621265E-01,0.000000E+00,4.036775E+03,0.000000E+00,2.845894E-01,0.000000E+00,4.773976E+03,0.000000E+00,3.365581E-01,0.000000E+00,4.098310E+03,0.000000E+00,2.889397E-01,0.000000E+00,4.290605E+03,0.000000E+00,3.024933E-01,0.000000E+00,4.466079E+03,0.000000E+00,3.148546E-01,0.000000E+00,5.200176E+03,0.000000E+00,3.666045E-01
16:50:00,0.000000E+00,2.252902E+03,0.000000E+00,1.588054E-01,0.000000E+00,2.421107E+03,0.000000E+00,1.707008E-01,0.000000E+00,1.964603E+03,0.000000E+00,1.385061E-01,0.000000E+00,1.931420E+03,0.000000E+00,1.361634E-01,0.000000E+00,3.911472E+03,0.000000E+00,2.757688E-01,0.000000E+00,3.825899E+03,0.000000E+00,2.697349E-01,0.000000E+00,4.120547E+03,0.000000E+00,2.904964E-01,0.000000E+00,4.824573E+03,0.000000E+00,3.401264E-01,0.000000E+00,4.154233E+03,0.000000E+00,2.928840E-01,0.000000E+00,4.374687E+03,0.000000E+00,3.084227E-01,0.000000E+00,4.549467E+03,0.000000E+00,3.207347E-01,0.000000E+00,5.248134E+03,0.000000E+00,3.699869E-01
17:00:00,0.000000E+00,2.312389E+03,0.000000E+00,1.629988E-01,0.000000E+00,2.515441E+03,0.000000E+00,1.773530E-01,0.000000E+00,2.057391E+03,0.000000E+00,1.450486E-01,0.000000E+00,1.997378E+03,0.000000E+00,1.408141E-01,0.000000E+00,3.967465E+03,0.000000E+00,2.797180E-01,0.000000E+00,3.937941E+03,0.000000E+00,2.776357E-01,0.000000E+00,4.209381E+03,0.000000E+00,2.967605E-01,0.000000E+00,4.877067E+03,0.000000E+00,3.438287E-01,0.000000E+00,4.211017E+03,0.000000E+00,2.968891E-01,0.000000E+00,4.461065E+03,0.000000E+00,3.145141E-01,0.000000E+00,4.638314E+03,0.000000E+00,3.269999E-01,0.000000E+00,5.297300E+03,0.000000E+00,3.734546E-01
17:10:00,0.000000E+00,2.406614E+03,0.000000E+00,1.696410E-01,0.000000E+00,2.647239E+03,0.000000E+00,1.866466E-01,0.000000E+00,2.194127E+03,0.000000E+00,1.546896E-01,0.000000E+00,2.104354E+03,0.000000E+00,1.483568E-01,0.000000E+00,4.056249E+03,0.000000E+00,2.859793E-01,0.000000E+00,4.087888E+03,0.000000E+00,2.882090E-01,0.000000E+00,4.340374E+03,0.000000E+00,3.059970E-01,0.000000E+00,4.968149E+03,0.000000E+00,3.502515E-01,0.000000E+00,4.303087E+03,0.000000E+00,3.033821E-01,0.000000E+00,4.587672E+03,0.000000E+00,3.234419E-01,0.000000E+00,4.773329E+03,0.000000E+00,3.365201E-01,0.000000E+00,5.388049E+03,0.000000E+00,3.798540E-01
17:20:00,0.000000E+00,2.503645E+03,0.000000E+00,1.764809E-01,0.000000E+00,2.786989E+03,0.000000E+00,1.965015E-01,0.000000E+00,2.339746E+03,0.000000E+00,1.649578E-01,0.000000E+00,2.214736E+03,0.000000E+00,1.561405E-01,0.000000E+00,4.148214E+03,0.000000E+00,2.924655E-01,0.000000E+00,4.245767E+03,0.000000E+00,2.993422E-01,0.000000E+00,4.481848E+03,0.000000E+00,3.159731E-01,0.000000E+00,5.063200E+03,0.000000E+00,3.569547E-01,0.000000E+00,4.397679E+03,0.000000E+00,3.100537E-01,0.000000E+00,4.720458E+03,0.000000E+00,3.328061E-01,0.000000E+00,4.918837E+03,0.000000E+00,3.467808E-01,0.000000E+00,5.482000E+03,0.000000E+00,3.864799E-01
17:30:00,0.000000E+00,2.602708E+03,0.000000E+00,1.834642E-01,0.000000E+00,2.929515E+03,0.000000E+00,2.065523E-01,0.000000E+00,2.493845E+03,0.000000E+00,1.758241E-01,0.000000E+00,2.328645E+03,0.000000E+00,1.641730E-01,0.000000E+00,4.242704E+03,0.000000E+00,2.991301E-01,0.000000E+00,4.407461E+03,0.000000E+00,3.107448E-01,0.000000E+00,4.633715E+03,0.000000E+00,3.266824E-01,0.000000E+00,5.162227E+03,0.000000E+00,3.639386E-01,0.000000E+00,4.494588E+03,0.000000E+00,3.168890E-01,0.000000E+00,4.858421E+03,0.000000E+00,3.425359E-01,0.000000E+00,5.075236E+03,0.000000E+00,3.578098E-01,0.000000E+00,5.580062E+03,0.000000E+00,3.933960E-01
17:40:00,0.000000E+00,2.703039E+03,0.000000E+00,1.905369E-01,0.000000E+00,3.074750E+03,0.000000E+00,2.167942E-01,0.000000E+00,2.654890E+03,0.000000E+00,1.871802E-01,0.000000E+00,2.444354E+03,0.000000E+00,1.723323E-01,0.000000E+00,4.339060E+03,0.000000E+00,3.059267E-01,0.000000E+00,4.572149E+03,0.000000E+00,3.223589E-01,0.000000E+00,4.794783E+03,0.000000E+00,3.380408E-01,0.000000E+00,5.263805E+03,0.000000E+00,3.711027E-01,0.000000E+00,4.593136E+03,0.000000E+00,3.238404E-01,0.000000E+00,5.001434E+03,0.000000E+00,3.526222E-01,0.000000E+00,5.241062E+03,0.000000E+00,3.695039E-01,0.000000E+00,5.680398E+03,0.000000E+00,4.004728E-01
17:50:00,0.000000E+00,2.804302E+03,0.000000E+00,1.976753E-01,0.000000E+00,3.221751E+03,0.000000E+00,2.271605E-01,0.000000E+00,2.821615E+03,0.000000E+00,1.989368E-01,0.000000E+00,2.561499E+03,0.000000E+00,1.805930E-01,0.000000E+00,4.436976E+03,0.000000E+00,3.128336E-01,0.000000E+00,4.739269E+03,0.000000E+00,3.341448E-01,0.000000E+00,4.963867E+03,0.000000E+00,3.499647E-01,0.000000E+00,5.367565E+03,0.000000E+00,3.784210E-01,0.000000E+00,4.693080E+03,0.000000E+00,3.308905E-01,0.000000E+00,5.148564E+03,0.000000E+00,3.629992E-01,0.000000E+00,5.414980E+03,0.000000E+00,3.817689E-01,0.000000E+00,5.782700E+03,0.000000E+00,4.076884E-01
18:00:00,0.000000E+00,2.906423E+03,0.000000E+00,2.048742E-01,0.000000E+00,3.369711E+03,0.000000E+00,2.375946E-01,0.000000E+00,2.992434E+03,0.000000E+00,2.109820E-01,0.000000E+00,2.679867E+03,0.000000E+00,1.889397E-01,0.000000E+00,4.536261E+03,0.000000E+00,3.198372E-01,0.000000E+00,4.908300E+03,0.000000E+00,3.460654E-01,0.000000E+00,5.139368E+03,0.000000E+00,3.623412E-01,0.000000E+00,5.473294E+03,0.000000E+00,3.858782E-01,0.000000E+00,4.794259E+03,0.000000E+00,3.380277E-01,0.000000E+00,5.298545E+03,0.000000E+00,3.735772E-01,0.000000E+00,5.595163E+03,0.000000E+00,3.944757E-01,0.000000E+00,5.886769E+03,0.000000E+00,4.150288E-01
18:10:00,0.000000E+00,2.927822E+03,0.000000E+00,2.063832E-01,0.000000E+00,3.436135E+03,0.000000E+00,2.422800E-01,0.000000E+00,3.076242E+03,0.000000E+00,2.168929E-01,0.000000E+00,2.710176E+03,0.000000E+00,1.910785E-01,0.000000E+00,4.560617E+03,0.000000E+00,3.215580E-01,0.000000E+00,4.996838E+03,0.000000E+00,3.523111E-01,0.000000E+00,5.237394E+03,0.000000E+00,3.692558E-01,0.000000E+00,5.498842E+03,0.000000E+00,3.876828E-01,0.000000E+00,4.813764E+03,0.000000E+00,3.394067E-01,0.000000E+00,5.361784E+03,0.000000E+00,3.780398E-01,0.000000E+00,5.689115E+03,0.000000E+00,4.011033E-01,0.000000E+00,5.902401E+03,0.000000E+00,4.161345E-01
18:20:00,0.000000E+00,2.944379E+03,0.000000E+00,2.075507E-01,0.000000E+00,3.489757E+03,0.000000E+00,2.460613E-01,0.000000E+00,3.154125E+03,0.000000E+00,2.223845E-01,0.000000E+00,2.735119E+03,0.000000E+00,1.928374E-01,0.000000E+00,4.580289E+03,0.000000E+00,3.229475E-01,0.000000E+00,5.073700E+03,0.000000E+00,3.577324E-01,0.000000E+00,5.331374E+03,0.000000E+00,3.758842E-01,0.000000E+00,5.519582E+03,0.000000E+00,3.891475E-01,0.000000E+00,4.829473E+03,0.000000E+00,3.405168E-01,0.000000E+00,5.420002E+03,0.000000E+00,3.821473E-01,0.000000E+00,5.779589E+03,0.000000E+00,4.074848E-01,0.000000E+00,5.914159E+03,0.000000E+00,4.169662E-01
18:30:00,0.000000E+00,2.958522E+03,0.000000E+00,2.085480E-01,0.000000E+00,3.538044E+03,0.000000E+00,2.494662E-01,0.000000E+00,3.227190E+03,0.000000E+00,2.275361E-01,0.000000E+00,2.757283E+03,0.000000E+00,1.944004E-01,0.000000E+00,4.597284E+03,0.000000E+00,3.241476E-01,0.000000E+00,5.144806E+03,0.000000E+00,3.627473E-01,0.000000E+00,5.421892E+03,0.000000E+00,3.822680E-01,0.000000E+00,5.537856E+03,0.000000E+00,3.904380E-01,0.000000E+00,4.842682E+03,0.000000E+00,3.414500E-01,0.000000E+00,5.473364E+03,0.000000E+00,3.859117E-01,0.000000E+00,5.866232E+03,0.000000E+00,4.135955E-01,0.000000E+00,5.923623E+03,0.000000E+00,4.176356E-01
18:40:00,0.000000E+00,2.971073E+03,0.000000E+00,2.094332E-01,0.000000E+00,3.580046E+03,0.000000E+00,2.524279E-01,0.000000E+00,3.294925E+03,0.000000E+00,2.323120E-01,0.000000E+00,2.777688E+03,0.000000E+00,1.958393E-01,0.000000E+00,4.612374E+03,0.000000E+00,3.252129E-01,0.000000E+00,5.209181E+03,0.000000E+00,3.672872E-01,0.000000E+00,5.508049E+03,0.000000E+00,3.883441E-01,0.000000E+00,5.554529E+03,0.000000E+00,3.916152E-01,0.000000E+00,4.853828E+03,0.000000E+00,3.422374E-01,0.000000E+00,5.521017E+03,0.000000E+00,3.892729E-01,0.000000E+00,5.947517E+03,0.000000E+00,4.193281E-01,0.000000E+00,5.931245E+03,0.000000E+00,4.181749E-01
18:50:00,0.000000E+00,2.982413E+03,0.000000E+00,2.102328E-01,0.000000E+00,3.615104E+03,0.000000E+00,2.548999E-01,0.000000E+00,3.356376E+03,0.000000E+00,2.366447E-01,0.000000E+00,2.796698E+03,0.000000E+00,1.971799E-01,0.000000E+00,4.625910E+03,0.000000E+00,3.261684E-01,0.000000E+00,5.265991E+03,0.000000E+00,3.712934E-01,0.000000E+00,5.588664E+03,0.000000E+00,3.940291E-01,0.000000E+00,5.569957E+03,0.000000E+00,3.927045E-01,0.000000E+00,4.863170E+03,0.000000E+00,3.428971E-01,0.000000E+00,5.562153E+03,0.000000E+00,3.921744E-01,0.000000E+00,6.021986E+03,0.000000E+00,4.245799E-01,0.000000E+00,5.937267E+03,0.000000E+00,4.186011E-01
19:00:00,0.000000E+00,2.992621E+03,0.000000E+00,2.109526E-01,0.000000E+00,3.642622E+03,0.000000E+00,2.568404E-01,0.000000E+00,3.410764E+03,0.000000E+00,2.404794E-01,0.000000E+00,2.814486E+03,0.000000E+00,1.984344E-01,0.000000E+00,4.638087E+03,0.000000E+00,3.270278E-01,0.000000E+00,5.314460E+03,0.000000E+00,3.747114E-01,0.000000E+00,5.662693E+03,0.000000E+00,3.992495E-01,0.000000E+00,5.584304E+03,0.000000E+00,3.937173E-01,0.000000E+00,4.870878E+03,0.000000E+00,3.434415E-01,0.000000E+00,5.596217E+03,0.000000E+00,3.945770E-01,0.000000E+00,6.088514E+03,0.000000E+00,4.292715E-01,0.000000E+00,5.941825E+03,0.000000E+00,4.189238E-01
19:10:00,0.000000E+00,2.964709E+03,0.000000E+00,2.089853E-01,0.000000E+00,3.624644E+03,0.000000E+00,2.555729E-01,0.000000E+00,3.413987E+03,0.000000E+00,2.407068E-01,0.000000E+00,2.783951E+03,0.000000E+00,1.962819E-01,0.000000E+00,4.614336E+03,0.000000E+00,3.253540E-01,0.000000E+00,5.317155E+03,0.000000E+00,3.749019E-01,0.000000E+00,5.688576E+03,0.000000E+00,4.010753E-01,0.000000E+00,5.553257E+03,0.000000E+00,3.915297E-01,0.000000E+00,4.839987E+03,0.000000E+00,3.412643E-01,0.000000E+00,5.584021E+03,0.000000E+00,3.937178E-01,0.000000E+00,6.102490E+03,0.000000E+00,4.302579E-01,0.000000E+00,5.897558E+03,0.000000E+00,4.158041E-01
19:20:00,0.000000E+00,2.933575E+03,0.000000E+00,2.067908E-01,0.000000E+00,3.594910E+03,0.000000E+00,2.534759E-01,0.000000E+00,3.407173E+03,0.000000E+00,2.402257E-01,0.000000E+00,2.750233E+03,0.000000E+00,1.939044E-01,0.000000E+00,4.587453E+03,0.000000E+00,3.234588E-01,0.000000E+00,5.306857E+03,0.000000E+00,3.741757E-01,0.000000E+00,5.704406E+03,0.000000E+00,4.021916E-01,0.000000E+00,5.519043E+03,0.000000E+00,3.891180E-01,0.000000E+00,4.806155E+03,0.000000E+00,3.388791E-01,0.000000E+00,5.562918E+03,0.000000E+00,3.922301E-01,0.000000E+00,6.105668E+03,0.000000E+00,4.304822E-01,0.000000E+00,5.850384E+03,0.000000E+00,4.124788E-01
19:30:00,0.000000E+00,2.900270E+03,0.000000E+00,2.044433E-01,0.000000E+00,3.557225E+03,0.000000E+00,2.508181E-01,0.000000E+00,3.391416E+03,0.000000E+00,2.391140E-01,0.000000E+00,2.714447E+03,0.000000E+00,1.913809E-01,0.000000E+00,4.558311E+03,0.000000E+00,3.214038E-01,0.000000E+00,5.286986E+03,0.000000E+00,3.727741E-01,0.000000E+00,5.710920E+03,0.000000E+00,4.026507E-01,0.000000E+00,5.482679E+03,0.000000E+00,3.865544E-01,0.000000E+00,4.770013E+03,0.000000E+00,3.363305E-01,0.000000E+00,5.533740E+03,0.000000E+00,3.901724E-01,0.000000E+00,6.098573E+03,0.000000E+00,4.299817E-01,0.000000E+00,5.801061E+03,0.000000E+00,4.090015E-01
19:40:00,0.000000E+00,2.865254E+03,0.000000E+00,2.019751E-01,0.000000E+00,3.512798E+03,0.000000E+00,2.476846E-01,0.000000E+00,3.367461E+03,0.000000E+00,2.374241E-01,0.000000E+00,2.677132E+03,0.000000E+00,1.887495E-01,0.000000E+00,4.527327E+03,0.000000E+00,3.192185E-01,0.000000E+00,5.258644E+03,0.000000E+00,3.707748E-01,0.000000E+00,5.708632E+03,0.000000E+00,4.024887E-01,0.000000E+00,5.444614E+03,0.000000E+00,3.838705E-01,0.000000E+00,4.731879E+03,0.000000E+00,3.336411E-01,0.000000E+00,5.497252E+03,0.000000E+00,3.875988E-01,0.000000E+00,6.081706E+03,0.000000E+00,4.287917E-01,0.000000E+00,5.749920E+03,0.000000E+00,4.053955E-01
19:50:00,0.000000E+00,2.828761E+03,0.000000E+00,1.994027E-01,0.000000E+00,3.462463E+03,0.000000E+00,2.441346E-01,0.000000E+00,3.335583E+03,0.000000E+00,2.351756E-01,0.000000E+00,2.638495E+03,0.000000E+00,1.860250E-01,0.000000E+00,4.494710E+03,0.000000E+00,3.169179E-01,0.000000E+00,5.222603E+03,0.000000E+00,3.682323E-01,0.000000E+00,5.697673E+03,0.000000E+00,4.017149E-01,0.000000E+00,5.405039E+03,0.000000E+00,3.810797E-01,0.000000E+00,4.691938E+03,0.000000E+00,3.308240E-01,0.000000E+00,5.453913E+03,0.000000E+00,3.845418E-01,0.000000E+00,6.055197E+03,0.000000E+00,4.269216E-01,0.000000E+00,5.697120E+03,0.000000E+00,4.016723E-01
20:00:00,0.000000E+00,2.790463E+03,0.000000E+00,1.967032E-01,0.000000E+00,3.406328E+03,0.000000E+00,2.401757E-01,0.000000E+00,3.294952E+03,0.000000E+00,2.323099E-01,0.000000E+00,2.597613E+03,0.000000E+00,1.831421E-01,0.000000E+00,4.460201E+03,0.000000E+00,3.144836E-01,0.000000E+00,5.178877E+03,0.000000E+00,3.651480E-01,0.000000E+00,5.677267E+03,0.000000E+00,4.002750E-01,0.000000E+00,5.363149E+03,0.000000E+00,3.781255E-01,0.000000E+00,4.649816E+03,0.000000E+00,3.278529E-01,0.000000E+00,5.403562E+03,0.000000E+00,3.809903E-01,0.000000E+00,6.017983E+03,0.000000E+00,4.242964E-01,0.000000E+00,5.641541E+03,0.000000E+00,3.977529E-01
20:10:00,0.000000E+00,2.758057E+03,0.000000E+00,1.944190E-01,0.000000E+00,3.353562E+03,0.000000E+00,2.364543E-01,0.000000E+00,3.253607E+03,0.000000E+00,2.293938E-01,0.000000E+00,2.561391E+03,0.000000E+00,1.805878E-01,0.000000E+00,4.430498E+03,0.000000E+00,3.123882E-01,0.000000E+00,5.136180E+03,0.000000E+00,3.621362E-01,0.000000E+00,5.654010E+03,0.000000E+00,3.986340E-01,0.000000E+00,5.324550E+03,0.000000E+00,3.754033E-01,0.000000E+00,4.613383E+03,0.000000E+00,3.252829E-01,0.000000E+00,5.355765E+03,0.000000E+00,3.776189E-01,0.000000E+00,5.978467E+03,0.000000E+00,4.215090E-01,0.000000E+00,5.590442E+03,0.000000E+00,3.941493E-01
20:20:00,0.000000E+00,2.725518E+03,0.000000E+00,1.921253E-01,0.000000E+00,3.298992E+03,0.000000E+00,2.326060E-01,0.000000E+00,3.206561E+03,0.000000E+00,2.260760E-01,0.000000E+00,2.525067E+03,0.000000E+00,1.780264E-01,0.000000E+00,4.400404E+03,0.000000E+00,3.102654E-01,0.000000E+00,5.089698E+03,0.000000E+00,3.588578E-01,0.000000E+00,5.623890E+03,0.000000E+00,3.965092E-01,0.000000E+00,5.285556E+03,0.000000E+00,3.726532E-01,0.000000E+00,4.576319E+03,0.000000E+00,3.226686E-01,0.000000E+00,5.303725E+03,0.000000E+00,3.739485E-01,0.000000E+00,5.931321E+03,0.000000E+00,4.181837E-01,0.000000E+00,5.538798E+03,0.000000E+00,3.905073E-01
20:30:00,0.000000E+00,2.692620E+03,0.000000E+00,1.898064E-01,0.000000E+00,3.241841E+03,0.000000E+00,2.285759E-01,0.000000E+00,3.153505E+03,0.000000E+00,2.223345E-01,0.000000E+00,2.488813E+03,0.000000E+00,1.754700E-01,0.000000E+00,4.369730E+03,0.000000E+00,3.081017E-01,0.000000E+00,5.038754E+03,0.000000E+00,3.552650E-01,0.000000E+00,5.586617E+03,0.000000E+00,3.938801E-01,0.000000E+00,5.246272E+03,0.000000E+00,3.698828E-01,0.000000E+00,4.538570E+03,0.000000E+00,3.200061E-01,0.000000E+00,5.247596E+03,0.000000E+00,3.699899E-01,0.000000E+00,5.876490E+03,0.000000E+00,4.143167E-01,0.000000E+00,5.486789E+03,0.000000E+00,3.868397E-01
20:40:00,0.000000E+00,2.659353E+03,0.000000E+00,1.874614E-01,0.000000E+00,3.182272E+03,0.000000E+00,2.243753E-01,0.000000E+00,3.093947E+03,0.000000E+00,2.181346E-01,0.000000E+00,2.452877E+03,0.000000E+00,1.729360E-01,0.000000E+00,4.338457E+03,0.000000E+00,3.058961E-01,0.000000E+00,4.983424E+03,0.000000E+00,3.513630E-01,0.000000E+00,5.541731E+03,0.000000E+00,3.907144E-01,0.000000E+00,5.206885E+03,0.000000E+00,3.671051E-01,0.000000E+00,4.500201E+03,0.000000E+00,3.173001E-01,0.000000E+00,5.187411E+03,0.000000E+00,3.657456E-01,0.000000E+00,5.813617E+03,0.000000E+00,4.098828E-01,0.000000E+00,5.434669E+03,0.000000E+00,3.831643E-01
20:50:00,0.000000E+00,2.625819E+03,0.000000E+00,1.850976E-01,0.000000E+00,3.120618E+03,0.000000E+00,2.200279E-01,0.000000E+00,3.028123E+03,0.000000E+00,2.134931E-01,0.000000E+00,2.417117E+03,0.000000E+00,1.704144E-01,0.000000E+00,4.306664E+03,0.000000E+00,3.036538E-01,0.000000E+00,4.923953E+03,0.000000E+00,3.471692E-01,0.000000E+00,5.489365E+03,0.000000E+00,3.870215E-01,0.000000E+00,5.167287E+03,0.000000E+00,3.643128E-01,0.000000E+00,4.461354E+03,0.000000E+00,3.145604E-01,0.000000E+00,5.123505E+03,0.000000E+00,3.612390E-01,0.000000E+00,5.743010E+03,0.000000E+00,4.049038E-01,0.000000E+00,5.382434E+03,0.000000E+00,3.794809E-01
21:00:00,0.000000E+00,2.592646E+03,0.000000E+00,1.827592E-01,0.000000E+00,3.057818E+03,0.000000E+00,2.155996E-01,0.000000E+00,2.957520E+03,0.000000E+00,2.085146E-01,0.000000E+00,2.382381E+03,0.000000E+00,1.679651E-01,0.000000E+00,4.274865E+03,0.000000E+00,3.014111E-01,0.000000E+00,4.861240E+03,0.000000E+00,3.427469E-01,0.000000E+00,5.430745E+03,0.000000E+00,3.828876E-01,0.000000E+00,5.128247E+03,0.000000E+00,3.615597E-01,0.000000E+00,4.422721E+03,0.000000E+00,3.118359E-01,0.000000E+00,5.056782E+03,0.000000E+00,3.565338E-01,0.000000E+00,5.666360E+03,0.000000E+00,3.994988E-01,0.000000E+00,5.331322E+03,0.000000E+00,3.758768E-01
21:10:00,0.000000E+00,2.548488E+03,0.000000E+00,1.796465E-01,0.000000E+00,2.982019E+03,0.000000E+00,2.102550E-01,0.000000E+00,2.865783E+03,0.000000E+00,2.020462E-01,0.000000E+00,2.332721E+03,0.000000E+00,1.644637E-01,0.000000E+00,4.231774E+03,0.000000E+00,2.983722E-01,0.000000E+00,4.782805E+03,0.000000E+00,3.372162E-01,0.000000E+00,5.349660E+03,0.000000E+00,3.771700E-01,0.000000E+00,5.073952E+03,0.000000E+00,3.577312E-01,0.000000E+00,4.372941E+03,0.000000E+00,3.083254E-01,0.000000E+00,4.974304E+03,0.000000E+00,3.507179E-01,0.000000E+00,5.566595E+03,0.000000E+00,3.924641E-01,0.000000E+00,5.265341E+03,0.000000E+00,3.712243E-01
21:20:00,0.000000E+00,2.504214E+03,0.000000E+00,1.765256E-01,0.000000E+00,2.902105E+03,0.000000E+00,2.046201E-01,0.000000E+00,2.764455E+03,0.000000E+00,1.949014E-01,0.000000E+00,2.282405E+03,0.000000E+00,1.609158E-01,0.000000E+00,4.188333E+03,0.000000E+00,2.953086E-01,0.000000E+00,4.696850E+03,0.000000E+00,3.311551E-01,0.000000E+00,5.257795E+03,0.000000E+00,3.706922E-01,0.000000E+00,5.018852E+03,0.000000E+00,3.538458E-01,0.000000E+00,4.322911E+03,0.000000E+00,3.047972E-01,0.000000E+00,4.884352E+03,0.000000E+00,3.443748E-01,0.000000E+00,5.454605E+03,0.000000E+00,3.845674E-01,0.000000E+00,5.198788E+03,0.000000E+00,3.665314E-01
21:30:00,0.000000E+00,2.460144E+03,0.000000E+00,1.734190E-01,0.000000E+00,2.820621E+03,0.000000E+00,1.988746E-01,0.000000E+00,2.657023E+03,0.000000E+00,1.873263E-01,0.000000E+00,2.231101E+03,0.000000E+00,1.572983E-01,0.000000E+00,4.144771E+03,0.000000E+00,2.922365E-01,0.000000E+00,4.605337E+03,0.000000E+00,3.247022E-01,0.000000E+00,5.157927E+03,0.000000E+00,3.636502E-01,0.000000E+00,4.962690E+03,0.000000E+00,3.498856E-01,0.000000E+00,4.272971E+03,0.000000E+00,3.012753E-01,0.000000E+00,4.789761E+03,0.000000E+00,3.377048E-01,0.000000E+00,5.334455E+03,0.000000E+00,3.760954E-01,0.000000E+00,5.131707E+03,0.000000E+00,3.618014E-01
21:40:00,0.000000E+00,2.416343E+03,0.000000E+00,1.703314E-01,0.000000E+00,2.737463E+03,0.000000E+00,1.930114E-01,0.000000E+00,2.544738E+03,0.000000E+00,1.794092E-01,0.000000E+00,2.178260E+03,0.000000E+00,1.535725E-01,0.000000E+00,4.101146E+03,0.000000E+00,2.891602E-01,0.000000E+00,4.509239E+03,0.000000E+00,3.179263E-01,0.000000E+00,5.051091E+03,0.000000E+00,3.561172E-01,0.000000E+00,4.905007E+03,0.000000E+00,3.458183E-01,0.000000E+00,4.223191E+03,0.000000E+00,2.977651E-01,0.000000E+00,4.690922E+03,0.000000E+00,3.307354E-01,0.000000E+00,5.207131E+03,0.000000E+00,3.671179E-01,0.000000E+00,5.063684E+03,0.000000E+00,3.570051E-01
21:50:00,0.000000E+00,2.373056E+03,0.000000E+00,1.672801E-01,0.000000E+00,2.654750E+03,0.000000E+00,1.871796E-01,0.000000E+00,2.431778E+03,0.000000E+00,1.714445E-01,0.000000E+00,2.124413E+03,0.000000E+00,1.497757E-01,0.000000E+00,4.057662E+03,0.000000E+00,2.860939E-01,0.000000E+00,4.411361E+03,0.000000E+00,3.110249E-01,0.000000E+00,4.940963E+03,0.000000E+00,3.483521E-01,0.000000E+00,4.846215E+03,0.000000E+00,3.416730E-01,0.000000E+00,4.173829E+03,0.000000E+00,2.942844E-01,0.000000E+00,4.590990E+03,0.000000E+00,3.236890E-01,0.000000E+00,5.077338E+03,0.000000E+00,3.579664E-01,0.000000E+00,4.995232E+03,0.000000E+00,3.521787E-01
22:00:00,0.000000E+00,2.329553E+03,0.000000E+00,1.642135E-01,0.000000E+00,2.571534E+03,0.000000E+00,1.813123E-01,0.000000E+00,2.315790E+03,0.000000E+00,1.632665E-01,0.000000E+00,2.068006E+03,0.000000E+00,1.457986E-01,0.000000E+00,4.013739E+03,0.000000E+00,2.829968E-01,0.000000E+00,4.310807E+03,0.000000E+00,3.039350E-01,0.000000E+00,4.825758E+03,0.000000E+00,3.402293E-01,0.000000E+00,4.784969E+03,0.000000E+00,3.373546E-01,0.000000E+00,4.123816E+03,0.000000E+00,2.907578E-01,0.000000E+00,4.487755E+03,0.000000E+00,3.164100E-01,0.000000E+00,4.941556E+03,0.000000E+00,3.483928E-01,0.000000E+00,4.923748E+03,0.000000E+00,3.471386E-01
22:10:00,0.000000E+00,2.242528E+03,0.000000E+00,1.580790E-01,0.000000E+00,2.451146E+03,0.000000E+00,1.728242E-01,0.000000E+00,2.158264E+03,0.000000E+00,1.521601E-01,0.000000E+00,1.960349E+03,0.000000E+00,1.382082E-01,0.000000E+00,3.928752E+03,0.000000E+00,2.770043E-01,0.000000E+00,4.171265E+03,0.000000E+00,2.940963E-01,0.000000E+00,4.669348E+03,0.000000E+00,3.292014E-01,0.000000E+00,4.675713E+03,0.000000E+00,3.296515E-01,0.000000E+00,4.029785E+03,0.000000E+00,2.841277E-01,0.000000E+00,4.343298E+03,0.000000E+00,3.062246E-01,0.000000E+00,4.763472E+03,0.000000E+00,3.358369E-01,0.000000E+00,4.801079E+03,0.000000E+00,3.384899E-01
22:20:00,0.000000E+00,2.153697E+03,0.000000E+00,1.518172E-01,0.000000E+00,2.334856E+03,0.000000E+00,1.646244E-01,0.000000E+00,2.010587E+03,0.000000E+00,1.417479E-01,0.000000E+00,1.850874E+03,0.000000E+00,1.304893E-01,0.000000E+00,3.841528E+03,0.000000E+00,2.708536E-01,0.000000E+00,4.036187E+03,0.000000E+00,2.845719E-01,0.000000E+00,4.519591E+03,0.000000E+00,3.186423E-01,0.000000E+00,4.563945E+03,0.000000E+00,3.217708E-01,0.000000E+00,3.934527E+03,0.000000E+00,2.774105E-01,0.000000E+00,4.206682E+03,0.000000E+00,2.965916E-01,0.000000E+00,4.596632E+03,0.000000E+00,3.240733E-01,0.000000E+00,4.677591E+03,0.000000E+00,3.297828E-01
22:30:00,0.000000E+00,2.064111E+03,0.000000E+00,1.455021E-01,0.000000E+00,2.223789E+03,0.000000E+00,1.567927E-01,0.000000E+00,1.872283E+03,0.000000E+00,1.319965E-01,0.000000E+00,1.740811E+03,0.000000E+00,1.227289E-01,0.000000E+00,3.752989E+03,0.000000E+00,2.646099E-01,0.000000E+00,3.908152E+03,0.000000E+00,2.755440E-01,0.000000E+00,4.376944E+03,0.000000E+00,3.085844E-01,0.000000E+00,4.450934E+03,0.000000E+00,3.138023E-01,0.000000E+00,3.838488E+03,0.000000E+00,2.706379E-01,0.000000E+00,4.076888E+03,0.000000E+00,2.874394E-01,0.000000E+00,4.439768E+03,0.000000E+00,3.130131E-01,0.000000E+00,4.553922E+03,0.000000E+00,3.210628E-01
22:40:00,0.000000E+00,1.974239E+03,0.000000E+00,1.391670E-01,0.000000E+00,2.119031E+03,0.000000E+00,1.494056E-01,0.000000E+00,1.744376E+03,0.000000E+00,1.229783E-01,0.000000E+00,1.631167E+03,0.000000E+00,1.149980E-01,0.000000E+00,3.663616E+03,0.000000E+00,2.583072E-01,0.000000E+00,3.787595E+03,0.000000E+00,2.670432E-01,0.000000E+00,4.242808E+03,0.000000E+00,2.991264E-01,0.000000E+00,4.337579E+03,0.000000E+00,3.058093E-01,0.000000E+00,3.741978E+03,0.000000E+00,2.638320E-01,0.000000E+00,3.954740E+03,0.000000E+00,2.788262E-01,0.000000E+00,4.294179E+03,0.000000E+00,3.027477E-01,0.000000E+00,4.430760E+03,0.000000E+00,3.123784E-01
22:50:00,0.000000E+00,1.884114E+03,0.000000E+00,1.328139E-01,0.000000E+00,2.019148E+03,0.000000E+00,1.423623E-01,0.000000E+00,1.624121E+03,0.000000E+00,1.144996E-01,0.000000E+00,1.521938E+03,0.000000E+00,1.072965E-01,0.000000E+00,3.573498E+03,0.000000E+00,2.519518E-01,0.000000E+00,3.672864E+03,0.000000E+00,2.589529E-01,0.000000E+00,4.115252E+03,0.000000E+00,2.901324E-01,0.000000E+00,4.223991E+03,0.000000E+00,2.977998E-01,0.000000E+00,3.644983E+03,0.000000E+00,2.569916E-01,0.000000E+00,3.838077E+03,0.000000E+00,2.705996E-01,0.000000E+00,4.156911E+03,0.000000E+00,2.930690E-01,0.000000E+00,4.308016E+03,0.000000E+00,3.037234E-01
23:00:00,0.000000E+00,1.794632E+03,0.000000E+00,1.265061E-01,0.000000E+00,1.925579E+03,0.000000E+00,1.357641E-01,0.000000E+00,1.514906E+03,0.000000E+00,1.067993E-01,0.000000E+00,1.415210E+03,0.000000E+00,9.977123E-02,0.000000E+00,3.483403E+03,0.000000E+00,2.455979E-01,0.000000E+00,3.565763E+03,0.000000E+00,2.514007E-01,0.000000E+00,3.997419E+03,0.000000E+00,2.818237E-01,0.000000E+00,4.112008E+03,0.000000E+00,2.899034E-01,0.000000E+00,3.548750E+03,0.000000E+00,2.502050E-01,0.000000E+00,3.729975E+03,0.000000E+00,2.629766E-01,0.000000E+00,4.032883E+03,0.000000E+00,2.843236E-01,0.000000E+00,4.188706E+03,0.000000E+00,2.953105E-01
23:10:00,0.000000E+00,1.712400E+03,0.000000E+00,1.207095E-01,0.000000E+00,1.841909E+03,0.000000E+00,1.298642E-01,0.000000E+00,1.416690E+03,0.000000E+00,9.987462E-02,0.000000E+00,1.318113E+03,0.000000E+00,9.292530E-02,0.000000E+00,3.399900E+03,0.000000E+00,2.397090E-01,0.000000E+00,3.468718E+03,0.000000E+00,2.445575E-01,0.000000E+00,3.890496E+03,0.000000E+00,2.742844E-01,0.000000E+00,4.008962E+03,0.000000E+00,2.826372E-01,0.000000E+00,3.459462E+03,0.000000E+00,2.439082E-01,0.000000E+00,3.630737E+03,0.000000E+00,2.559787E-01,0.000000E+00,3.920069E+03,0.000000E+00,2.763690E-01,0.000000E+00,4.078804E+03,0.000000E+00,2.875609E-01
23:20:00,0.000000E+00,1.630127E+03,0.000000E+00,1.149099E-01,0.000000E+00,1.759459E+03,0.000000E+00,1.240504E-01,0.000000E+00,1.319668E+03,0.000000E+00,9.303440E-02,0.000000E+00,1.221169E+03,0.000000E+00,8.609043E-02,0.000000E+00,3.315983E+03,0.000000E+00,2.337911E-01,0.000000E+00,3.372646E+03,0.000000E+00,2.377830E-01,0.000000E+00,3.784830E+03,0.000000E+00,2.668339E-01,0.000000E+00,3.905705E+03,0.000000E+00,2.753563E-01,0.000000E+00,3.369788E+03,0.000000E+00,2.375844E-01,0.000000E+00,3.532211E+03,0.000000E+00,2.490311E-01,0.000000E+00,3.808546E+03,0.000000E+00,2.685056E-01,0.000000E+00,3.968761E+03,0.000000E+00,2.798016E-01
23:30:00,0.000000E+00,1.547706E+03,0.000000E+00,1.090999E-01,0.000000E+00,1.677404E+03,0.000000E+00,1.182646E-01,0.000000E+00,1.223261E+03,0.000000E+00,8.623748E-02,0.000000E+00,1.124168E+03,0.000000E+00,7.925158E-02,0.000000E+00,3.231571E+03,0.000000E+00,2.278383E-01,0.000000E+00,3.276824E+03,0.000000E+00,2.310262E-01,0.000000E+00,3.679758E+03,0.000000E+00,2.594252E-01,0.000000E+00,3.802081E+03,0.000000E+00,2.680496E-01,0.000000E+00,3.279700E+03,0.000000E+00,2.312315E-01,0.000000E+00,3.434054E+03,0.000000E+00,2.421095E-01,0.000000E+00,3.697796E+03,0.000000E+00,2.606966E-01,0.000000E+00,3.858487E+03,0.000000E+00,2.720260E-01
23:40:00,0.000000E+00,1.465119E+03,0.000000E+00,1.032782E-01,0.000000E+00,1.595625E+03,0.000000E+00,1.124982E-01,0.000000E+00,1.127269E+03,0.000000E+00,7.946979E-02,0.000000E+00,1.027082E+03,0.000000E+00,7.240667E-02,0.000000E+00,3.146648E+03,0.000000E+00,2.218496E-01,0.000000E+00,3.181033E+03,0.000000E+00,2.242715E-01,0.000000E+00,3.574954E+03,0.000000E+00,2.520354E-01,0.000000E+00,3.698046E+03,0.000000E+00,2.607139E-01,0.000000E+00,3.189209E+03,0.000000E+00,2.248501E-01,0.000000E+00,3.336080E+03,0.000000E+00,2.352009E-01,0.000000E+00,3.587533E+03,0.000000E+00,2.529220E-01,0.000000E+00,3.747961E+03,0.000000E+00,2.642328E-01
23:50:00,0.000000E+00,1.382369E+03,0.000000E+00,9.744495E-02,0.000000E+00,1.514036E+03,0.000000E+00,1.067451E-01,0.000000E+00,1.031582E+03,0.000000E+00,7.272357E-02,0.000000E+00,9.298966E+02,0.000000E+00,6.555480E-02,0.000000E+00,3.061220E+03,0.000000E+00,2.158253E-01,0.000000E+00,3.085147E+03,0.000000E+00,2.175102E-01,0.000000E+00,3.470239E+03,0.000000E+00,2.446518E-01,0.000000E+00,3.593587E+03,0.000000E+00,2.533484E-01,0.000000E+00,3.098324E+03,0.000000E+00,2.184411E-01,0.000000E+00,3.238169E+03,0.000000E+00,2.282967E-01,0.000000E+00,3.477568E+03,0.000000E+00,2.451684E-01,0.000000E+00,3.637173E+03,0.000000E+00,2.564210E-01
24:00:00,0.000000E+00,1.299461E+03,0.000000E+00,9.160062E-02,0.000000E+00,1.432592E+03,0.000000E+00,1.010022E-01,0.000000E+00,9.361388E+02,0.000000E+00,6.599452E-02,0.000000E+00,8.326136E+02,0.000000E+00,5.869601E-02,0.000000E+00,2.975296E+03,0.000000E+00,2.097661E-01,0.000000E+00,2.989101E+03,0.000000E+00,2.107375E-01,0.000000E+00,3.365504E+03,0.000000E+00,2.372669E-01,0.000000E+00,3.488703E+03,0.000000E+00,2.459529E-01,0.000000E+00,3.007056E+03,0.000000E+00,2.120051E-01,0.000000E+00,3.140237E+03,0.000000E+00,2.213910E-01,0.000000E+00,3.367771E+03,0.000000E+00,2.374265E-01,0.000000E+00,3.526114E+03,0.000000E+00,2.485901E-01
Peak,3.164315E+01,2.992621E+03,2.795473E-03,2.109526E-01,0.000000E+00,3.642622E+03,0.000000E+00,2.568404E-01,6.427169E+01,3.413987E+03,4.534633E-03,2.407068E-01,1.568939E+01,2.815365E+03,1.106960E-03,1.984803E-01,0.000000E+00,4.638087E+03,0.000000E+00,3.270278E-01,0.000000E+00,5.317155E+03,0.000000E+00,3.749019E-01,0.000000E+00,5.710920E+03,0.000000E+00,4.026507E-01,0.000000E+00,5.674264E+03,0.000000E+00,4.000267E-01,0.000000E+00,4.870878E+03,0.000000E+00,3.434415E-01,0.000000E+00,5.596217E+03,0.000000E+00,3.945770E-01,0.000000E+00,6.105668E+03,0.000000E+00,4.304822E-01,0.000000E+00,6.319616E+03,0.000000E+00,4.455230E-01

Peak Vol Flow (m3/s),,,2.332820E-03,1.760397E-01,,,0.000000E+00,2.143330E-01,,,3.784146E-03,2.008695E-01,,,9.237568E-04,1.656316E-01,,,0.000000E+00,2.729044E-01,,,0.000000E+00,3.128552E-01,,,0.000000E+00,3.360115E-01,,,0.000000E+00,3.338218E-01,,,0.000000E+00,2.866016E-01,,,0.000000E+00,3.292741E-01,,,0.000000E+00,3.592369E-01,,,0.000000E+00,3.717884E-01
