Time,01_A1:ANCHORAGEANNHTG99.6CONDNSDB:Des Heat Load [W],01_A1:ANCHORAGEANNCLG.4CONDNSDBMWB:Des Sens Cool Load [W],01_A1:ANCHORAGEANNHTG99.6CONDNSDB:Des Heat Mass Flow [kg/s],01_A1:ANCHORAGEANNCLG.4CONDNSDBMWB:Des Cool Mass Flow [kg/s],01_A2::Des Heat Load [W],01_A2:ANCHORAGEANNCLG.4CONDNSDBMWB:Des Sens Cool Load [W],01_A2::Des Heat Mass Flow [kg/s],01_A2:ANCHORAGEANNCLG.4CONDNSDBMWB:Des Cool Mass Flow [kg/s],01_B2:ANCHORAGEANNHTG99.6CONDNSDB:Des Heat Load [W],01_B2:ANCHORAGEANNCLG.4CONDNSDBMWB:Des Sens Cool Load [W],01_B2:ANCHORAGEANNHTG99.6CONDNSDB:Des Heat Mass Flow [kg/s],01_B2:ANCHORAGEANNCLG.4CONDNSDBMWB:Des Cool Mass Flow [kg/s],01_C1::Des Heat Load [W],01_C1:ANCHORAGEANNCLG.4CONDNSDBMWB:Des Sens Cool Load [W],01_C1::Des Heat Mass Flow [kg/s],01_C1:ANCHORAGEANNCLG.4CONDNSDBMWB:Des Cool Mass Flow [kg/s],02_A1::Des Heat Load [W],02_A1:ANCHORAGEANNCLG.4CONDNSDBMWB:Des Sens Cool Load [W],02_A1::Des Heat Mass Flow [kg/s],02_A1:ANCHORAGEANNCLG.4CONDNSDBMWB:Des Cool Mass Flow [kg/s],02_A2::Des Heat Load [W],02_A2:ANCHORAGEANNCLG.4CONDNSDBMWB:Des Sens Cool Load [W],02_A2::Des Heat Mass Flow [kg/s],02_A2:ANCHORAGEANNCLG.4CONDNSDBMWB:Des Cool Mass Flow [kg/s],02_B2::Des Heat Load [W],02_B2:ANCHORAGEANNCLG.4CONDNSDBMWB:Des Sens Cool Load [W],02_B2::Des Heat Mass Flow [kg/s],02_B2:ANCHORAGEANNCLG.4CONDNSDBMWB:Des Cool Mass Flow [kg/s],02_C1::Des Heat Load [W],02_C1:ANCHORAGEANNCLG.4CONDNSDBMWB:Des Sens Cool Load [W],02_C1::Des Heat Mass Flow [kg/s],02_C1:ANCHORAGEANNCLG.4CONDNSDBMWB:Des Cool Mass Flow [kg/s],03_A1::Des Heat Load [W],03_A1:ANCHORAGEANNCLG.4CONDNSDBMWB:Des Sens Cool Load [W],03_A1::Des Heat Mass Flow [kg/s],03_A1:ANCHORAGEANNCLG.4CONDNSDBMWB:Des Cool Mass Flow [kg/s],03_A2::Des Heat Load [W],03_A2:ANCHORAGEANNCLG.4CONDNSDBMWB:Des Sens Cool Load [W],03_A2::Des Heat Mass Flow [kg/s],03_A2:ANCHORAGEANNCLG.4CONDNSDBMWB:Des Cool Mass Flow [kg/s],03_B2::Des Heat Load [W],03_B2:ANCHORAGEANNCLG.4CONDNSDBMWB:Des Sens Cool Load [W],03_B2::Des Heat Mass Flow [kg/s],03_B2:ANCHORAGEANNCLG.4CONDNSDBMWB:Des Cool Mass Flow [kg/s],03_C1::Des Heat Load [W],03_C1:ANCHORAGEANNCLG.4CONDNSDBMWB:Des Sens Cool Load [W],03_C1::Des Heat Mass Flow [kg/s],03_C1:ANCHORAGEANNCLG.4CONDNSDBMWB:Des Cool Mass Flow [kg/s]
00:10:00,0.000000E+00,1.203332E+03,0.000000E+00,8.482433E-02,0.000000E+00,1.353448E+03,0.000000E+00,9.542159E-02,0.000000E+00,8.792972E+02,0.000000E+00,6.198695E-02,0.000000E+00,7.245907E+02,0.000000E+00,5.108025E-02,0.000000E+00,2.842434E+03,0.000000E+00,2.003977E-01,0.000000E+00,2.923700E+03,0.000000E+00,2.061254E-01,0.000000E+00,3.419349E+03,0.000000E+00,2.410618E-01,0.000000E+00,3.336187E+03,0.000000E+00,2.351994E-01,0.000000E+00,2.872210E+03,0.000000E+00,2.024968E-01,0.000000E+00,3.065852E+03,0.000000E+00,2.161456E-01,0.000000E+00,3.396116E+03,0.000000E+00,2.394237E-01,0.000000E+00,3.366151E+03,0.000000E+00,2.373117E-01
00:20:00,0.000000E+00,1.125772E+03,0.000000E+00,7.935699E-02,0.000000E+00,1.278402E+03,0.000000E+00,9.013010E-02,0.000000E+00,7.892662E+02,0.000000E+00,5.563987E-02,0.000000E+00,6.347046E+02,0.000000E+00,4.474349E-02,0.000000E+00,2.762038E+03,0.000000E+00,1.947286E-01,0.000000E+00,2.831607E+03,0.000000E+00,1.996318E-01,0.000000E+00,3.316003E+03,0.000000E+00,2.337750E-01,0.000000E+00,3.239125E+03,0.000000E+00,2.283557E-01,0.000000E+00,2.786619E+03,0.000000E+00,1.964614E-01,0.000000E+00,2.971891E+03,0.000000E+00,2.095201E-01,0.000000E+00,3.288660E+03,0.000000E+00,2.318471E-01,0.000000E+00,3.263261E+03,0.000000E+00,2.300571E-01
00:30:00,0.000000E+00,1.048069E+03,0.000000E+00,7.387953E-02,0.000000E+00,1.203486E+03,0.000000E+00,8.484788E-02,0.000000E+00,6.995350E+02,0.000000E+00,4.931394E-02,0.000000E+00,5.447965E+02,0.000000E+00,3.840521E-02,0.000000E+00,2.681158E+03,0.000000E+00,1.890253E-01,0.000000E+00,2.739371E+03,0.000000E+00,1.931281E-01,0.000000E+00,3.212721E+03,0.000000E+00,2.264928E-01,0.000000E+00,3.141690E+03,0.000000E+00,2.214857E-01,0.000000E+00,2.700649E+03,0.000000E+00,1.903994E-01,0.000000E+00,2.877835E+03,0.000000E+00,2.028881E-01,0.000000E+00,3.181404E+03,0.000000E+00,2.242848E-01,0.000000E+00,3.160148E+03,0.000000E+00,2.227868E-01
00:40:00,0.000000E+00,9.702289E+02,0.000000E+00,6.839247E-02,0.000000E+00,1.128732E+03,0.000000E+00,7.957710E-02,0.000000E+00,6.100934E+02,0.000000E+00,4.300843E-02,0.000000E+00,4.548906E+02,0.000000E+00,3.206709E-02,0.000000E+00,2.599808E+03,0.000000E+00,1.832890E-01,0.000000E+00,2.646993E+03,0.000000E+00,1.866144E-01,0.000000E+00,3.109473E+03,0.000000E+00,2.192130E-01,0.000000E+00,3.043882E+03,0.000000E+00,2.145895E-01,0.000000E+00,2.614313E+03,0.000000E+00,1.843115E-01,0.000000E+00,2.783671E+03,0.000000E+00,1.962485E-01,0.000000E+00,3.074303E+03,0.000000E+00,2.167334E-01,0.000000E+00,3.056803E+03,0.000000E+00,2.155001E-01
00:50:00,0.000000E+00,8.922598E+02,0.000000E+00,6.289630E-02,0.000000E+00,1.054119E+03,0.000000E+00,7.431615E-02,0.000000E+00,5.209076E+02,0.000000E+00,3.672093E-02,0.000000E+00,3.649783E+02,0.000000E+00,2.572851E-02,0.000000E+00,2.518002E+03,0.000000E+00,1.775205E-01,0.000000E+00,2.554464E+03,0.000000E+00,1.800901E-01,0.000000E+00,3.006237E+03,0.000000E+00,2.119340E-01,0.000000E+00,2.945705E+03,0.000000E+00,2.076672E-01,0.000000E+00,2.527619E+03,0.000000E+00,1.781984E-01,0.000000E+00,2.689390E+03,0.000000E+00,1.896006E-01,0.000000E+00,2.967321E+03,0.000000E+00,2.091904E-01,0.000000E+00,2.953220E+03,0.000000E+00,2.081968E-01
01:00:00,0.000000E+00,8.141676E+02,0.000000E+00,5.739145E-02,0.000000E+00,9.796343E+02,0.000000E+00,6.906433E-02,0.000000E+00,4.319520E+02,0.000000E+00,3.044965E-02,0.000000E+00,2.750576E+02,0.000000E+00,1.938934E-02,0.000000E+00,2.435753E+03,0.000000E+00,1.717208E-01,0.000000E+00,2.461784E+03,0.000000E+00,1.735552E-01,0.000000E+00,2.902998E+03,0.000000E+00,2.046549E-01,0.000000E+00,2.847164E+03,0.000000E+00,2.007192E-01,0.000000E+00,2.440578E+03,0.000000E+00,1.720608E-01,0.000000E+00,2.594985E+03,0.000000E+00,1.829440E-01,0.000000E+00,2.860433E+03,0.000000E+00,2.016540E-01,0.000000E+00,2.849399E+03,0.000000E+00,2.008766E-01
01:10:00,0.000000E+00,7.779847E+02,0.000000E+00,5.484084E-02,0.000000E+00,9.454694E+02,0.000000E+00,6.665517E-02,0.000000E+00,3.904869E+02,0.000000E+00,2.752634E-02,0.000000E+00,2.334581E+02,0.000000E+00,1.645668E-02,0.000000E+00,2.392524E+03,0.000000E+00,1.686722E-01,0.000000E+00,2.410172E+03,0.000000E+00,1.699156E-01,0.000000E+00,2.843708E+03,0.000000E+00,2.004741E-01,0.000000E+00,2.793342E+03,0.000000E+00,1.969240E-01,0.000000E+00,2.395715E+03,0.000000E+00,1.688969E-01,0.000000E+00,2.545319E+03,0.000000E+00,1.794416E-01,0.000000E+00,2.801443E+03,0.000000E+00,1.974943E-01,0.000000E+00,2.794157E+03,0.000000E+00,1.969813E-01
01:20:00,2.140696E+00,7.443193E+02,1.891168E-04,5.246769E-02,0.000000E+00,9.151915E+02,0.000000E+00,6.452050E-02,0.000000E+00,3.519657E+02,0.000000E+00,2.481081E-02,0.000000E+00,1.945986E+02,0.000000E+00,1.371739E-02,0.000000E+00,2.351478E+03,0.000000E+00,1.657778E-01,0.000000E+00,2.363098E+03,0.000000E+00,1.665963E-01,0.000000E+00,2.787300E+03,0.000000E+00,1.964970E-01,0.000000E+00,2.742092E+03,0.000000E+00,1.933105E-01,0.000000E+00,2.352647E+03,0.000000E+00,1.658601E-01,0.000000E+00,2.497624E+03,0.000000E+00,1.760787E-01,0.000000E+00,2.744820E+03,0.000000E+00,1.935021E-01,0.000000E+00,2.741046E+03,0.000000E+00,1.932366E-01
01:30:00,6.477301E+00,7.120380E+02,5.722283E-04,5.019212E-02,0.000000E+00,8.862949E+02,0.000000E+00,6.248325E-02,0.000000E+00,3.151363E+02,0.000000E+00,2.221457E-02,0.000000E+00,1.574020E+02,0.000000E+00,1.109535E-02,0.000000E+00,2.311695E+03,0.000000E+00,1.629727E-01,0.000000E+00,2.317516E+03,0.000000E+00,1.633825E-01,0.000000E+00,2.732607E+03,0.000000E+00,1.926408E-01,0.000000E+00,2.692348E+03,0.000000E+00,1.898033E-01,0.000000E+00,2.310789E+03,0.000000E+00,1.629087E-01,0.000000E+00,2.451205E+03,0.000000E+00,1.728057E-01,0.000000E+00,2.689752E+03,0.000000E+00,1.896195E-01,0.000000E+00,2.689357E+03,0.000000E+00,1.895923E-01
01:40:00,1.269731E+01,6.807445E+02,1.121727E-03,4.798618E-02,0.000000E+00,8.583576E+02,0.000000E+00,6.051364E-02,0.000000E+00,2.794235E+02,0.000000E+00,1.969703E-02,0.000000E+00,1.213070E+02,0.000000E+00,8.550960E-03,0.000000E+00,2.272796E+03,0.000000E+00,1.602299E-01,0.000000E+00,2.273065E+03,0.000000E+00,1.602485E-01,0.000000E+00,2.679165E+03,0.000000E+00,1.888730E-01,0.000000E+00,2.643670E+03,0.000000E+00,1.863713E-01,0.000000E+00,2.269924E+03,0.000000E+00,1.600274E-01,0.000000E+00,2.405848E+03,0.000000E+00,1.696077E-01,0.000000E+00,2.635981E+03,0.000000E+00,1.858285E-01,0.000000E+00,2.638849E+03,0.000000E+00,1.860313E-01
01:50:00,2.058550E+01,6.502276E+02,1.818600E-03,4.583499E-02,0.000000E+00,8.311568E+02,0.000000E+00,5.859595E-02,0.000000E+00,2.445896E+02,0.000000E+00,1.724146E-02,0.000000E+00,8.610373E+01,0.000000E+00,6.069442E-03,0.000000E+00,2.234591E+03,0.000000E+00,1.575362E-01,0.000000E+00,2.229491E+03,0.000000E+00,1.571763E-01,0.000000E+00,2.626744E+03,0.000000E+00,1.851771E-01,0.000000E+00,2.595852E+03,0.000000E+00,1.829999E-01,0.000000E+00,2.229890E+03,0.000000E+00,1.572047E-01,0.000000E+00,2.361376E+03,0.000000E+00,1.664723E-01,0.000000E+00,2.583314E+03,0.000000E+00,1.821153E-01,0.000000E+00,2.589351E+03,0.000000E+00,1.825415E-01
02:00:00,2.999421E+01,6.203646E+02,2.649802E-03,4.372989E-02,0.000000E+00,8.045684E+02,0.000000E+00,5.672142E-02,0.000000E+00,2.105026E+02,0.000000E+00,1.483854E-02,0.000000E+00,5.166727E+01,0.000000E+00,3.641984E-03,0.000000E+00,2.196967E+03,0.000000E+00,1.548834E-01,0.000000E+00,2.186662E+03,0.000000E+00,1.541566E-01,0.000000E+00,2.575217E+03,0.000000E+00,1.815443E-01,0.000000E+00,2.548777E+03,0.000000E+00,1.796810E-01,0.000000E+00,2.190578E+03,0.000000E+00,1.544329E-01,0.000000E+00,2.317686E+03,0.000000E+00,1.633919E-01,0.000000E+00,2.531634E+03,0.000000E+00,1.784718E-01,0.000000E+00,2.540752E+03,0.000000E+00,1.791152E-01
02:10:00,2.999421E+01,5.995691E+02,2.649802E-03,4.226397E-02,0.000000E+00,7.865093E+02,0.000000E+00,5.544820E-02,0.000000E+00,1.864553E+02,0.000000E+00,1.314335E-02,0.000000E+00,3.601780E+01,0.000000E+00,2.538843E-03,0.000000E+00,2.167776E+03,0.000000E+00,1.528252E-01,0.000000E+00,2.152756E+03,0.000000E+00,1.517660E-01,0.000000E+00,2.533146E+03,0.000000E+00,1.785782E-01,0.000000E+00,2.511139E+03,0.000000E+00,1.770274E-01,0.000000E+00,2.160504E+03,0.000000E+00,1.523125E-01,0.000000E+00,2.283822E+03,0.000000E+00,1.610043E-01,0.000000E+00,2.490330E+03,0.000000E+00,1.755597E-01,0.000000E+00,2.502545E+03,0.000000E+00,1.764215E-01
02:20:00,2.785352E+01,5.798405E+02,2.460685E-03,4.087326E-02,0.000000E+00,7.697782E+02,0.000000E+00,5.426868E-02,0.000000E+00,1.635818E+02,0.000000E+00,1.153096E-02,0.000000E+00,2.382066E+01,0.000000E+00,1.679081E-03,0.000000E+00,2.139598E+03,0.000000E+00,1.508385E-01,0.000000E+00,2.120460E+03,0.000000E+00,1.494891E-01,0.000000E+00,2.492446E+03,0.000000E+00,1.757087E-01,0.000000E+00,2.474728E+03,0.000000E+00,1.744604E-01,0.000000E+00,2.131453E+03,0.000000E+00,1.502642E-01,0.000000E+00,2.251040E+03,0.000000E+00,1.586930E-01,0.000000E+00,2.450329E+03,0.000000E+00,1.727396E-01,0.000000E+00,2.465561E+03,0.000000E+00,1.738140E-01
02:30:00,2.351691E+01,5.608622E+02,2.077574E-03,3.953545E-02,0.000000E+00,7.537287E+02,0.000000E+00,5.313723E-02,0.000000E+00,1.415389E+02,0.000000E+00,9.977114E-03,0.000000E+00,1.446773E+01,0.000000E+00,1.019805E-03,0.000000E+00,2.112172E+03,0.000000E+00,1.489048E-01,0.000000E+00,2.089040E+03,0.000000E+00,1.472739E-01,0.000000E+00,2.452800E+03,0.000000E+00,1.729137E-01,0.000000E+00,2.439250E+03,0.000000E+00,1.719591E-01,0.000000E+00,2.103224E+03,0.000000E+00,1.482740E-01,0.000000E+00,2.219114E+03,0.000000E+00,1.564421E-01,0.000000E+00,2.411374E+03,0.000000E+00,1.699932E-01,0.000000E+00,2.429564E+03,0.000000E+00,1.712762E-01
02:40:00,1.729690E+01,5.424792E+02,1.528075E-03,3.823960E-02,0.000000E+00,7.382146E+02,0.000000E+00,5.204351E-02,0.000000E+00,1.201321E+02,0.000000E+00,8.468115E-03,0.000000E+00,7.513269E+00,0.000000E+00,5.295964E-04,0.000000E+00,2.085362E+03,0.000000E+00,1.470146E-01,0.000000E+00,2.058352E+03,0.000000E+00,1.451104E-01,0.000000E+00,2.414045E+03,0.000000E+00,1.701814E-01,0.000000E+00,2.404549E+03,0.000000E+00,1.695127E-01,0.000000E+00,2.075690E+03,0.000000E+00,1.463327E-01,0.000000E+00,2.187903E+03,0.000000E+00,1.542417E-01,0.000000E+00,2.373315E+03,0.000000E+00,1.673101E-01,0.000000E+00,2.394414E+03,0.000000E+00,1.687981E-01
02:50:00,9.408715E+00,5.246125E+02,8.312025E-04,3.698014E-02,0.000000E+00,7.231714E+02,0.000000E+00,5.098300E-02,0.000000E+00,9.928485E+01,0.000000E+00,6.998567E-03,0.000000E+00,2.749603E+00,0.000000E+00,1.938141E-04,0.000000E+00,2.059100E+03,0.000000E+00,1.451631E-01,0.000000E+00,2.028319E+03,0.000000E+00,1.429929E-01,0.000000E+00,2.376112E+03,0.000000E+00,1.675071E-01,0.000000E+00,2.370555E+03,0.000000E+00,1.671160E-01,0.000000E+00,2.048797E+03,0.000000E+00,1.444366E-01,0.000000E+00,2.157374E+03,0.000000E+00,1.520893E-01,0.000000E+00,2.336109E+03,0.000000E+00,1.646870E-01,0.000000E+00,2.360057E+03,0.000000E+00,1.663759E-01
03:00:00,0.000000E+00,5.071958E+02,0.000000E+00,3.575241E-02,0.000000E+00,7.085620E+02,0.000000E+00,4.995306E-02,0.000000E+00,7.893148E+01,0.000000E+00,5.563833E-03,0.000000E+00,0.000000E+00,0.000000E+00,0.000000E+00,0.000000E+00,2.033336E+03,0.000000E+00,1.433466E-01,0.000000E+00,1.998888E+03,0.000000E+00,1.409180E-01,0.000000E+00,2.338947E+03,0.000000E+00,1.648870E-01,0.000000E+00,2.337209E+03,0.000000E+00,1.647652E-01,0.000000E+00,2.022484E+03,0.000000E+00,1.425815E-01,0.000000E+00,2.127475E+03,0.000000E+00,1.499814E-01,0.000000E+00,2.299697E+03,0.000000E+00,1.621200E-01,0.000000E+00,2.326429E+03,0.000000E+00,1.640052E-01
03:10:00,0.000000E+00,4.944162E+02,0.000000E+00,3.485155E-02,0.000000E+00,6.983237E+02,0.000000E+00,4.923129E-02,0.000000E+00,6.369075E+01,0.000000E+00,4.489503E-03,0.000000E+00,0.000000E+00,0.000000E+00,0.000000E+00,0.000000E+00,2.011986E+03,0.000000E+00,1.418413E-01,0.000000E+00,1.974108E+03,0.000000E+00,1.391710E-01,0.000000E+00,2.306820E+03,0.000000E+00,1.626220E-01,0.000000E+00,2.308840E+03,0.000000E+00,1.627651E-01,0.000000E+00,2.000993E+03,0.000000E+00,1.410663E-01,0.000000E+00,2.102710E+03,0.000000E+00,1.482354E-01,0.000000E+00,2.268754E+03,0.000000E+00,1.599385E-01,0.000000E+00,2.298253E+03,0.000000E+00,1.620187E-01
03:20:00,0.000000E+00,4.822580E+02,0.000000E+00,3.399450E-02,0.000000E+00,6.887793E+02,0.000000E+00,4.855847E-02,0.000000E+00,4.910978E+01,0.000000E+00,3.461698E-03,0.000000E+00,0.000000E+00,0.000000E+00,0.000000E+00,0.000000E+00,1.991328E+03,0.000000E+00,1.403849E-01,0.000000E+00,1.950335E+03,0.000000E+00,1.374949E-01,0.000000E+00,2.275669E+03,0.000000E+00,1.604260E-01,0.000000E+00,2.281322E+03,0.000000E+00,1.608251E-01,0.000000E+00,1.980200E+03,0.000000E+00,1.396004E-01,0.000000E+00,2.078693E+03,0.000000E+00,1.465422E-01,0.000000E+00,2.238722E+03,0.000000E+00,1.578213E-01,0.000000E+00,2.270919E+03,0.000000E+00,1.600917E-01
03:30:00,0.000000E+00,4.705548E+02,0.000000E+00,3.316952E-02,0.000000E+00,6.796194E+02,0.000000E+00,4.791276E-02,0.000000E+00,3.533932E+01,0.000000E+00,2.491029E-03,0.000000E+00,0.000000E+00,0.000000E+00,0.000000E+00,0.000000E+00,1.971230E+03,0.000000E+00,1.389679E-01,0.000000E+00,1.927201E+03,0.000000E+00,1.358640E-01,0.000000E+00,2.245334E+03,0.000000E+00,1.582873E-01,0.000000E+00,2.254496E+03,0.000000E+00,1.589339E-01,0.000000E+00,1.960000E+03,0.000000E+00,1.381762E-01,0.000000E+00,2.055309E+03,0.000000E+00,1.448936E-01,0.000000E+00,2.209471E+03,0.000000E+00,1.557592E-01,0.000000E+00,2.244306E+03,0.000000E+00,1.582156E-01
03:40:00,0.000000E+00,4.592259E+02,0.000000E+00,3.237093E-02,0.000000E+00,6.707390E+02,0.000000E+00,4.728674E-02,0.000000E+00,2.329661E+01,0.000000E+00,1.642150E-03,0.000000E+00,0.000000E+00,0.000000E+00,0.000000E+00,0.000000E+00,1.951620E+03,0.000000E+00,1.375854E-01,0.000000E+00,1.904638E+03,0.000000E+00,1.342733E-01,0.000000E+00,2.215731E+03,0.000000E+00,1.562004E-01,0.000000E+00,2.228277E+03,0.000000E+00,1.570855E-01,0.000000E+00,1.940332E+03,0.000000E+00,1.367896E-01,0.000000E+00,2.032500E+03,0.000000E+00,1.432856E-01,0.000000E+00,2.180936E+03,0.000000E+00,1.537475E-01,0.000000E+00,2.218348E+03,0.000000E+00,1.563855E-01
03:50:00,0.000000E+00,4.482197E+02,0.000000E+00,3.159509E-02,0.000000E+00,6.620793E+02,0.000000E+00,4.667625E-02,2.299411E+00,1.286033E+01,1.625120E-04,9.065078E-04,0.000000E+00,0.000000E+00,0.000000E+00,0.000000E+00,0.000000E+00,1.932455E+03,0.000000E+00,1.362342E-01,0.000000E+00,1.882595E+03,0.000000E+00,1.327193E-01,0.000000E+00,2.186810E+03,0.000000E+00,1.541615E-01,0.000000E+00,2.202613E+03,0.000000E+00,1.552762E-01,0.000000E+00,1.921150E+03,0.000000E+00,1.354373E-01,0.000000E+00,2.010222E+03,0.000000E+00,1.417150E-01,0.000000E+00,2.153070E+03,0.000000E+00,1.517830E-01,0.000000E+00,2.192996E+03,0.000000E+00,1.545982E-01
04:00:00,0.000000E+00,4.374976E+02,0.000000E+00,3.083927E-02,0.000000E+00,6.535899E+02,0.000000E+00,4.607777E-02,1.120319E+01,3.934516E+00,7.906947E-04,2.773379E-04,0.000000E+00,0.000000E+00,0.000000E+00,0.000000E+00,0.000000E+00,1.913701E+03,0.000000E+00,1.349121E-01,0.000000E+00,1.861036E+03,0.000000E+00,1.311994E-01,0.000000E+00,2.158534E+03,0.000000E+00,1.521681E-01,0.000000E+00,2.177462E+03,0.000000E+00,1.535031E-01,0.000000E+00,1.902417E+03,0.000000E+00,1.341166E-01,0.000000E+00,1.988442E+03,0.000000E+00,1.401795E-01,0.000000E+00,2.125833E+03,0.000000E+00,1.498628E-01,0.000000E+00,2.168207E+03,0.000000E+00,1.528506E-01
04:10:00,0.000000E+00,4.360568E+02,0.000000E+00,3.073770E-02,0.000000E+00,6.535257E+02,0.000000E+00,4.607323E-02,1.299961E+01,1.150629E+00,9.174384E-04,8.110538E-05,0.000000E+00,0.000000E+00,0.000000E+00,0.000000E+00,0.000000E+00,1.904081E+03,0.000000E+00,1.342338E-01,0.000000E+00,1.848676E+03,0.000000E+00,1.303280E-01,0.000000E+00,2.141563E+03,0.000000E+00,1.509717E-01,0.000000E+00,2.164233E+03,0.000000E+00,1.525704E-01,0.000000E+00,1.893201E+03,0.000000E+00,1.334668E-01,0.000000E+00,1.976404E+03,0.000000E+00,1.393308E-01,0.000000E+00,2.110332E+03,0.000000E+00,1.487700E-01,0.000000E+00,2.155825E+03,0.000000E+00,1.519777E-01
04:20:00,0.000000E+00,4.398180E+02,0.000000E+00,3.100281E-02,0.000000E+00,6.545459E+02,0.000000E+00,4.614523E-02,1.742069E+01,2.629668E+00,1.229355E-03,1.856356E-04,0.000000E+00,0.000000E+00,0.000000E+00,0.000000E+00,0.000000E+00,1.898806E+03,0.000000E+00,1.338620E-01,0.000000E+00,1.838244E+03,0.000000E+00,1.295927E-01,0.000000E+00,2.130798E+03,0.000000E+00,1.502128E-01,0.000000E+00,2.161605E+03,0.000000E+00,1.523852E-01,0.000000E+00,1.889807E+03,0.000000E+00,1.332275E-01,0.000000E+00,1.966867E+03,0.000000E+00,1.386585E-01,0.000000E+00,2.103400E+03,0.000000E+00,1.482814E-01,0.000000E+00,2.158110E+03,0.000000E+00,1.521389E-01
04:30:00,0.000000E+00,4.482935E+02,0.000000E+00,3.160024E-02,0.000000E+00,6.563493E+02,0.000000E+00,4.627245E-02,2.316821E+01,1.491653E+01,1.634859E-03,1.051712E-03,0.000000E+00,0.000000E+00,0.000000E+00,0.000000E+00,0.000000E+00,1.897726E+03,0.000000E+00,1.337859E-01,0.000000E+00,1.829141E+03,0.000000E+00,1.289510E-01,0.000000E+00,2.124984E+03,0.000000E+00,1.498030E-01,0.000000E+00,2.168981E+03,0.000000E+00,1.529054E-01,0.000000E+00,1.891412E+03,0.000000E+00,1.333408E-01,0.000000E+00,1.958784E+03,0.000000E+00,1.380887E-01,0.000000E+00,2.102397E+03,0.000000E+00,1.482108E-01,0.000000E+00,2.172520E+03,0.000000E+00,1.531549E-01
04:40:00,0.000000E+00,4.638793E+02,0.000000E+00,3.269887E-02,0.000000E+00,6.588636E+02,0.000000E+00,4.644980E-02,3.021424E+01,2.956834E+01,2.131977E-03,2.084514E-03,0.000000E+00,0.000000E+00,0.000000E+00,0.000000E+00,0.000000E+00,1.902898E+03,0.000000E+00,1.341506E-01,0.000000E+00,1.821305E+03,0.000000E+00,1.283987E-01,0.000000E+00,2.125493E+03,0.000000E+00,1.498390E-01,0.000000E+00,2.191082E+03,0.000000E+00,1.544636E-01,0.000000E+00,1.900642E+03,0.000000E+00,1.339916E-01,0.000000E+00,1.952328E+03,0.000000E+00,1.376336E-01,0.000000E+00,2.109199E+03,0.000000E+00,1.486905E-01,0.000000E+00,2.205139E+03,0.000000E+00,1.554547E-01
04:50:00,0.000000E+00,4.875905E+02,0.000000E+00,3.437026E-02,0.000000E+00,6.620905E+02,0.000000E+00,4.667739E-02,3.612100E+01,4.997226E+01,2.548438E-03,3.522792E-03,0.000000E+00,0.000000E+00,0.000000E+00,0.000000E+00,0.000000E+00,1.915377E+03,0.000000E+00,1.350305E-01,0.000000E+00,1.814744E+03,0.000000E+00,1.279362E-01,0.000000E+00,2.132060E+03,0.000000E+00,1.503021E-01,0.000000E+00,2.229604E+03,0.000000E+00,1.571796E-01,0.000000E+00,1.918573E+03,0.000000E+00,1.352559E-01,0.000000E+00,1.947516E+03,0.000000E+00,1.372945E-01,0.000000E+00,2.123349E+03,0.000000E+00,1.496881E-01,0.000000E+00,2.257509E+03,0.000000E+00,1.591471E-01
05:00:00,0.000000E+00,5.222332E+02,0.000000E+00,3.681221E-02,0.000000E+00,6.661351E+02,0.000000E+00,4.696263E-02,3.648984E+01,7.621695E+01,2.574472E-03,5.372816E-03,0.000000E+00,5.346216E+01,0.000000E+00,3.770164E-03,0.000000E+00,1.937693E+03,0.000000E+00,1.366039E-01,0.000000E+00,1.809639E+03,0.000000E+00,1.275764E-01,0.000000E+00,2.145583E+03,0.000000E+00,1.512556E-01,0.000000E+00,2.289703E+03,0.000000E+00,1.614169E-01,0.000000E+00,1.948423E+03,0.000000E+00,1.373605E-01,0.000000E+00,1.944647E+03,0.000000E+00,1.370923E-01,0.000000E+00,2.146177E+03,0.000000E+00,1.512976E-01,0.000000E+00,2.336381E+03,0.000000E+00,1.647078E-01
05:10:00,0.000000E+00,5.925179E+02,0.000000E+00,4.176657E-02,0.000000E+00,6.927959E+02,0.000000E+00,4.884234E-02,3.469342E+01,1.408095E+02,2.447728E-03,9.926112E-03,0.000000E+00,1.475881E+02,0.000000E+00,1.040593E-02,0.000000E+00,1.993508E+03,0.000000E+00,1.405390E-01,0.000000E+00,1.829633E+03,0.000000E+00,1.289860E-01,0.000000E+00,2.190942E+03,0.000000E+00,1.544535E-01,0.000000E+00,2.397974E+03,0.000000E+00,1.690502E-01,0.000000E+00,2.015248E+03,0.000000E+00,1.420719E-01,0.000000E+00,1.970070E+03,0.000000E+00,1.388846E-01,0.000000E+00,2.204162E+03,0.000000E+00,1.553857E-01,0.000000E+00,2.469365E+03,0.000000E+00,1.740836E-01
05:20:00,0.000000E+00,6.694712E+02,0.000000E+00,4.719099E-02,0.000000E+00,7.214121E+02,0.000000E+00,5.086026E-02,3.027234E+01,2.055635E+02,2.135812E-03,1.449104E-02,0.000000E+00,2.632931E+02,0.000000E+00,1.856396E-02,0.000000E+00,2.056704E+03,0.000000E+00,1.449949E-01,0.000000E+00,1.852742E+03,0.000000E+00,1.306154E-01,0.000000E+00,2.236326E+03,0.000000E+00,1.576533E-01,0.000000E+00,2.516515E+03,0.000000E+00,1.774081E-01,0.000000E+00,2.089058E+03,0.000000E+00,1.472760E-01,0.000000E+00,1.996975E+03,0.000000E+00,1.407816E-01,0.000000E+00,2.260130E+03,0.000000E+00,1.593318E-01,0.000000E+00,2.610858E+03,0.000000E+00,1.840598E-01
05:30:00,0.000000E+00,7.529486E+02,0.000000E+00,5.307530E-02,0.000000E+00,7.512637E+02,0.000000E+00,5.296529E-02,2.452481E+01,2.622869E+02,1.730308E-03,1.849024E-02,0.000000E+00,3.956008E+02,0.000000E+00,2.789316E-02,0.000000E+00,2.127119E+03,0.000000E+00,1.499596E-01,0.000000E+00,1.877672E+03,0.000000E+00,1.323733E-01,0.000000E+00,2.281333E+03,0.000000E+00,1.608266E-01,0.000000E+00,2.644903E+03,0.000000E+00,1.864602E-01,0.000000E+00,2.170708E+03,0.000000E+00,1.530330E-01,0.000000E+00,2.026055E+03,0.000000E+00,1.428321E-01,0.000000E+00,2.315333E+03,0.000000E+00,1.632239E-01,0.000000E+00,2.762804E+03,0.000000E+00,1.947728E-01
05:40:00,0.000000E+00,8.403232E+02,0.000000E+00,5.923432E-02,0.000000E+00,7.821245E+02,0.000000E+00,5.514144E-02,1.747879E+01,3.169885E+02,1.233189E-03,2.234691E-02,0.000000E+00,5.431644E+02,0.000000E+00,3.829845E-02,0.000000E+00,2.202655E+03,0.000000E+00,1.552855E-01,0.000000E+00,1.904293E+03,0.000000E+00,1.342505E-01,0.000000E+00,2.323542E+03,0.000000E+00,1.638027E-01,0.000000E+00,2.777791E+03,0.000000E+00,1.958295E-01,0.000000E+00,2.257677E+03,0.000000E+00,1.591649E-01,0.000000E+00,2.057054E+03,0.000000E+00,1.450177E-01,0.000000E+00,2.366974E+03,0.000000E+00,1.668648E-01,0.000000E+00,2.918623E+03,0.000000E+00,2.057589E-01
05:50:00,0.000000E+00,9.303903E+02,0.000000E+00,6.558313E-02,0.000000E+00,8.139117E+02,0.000000E+00,5.738288E-02,9.272622E+00,3.656971E+02,6.542167E-04,2.578113E-02,0.000000E+00,7.051654E+02,0.000000E+00,4.972208E-02,0.000000E+00,2.282275E+03,0.000000E+00,1.608992E-01,0.000000E+00,1.932490E+03,0.000000E+00,1.362386E-01,0.000000E+00,2.362568E+03,0.000000E+00,1.665542E-01,0.000000E+00,2.913047E+03,0.000000E+00,2.053657E-01,0.000000E+00,2.348939E+03,0.000000E+00,1.655994E-01,0.000000E+00,2.089938E+03,0.000000E+00,1.473364E-01,0.000000E+00,2.414898E+03,0.000000E+00,1.702437E-01,0.000000E+00,3.076308E+03,0.000000E+00,2.168764E-01
06:00:00,0.000000E+00,1.020118E+03,0.000000E+00,7.190805E-02,0.000000E+00,8.464815E+02,0.000000E+00,5.967945E-02,0.000000E+00,4.080114E+02,0.000000E+00,2.876456E-02,0.000000E+00,8.274514E+02,0.000000E+00,5.834516E-02,0.000000E+00,2.363431E+03,0.000000E+00,1.666213E-01,0.000000E+00,1.962038E+03,0.000000E+00,1.383221E-01,0.000000E+00,2.397153E+03,0.000000E+00,1.689926E-01,0.000000E+00,3.045152E+03,0.000000E+00,2.146796E-01,0.000000E+00,2.441244E+03,0.000000E+00,1.721075E-01,0.000000E+00,2.124408E+03,0.000000E+00,1.497668E-01,0.000000E+00,2.457438E+03,0.000000E+00,1.732430E-01,0.000000E+00,3.228666E+03,0.000000E+00,2.276182E-01
06:10:00,0.000000E+00,1.128496E+03,0.000000E+00,7.954757E-02,0.000000E+00,8.971846E+02,0.000000E+00,6.325453E-02,0.000000E+00,4.657296E+02,0.000000E+00,3.283422E-02,0.000000E+00,9.774972E+02,0.000000E+00,6.892785E-02,0.000000E+00,2.463201E+03,0.000000E+00,1.736555E-01,0.000000E+00,2.011114E+03,0.000000E+00,1.417824E-01,0.000000E+00,2.446238E+03,0.000000E+00,1.724533E-01,0.000000E+00,3.191436E+03,0.000000E+00,2.249931E-01,0.000000E+00,2.553995E+03,0.000000E+00,1.800569E-01,0.000000E+00,2.181802E+03,0.000000E+00,1.538134E-01,0.000000E+00,2.516723E+03,0.000000E+00,1.774227E-01,0.000000E+00,3.396515E+03,0.000000E+00,2.394520E-01
06:20:00,0.000000E+00,1.239599E+03,0.000000E+00,8.737918E-02,0.000000E+00,9.529510E+02,0.000000E+00,6.718697E-02,0.000000E+00,5.244142E+02,0.000000E+00,3.697273E-02,0.000000E+00,1.123377E+03,0.000000E+00,7.921855E-02,0.000000E+00,2.566962E+03,0.000000E+00,1.809714E-01,0.000000E+00,2.065191E+03,0.000000E+00,1.455954E-01,0.000000E+00,2.497075E+03,0.000000E+00,1.760376E-01,0.000000E+00,3.340657E+03,0.000000E+00,2.355137E-01,0.000000E+00,2.670798E+03,0.000000E+00,1.882923E-01,0.000000E+00,2.242773E+03,0.000000E+00,1.581124E-01,0.000000E+00,2.577908E+03,0.000000E+00,1.817365E-01,0.000000E+00,3.567476E+03,0.000000E+00,2.515051E-01
06:30:00,0.000000E+00,1.351652E+03,0.000000E+00,9.527784E-02,0.000000E+00,1.010370E+03,0.000000E+00,7.123593E-02,0.000000E+00,5.837391E+02,0.000000E+00,4.115641E-02,0.000000E+00,1.267975E+03,0.000000E+00,8.941855E-02,0.000000E+00,2.673239E+03,0.000000E+00,1.884648E-01,0.000000E+00,2.121757E+03,0.000000E+00,1.495840E-01,0.000000E+00,2.549222E+03,0.000000E+00,1.797143E-01,0.000000E+00,3.491433E+03,0.000000E+00,2.461439E-01,0.000000E+00,2.790002E+03,0.000000E+00,1.966970E-01,0.000000E+00,2.306147E+03,0.000000E+00,1.625809E-01,0.000000E+00,2.640412E+03,0.000000E+00,1.861434E-01,0.000000E+00,3.739615E+03,0.000000E+00,2.636414E-01
06:40:00,0.000000E+00,1.463896E+03,0.000000E+00,1.031899E-01,0.000000E+00,1.069132E+03,0.000000E+00,7.537960E-02,0.000000E+00,6.442639E+02,0.000000E+00,4.542462E-02,0.000000E+00,1.411300E+03,0.000000E+00,9.952818E-02,0.000000E+00,2.781284E+03,0.000000E+00,1.960829E-01,0.000000E+00,2.180382E+03,0.000000E+00,1.537178E-01,0.000000E+00,2.603141E+03,0.000000E+00,1.835161E-01,0.000000E+00,3.643472E+03,0.000000E+00,2.568632E-01,0.000000E+00,2.910870E+03,0.000000E+00,2.052192E-01,0.000000E+00,2.371644E+03,0.000000E+00,1.671991E-01,0.000000E+00,2.704897E+03,0.000000E+00,1.906901E-01,0.000000E+00,3.912688E+03,0.000000E+00,2.758436E-01
06:50:00,0.000000E+00,1.575660E+03,0.000000E+00,1.110681E-01,0.000000E+00,1.129025E+03,0.000000E+00,7.960290E-02,0.000000E+00,7.064875E+02,0.000000E+00,4.981253E-02,0.000000E+00,1.553264E+03,0.000000E+00,1.095411E-01,0.000000E+00,2.890435E+03,0.000000E+00,2.037790E-01,0.000000E+00,2.240824E+03,0.000000E+00,1.579798E-01,0.000000E+00,2.659207E+03,0.000000E+00,1.874692E-01,0.000000E+00,3.796399E+03,0.000000E+00,2.676452E-01,0.000000E+00,3.032659E+03,0.000000E+00,2.138063E-01,0.000000E+00,2.439057E+03,0.000000E+00,1.719525E-01,0.000000E+00,2.771820E+03,0.000000E+00,1.954087E-01,0.000000E+00,4.086253E+03,0.000000E+00,2.880804E-01
07:00:00,0.000000E+00,1.686592E+03,0.000000E+00,1.188877E-01,0.000000E+00,1.189928E+03,0.000000E+00,8.389741E-02,0.000000E+00,7.709843E+02,0.000000E+00,5.436065E-02,0.000000E+00,1.693982E+03,0.000000E+00,1.194654E-01,0.000000E+00,3.000286E+03,0.000000E+00,2.115246E-01,0.000000E+00,2.302933E+03,0.000000E+00,1.623593E-01,0.000000E+00,2.717716E+03,0.000000E+00,1.915946E-01,0.000000E+00,3.950070E+03,0.000000E+00,2.784796E-01,0.000000E+00,3.154950E+03,0.000000E+00,2.224290E-01,0.000000E+00,2.508230E+03,0.000000E+00,1.768300E-01,0.000000E+00,2.841652E+03,0.000000E+00,2.003324E-01,0.000000E+00,4.260220E+03,0.000000E+00,3.003457E-01
07:10:00,0.000000E+00,1.790560E+03,0.000000E+00,1.262165E-01,0.000000E+00,1.247800E+03,0.000000E+00,8.797820E-02,0.000000E+00,8.296699E+02,0.000000E+00,5.849939E-02,0.000000E+00,1.823143E+03,0.000000E+00,1.285739E-01,0.000000E+00,3.104701E+03,0.000000E+00,2.188870E-01,0.000000E+00,2.361384E+03,0.000000E+00,1.664809E-01,0.000000E+00,2.770668E+03,0.000000E+00,1.953284E-01,0.000000E+00,4.094100E+03,0.000000E+00,2.886344E-01,0.000000E+00,3.271494E+03,0.000000E+00,2.306465E-01,0.000000E+00,2.573379E+03,0.000000E+00,1.814239E-01,0.000000E+00,2.906329E+03,0.000000E+00,2.048928E-01,0.000000E+00,4.424034E+03,0.000000E+00,3.118953E-01
07:20:00,0.000000E+00,1.892196E+03,0.000000E+00,1.333808E-01,0.000000E+00,1.306023E+03,0.000000E+00,9.208377E-02,0.000000E+00,8.897311E+02,0.000000E+00,6.273506E-02,0.000000E+00,1.948914E+03,0.000000E+00,1.374417E-01,0.000000E+00,3.208388E+03,0.000000E+00,2.261981E-01,0.000000E+00,2.420946E+03,0.000000E+00,1.706810E-01,0.000000E+00,2.825141E+03,0.000000E+00,1.991694E-01,0.000000E+00,4.236229E+03,0.000000E+00,2.986552E-01,0.000000E+00,3.386808E+03,0.000000E+00,2.387774E-01,0.000000E+00,2.639467E+03,0.000000E+00,1.860840E-01,0.000000E+00,2.972625E+03,0.000000E+00,2.095674E-01,0.000000E+00,4.584951E+03,0.000000E+00,3.232405E-01
07:30:00,0.000000E+00,1.991765E+03,0.000000E+00,1.403994E-01,0.000000E+00,1.364937E+03,0.000000E+00,9.623796E-02,0.000000E+00,9.513946E+02,0.000000E+00,6.708363E-02,0.000000E+00,2.071060E+03,0.000000E+00,1.460529E-01,0.000000E+00,3.311386E+03,0.000000E+00,2.334606E-01,0.000000E+00,2.481816E+03,0.000000E+00,1.749733E-01,0.000000E+00,2.881522E+03,0.000000E+00,2.031450E-01,0.000000E+00,4.376319E+03,0.000000E+00,3.085321E-01,0.000000E+00,3.501114E+03,0.000000E+00,2.468371E-01,0.000000E+00,2.707001E+03,0.000000E+00,1.908461E-01,0.000000E+00,3.041240E+03,0.000000E+00,2.144054E-01,0.000000E+00,4.743261E+03,0.000000E+00,3.344020E-01
07:40:00,0.000000E+00,2.089049E+03,0.000000E+00,1.472571E-01,0.000000E+00,1.424604E+03,0.000000E+00,1.004452E-01,0.000000E+00,1.014429E+03,0.000000E+00,7.152876E-02,0.000000E+00,2.189025E+03,0.000000E+00,1.543685E-01,0.000000E+00,3.413429E+03,0.000000E+00,2.406557E-01,0.000000E+00,2.544070E+03,0.000000E+00,1.793631E-01,0.000000E+00,2.939533E+03,0.000000E+00,2.072354E-01,0.000000E+00,4.513528E+03,0.000000E+00,3.182060E-01,0.000000E+00,3.614088E+03,0.000000E+00,2.548029E-01,0.000000E+00,2.775917E+03,0.000000E+00,1.957055E-01,0.000000E+00,3.111793E+03,0.000000E+00,2.193802E-01,0.000000E+00,4.898007E+03,0.000000E+00,3.453122E-01
07:50:00,0.000000E+00,2.183979E+03,0.000000E+00,1.539487E-01,0.000000E+00,1.484953E+03,0.000000E+00,1.047006E-01,0.000000E+00,1.078565E+03,0.000000E+00,7.605140E-02,0.000000E+00,2.302450E+03,0.000000E+00,1.623634E-01,0.000000E+00,3.514353E+03,0.000000E+00,2.477720E-01,0.000000E+00,2.607647E+03,0.000000E+00,1.838461E-01,0.000000E+00,2.999008E+03,0.000000E+00,2.114290E-01,0.000000E+00,4.647367E+03,0.000000E+00,3.276422E-01,0.000000E+00,3.725573E+03,0.000000E+00,2.626638E-01,0.000000E+00,2.846143E+03,0.000000E+00,2.006574E-01,0.000000E+00,3.184063E+03,0.000000E+00,2.244759E-01,0.000000E+00,5.048726E+03,0.000000E+00,3.559384E-01
08:00:00,0.000000E+00,2.276690E+03,0.000000E+00,1.604840E-01,0.000000E+00,1.546346E+03,0.000000E+00,1.090295E-01,0.000000E+00,1.143846E+03,0.000000E+00,8.065462E-02,0.000000E+00,2.411660E+03,0.000000E+00,1.700607E-01,0.000000E+00,3.614167E+03,0.000000E+00,2.548100E-01,0.000000E+00,2.672933E+03,0.000000E+00,1.884496E-01,0.000000E+00,3.060146E+03,0.000000E+00,2.157399E-01,0.000000E+00,4.777919E+03,0.000000E+00,3.368467E-01,0.000000E+00,3.835567E+03,0.000000E+00,2.704196E-01,0.000000E+00,2.918070E+03,0.000000E+00,2.057290E-01,0.000000E+00,3.258200E+03,0.000000E+00,2.297033E-01,0.000000E+00,5.195548E+03,0.000000E+00,3.662899E-01
08:10:00,0.000000E+00,2.313423E+03,0.000000E+00,1.630734E-01,0.000000E+00,1.558428E+03,0.000000E+00,1.098816E-01,0.000000E+00,1.146860E+03,0.000000E+00,8.086742E-02,0.000000E+00,2.449395E+03,0.000000E+00,1.727177E-01,0.000000E+00,3.661964E+03,0.000000E+00,2.581807E-01,0.000000E+00,2.688211E+03,0.000000E+00,1.895274E-01,0.000000E+00,3.063443E+03,0.000000E+00,2.159731E-01,0.000000E+00,4.841665E+03,0.000000E+00,3.413413E-01,0.000000E+00,3.889638E+03,0.000000E+00,2.742326E-01,0.000000E+00,2.934702E+03,0.000000E+00,2.069024E-01,0.000000E+00,3.270127E+03,0.000000E+00,2.305448E-01,0.000000E+00,5.270502E+03,0.000000E+00,3.715747E-01
08:20:00,0.000000E+00,2.344978E+03,0.000000E+00,1.652978E-01,0.000000E+00,1.566745E+03,0.000000E+00,1.104674E-01,0.000000E+00,1.147982E+03,0.000000E+00,8.094518E-02,0.000000E+00,2.480109E+03,0.000000E+00,1.748779E-01,0.000000E+00,3.705517E+03,0.000000E+00,2.612515E-01,0.000000E+00,2.699973E+03,0.000000E+00,1.903567E-01,0.000000E+00,3.064910E+03,0.000000E+00,2.160765E-01,0.000000E+00,4.898732E+03,0.000000E+00,3.453643E-01,0.000000E+00,3.939608E+03,0.000000E+00,2.777559E-01,0.000000E+00,2.950726E+03,0.000000E+00,2.080322E-01,0.000000E+00,3.281044E+03,0.000000E+00,2.313145E-01,0.000000E+00,5.338800E+03,0.000000E+00,3.763895E-01
08:30:00,0.000000E+00,2.372584E+03,0.000000E+00,1.672438E-01,0.000000E+00,1.574898E+03,0.000000E+00,1.110414E-01,0.000000E+00,1.148181E+03,0.000000E+00,8.095781E-02,0.000000E+00,2.505059E+03,0.000000E+00,1.766318E-01,0.000000E+00,3.745767E+03,0.000000E+00,2.640891E-01,0.000000E+00,2.711796E+03,0.000000E+00,1.911900E-01,0.000000E+00,3.065948E+03,0.000000E+00,2.161495E-01,0.000000E+00,4.950526E+03,0.000000E+00,3.490151E-01,0.000000E+00,3.986011E+03,0.000000E+00,2.810271E-01,0.000000E+00,2.966901E+03,0.000000E+00,2.091724E-01,0.000000E+00,3.291935E+03,0.000000E+00,2.320820E-01,0.000000E+00,5.401407E+03,0.000000E+00,3.808026E-01
08:40:00,0.000000E+00,2.396637E+03,0.000000E+00,1.689393E-01,0.000000E+00,1.583290E+03,0.000000E+00,1.116323E-01,0.000000E+00,1.148382E+03,0.000000E+00,8.097060E-02,0.000000E+00,2.525162E+03,0.000000E+00,1.780445E-01,0.000000E+00,3.783017E+03,0.000000E+00,2.667148E-01,0.000000E+00,2.724052E+03,0.000000E+00,1.920538E-01,0.000000E+00,3.067230E+03,0.000000E+00,2.162395E-01,0.000000E+00,4.997679E+03,0.000000E+00,3.523385E-01,0.000000E+00,4.028971E+03,0.000000E+00,2.840554E-01,0.000000E+00,2.983483E+03,0.000000E+00,2.103411E-01,0.000000E+00,3.303245E+03,0.000000E+00,2.328790E-01,0.000000E+00,5.458731E+03,0.000000E+00,3.848429E-01
08:50:00,0.000000E+00,2.417264E+03,0.000000E+00,1.703934E-01,0.000000E+00,1.592153E+03,0.000000E+00,1.122565E-01,0.000000E+00,1.148839E+03,0.000000E+00,8.100150E-02,0.000000E+00,2.540600E+03,0.000000E+00,1.791287E-01,0.000000E+00,3.817315E+03,0.000000E+00,2.691321E-01,0.000000E+00,2.736984E+03,0.000000E+00,1.929650E-01,0.000000E+00,3.069027E+03,0.000000E+00,2.163658E-01,0.000000E+00,5.040297E+03,0.000000E+00,3.553418E-01,0.000000E+00,4.068480E+03,0.000000E+00,2.868400E-01,0.000000E+00,3.000594E+03,0.000000E+00,2.115470E-01,0.000000E+00,3.315160E+03,0.000000E+00,2.337185E-01,0.000000E+00,5.510776E+03,0.000000E+00,3.885107E-01
09:00:00,0.000000E+00,2.434061E+03,0.000000E+00,1.715774E-01,0.000000E+00,1.601163E+03,0.000000E+00,1.128911E-01,0.000000E+00,1.149158E+03,0.000000E+00,8.102281E-02,0.000000E+00,2.549905E+03,0.000000E+00,1.797809E-01,0.000000E+00,3.848265E+03,0.000000E+00,2.713132E-01,0.000000E+00,2.750250E+03,0.000000E+00,1.938997E-01,0.000000E+00,3.071043E+03,0.000000E+00,2.165074E-01,0.000000E+00,5.077126E+03,0.000000E+00,3.579368E-01,0.000000E+00,4.104073E+03,0.000000E+00,2.893484E-01,0.000000E+00,3.017840E+03,0.000000E+00,2.127623E-01,0.000000E+00,3.327212E+03,0.000000E+00,2.345676E-01,0.000000E+00,5.556460E+03,0.000000E+00,3.917298E-01
09:10:00,0.000000E+00,2.457697E+03,0.000000E+00,1.732436E-01,0.000000E+00,1.620826E+03,0.000000E+00,1.142768E-01,0.000000E+00,1.165113E+03,0.000000E+00,8.214672E-02,0.000000E+00,2.571865E+03,0.000000E+00,1.813260E-01,0.000000E+00,3.886436E+03,0.000000E+00,2.740033E-01,0.000000E+00,2.774347E+03,0.000000E+00,1.955979E-01,0.000000E+00,3.088858E+03,0.000000E+00,2.177628E-01,0.000000E+00,5.126598E+03,0.000000E+00,3.614231E-01,0.000000E+00,4.146374E+03,0.000000E+00,2.923296E-01,0.000000E+00,3.045907E+03,0.000000E+00,2.147405E-01,0.000000E+00,3.355071E+03,0.000000E+00,2.365310E-01,0.000000E+00,5.614465E+03,0.000000E+00,3.958174E-01
09:20:00,0.000000E+00,2.476826E+03,0.000000E+00,1.745920E-01,0.000000E+00,1.640200E+03,0.000000E+00,1.156424E-01,0.000000E+00,1.180556E+03,0.000000E+00,8.323485E-02,0.000000E+00,2.586366E+03,0.000000E+00,1.823459E-01,0.000000E+00,3.920515E+03,0.000000E+00,2.764051E-01,0.000000E+00,2.798354E+03,0.000000E+00,1.972900E-01,0.000000E+00,3.106624E+03,0.000000E+00,2.190148E-01,0.000000E+00,5.168732E+03,0.000000E+00,3.643921E-01,0.000000E+00,4.183923E+03,0.000000E+00,2.949759E-01,0.000000E+00,3.073693E+03,0.000000E+00,2.166990E-01,0.000000E+00,3.382630E+03,0.000000E+00,2.384734E-01,0.000000E+00,5.664518E+03,0.000000E+00,3.993446E-01
09:30:00,0.000000E+00,2.491060E+03,0.000000E+00,1.755954E-01,0.000000E+00,1.659156E+03,0.000000E+00,1.169785E-01,0.000000E+00,1.195581E+03,0.000000E+00,8.429359E-02,0.000000E+00,2.592850E+03,0.000000E+00,1.828009E-01,0.000000E+00,3.950067E+03,0.000000E+00,2.784878E-01,0.000000E+00,2.822116E+03,0.000000E+00,1.989647E-01,0.000000E+00,3.124248E+03,0.000000E+00,2.202570E-01,0.000000E+00,5.202695E+03,0.000000E+00,3.667853E-01,0.000000E+00,4.216273E+03,0.000000E+00,2.972558E-01,0.000000E+00,3.101132E+03,0.000000E+00,2.186331E-01,0.000000E+00,3.409814E+03,0.000000E+00,2.403894E-01,0.000000E+00,5.705809E+03,0.000000E+00,4.022542E-01
09:40:00,0.000000E+00,2.499984E+03,0.000000E+00,1.762245E-01,0.000000E+00,1.677636E+03,0.000000E+00,1.182811E-01,0.000000E+00,1.210062E+03,0.000000E+00,8.531396E-02,0.000000E+00,2.590646E+03,0.000000E+00,1.826436E-01,0.000000E+00,3.974619E+03,0.000000E+00,2.802182E-01,0.000000E+00,2.845571E+03,0.000000E+00,2.006180E-01,0.000000E+00,3.141657E+03,0.000000E+00,2.214839E-01,0.000000E+00,5.227634E+03,0.000000E+00,3.685423E-01,0.000000E+00,4.242927E+03,0.000000E+00,2.991344E-01,0.000000E+00,3.128172E+03,0.000000E+00,2.205391E-01,0.000000E+00,3.436556E+03,0.000000E+00,2.422743E-01,0.000000E+00,5.737457E+03,0.000000E+00,4.044841E-01
09:50:00,0.000000E+00,2.502424E+03,0.000000E+00,1.763965E-01,0.000000E+00,1.696017E+03,0.000000E+00,1.195767E-01,0.000000E+00,1.225330E+03,0.000000E+00,8.638984E-02,0.000000E+00,2.578521E+03,0.000000E+00,1.817872E-01,0.000000E+00,3.993077E+03,0.000000E+00,2.815190E-01,0.000000E+00,2.869173E+03,0.000000E+00,2.022816E-01,0.000000E+00,3.159948E+03,0.000000E+00,2.227731E-01,0.000000E+00,5.242141E+03,0.000000E+00,3.695641E-01,0.000000E+00,4.262541E+03,0.000000E+00,3.005167E-01,0.000000E+00,3.155497E+03,0.000000E+00,2.224652E-01,0.000000E+00,3.464453E+03,0.000000E+00,2.442406E-01,0.000000E+00,5.757710E+03,0.000000E+00,4.059109E-01
10:00:00,0.000000E+00,2.498617E+03,0.000000E+00,1.761281E-01,0.000000E+00,1.714000E+03,0.000000E+00,1.208443E-01,0.000000E+00,1.240261E+03,0.000000E+00,8.744197E-02,0.000000E+00,2.557065E+03,0.000000E+00,1.802730E-01,0.000000E+00,4.005451E+03,0.000000E+00,2.823910E-01,0.000000E+00,2.892554E+03,0.000000E+00,2.039298E-01,0.000000E+00,3.178195E+03,0.000000E+00,2.240592E-01,0.000000E+00,5.246304E+03,0.000000E+00,3.698568E-01,0.000000E+00,4.275353E+03,0.000000E+00,3.014195E-01,0.000000E+00,3.182416E+03,0.000000E+00,2.243628E-01,0.000000E+00,3.492037E+03,0.000000E+00,2.461850E-01,0.000000E+00,5.766503E+03,0.000000E+00,4.065299E-01
10:10:00,0.000000E+00,2.496577E+03,0.000000E+00,1.759843E-01,0.000000E+00,1.739564E+03,0.000000E+00,1.226464E-01,0.000000E+00,1.265383E+03,0.000000E+00,8.921270E-02,0.000000E+00,2.538182E+03,0.000000E+00,1.789405E-01,0.000000E+00,4.019355E+03,0.000000E+00,2.833708E-01,0.000000E+00,2.923720E+03,0.000000E+00,2.061268E-01,0.000000E+00,3.206490E+03,0.000000E+00,2.260538E-01,0.000000E+00,5.251357E+03,0.000000E+00,3.702122E-01,0.000000E+00,4.289320E+03,0.000000E+00,3.024037E-01,0.000000E+00,3.217499E+03,0.000000E+00,2.268359E-01,0.000000E+00,3.529928E+03,0.000000E+00,2.488560E-01,0.000000E+00,5.775369E+03,0.000000E+00,4.071541E-01
10:20:00,0.000000E+00,2.488110E+03,0.000000E+00,1.753875E-01,0.000000E+00,1.765109E+03,0.000000E+00,1.244473E-01,0.000000E+00,1.290347E+03,0.000000E+00,9.097242E-02,0.000000E+00,2.509953E+03,0.000000E+00,1.769493E-01,0.000000E+00,4.026833E+03,0.000000E+00,2.838977E-01,0.000000E+00,2.955041E+03,0.000000E+00,2.083348E-01,0.000000E+00,3.234902E+03,0.000000E+00,2.280566E-01,0.000000E+00,5.245645E+03,0.000000E+00,3.698089E-01,0.000000E+00,4.296035E+03,0.000000E+00,3.028768E-01,0.000000E+00,3.252337E+03,0.000000E+00,2.292920E-01,0.000000E+00,3.567605E+03,0.000000E+00,2.515120E-01,0.000000E+00,5.771867E+03,0.000000E+00,4.069066E-01
10:30:00,0.000000E+00,2.473044E+03,0.000000E+00,1.743255E-01,0.000000E+00,1.790180E+03,0.000000E+00,1.262148E-01,0.000000E+00,1.314949E+03,0.000000E+00,9.270660E-02,0.000000E+00,2.472360E+03,0.000000E+00,1.742982E-01,0.000000E+00,4.027634E+03,0.000000E+00,2.839540E-01,0.000000E+00,2.986038E+03,0.000000E+00,2.105200E-01,0.000000E+00,3.263207E+03,0.000000E+00,2.300521E-01,0.000000E+00,5.228972E+03,0.000000E+00,3.686330E-01,0.000000E+00,4.295307E+03,0.000000E+00,3.028252E-01,0.000000E+00,3.286811E+03,0.000000E+00,2.317224E-01,0.000000E+00,3.604886E+03,0.000000E+00,2.541402E-01,0.000000E+00,5.755723E+03,0.000000E+00,4.057679E-01
10:40:00,0.000000E+00,2.451566E+03,0.000000E+00,1.728115E-01,0.000000E+00,1.814696E+03,0.000000E+00,1.279432E-01,0.000000E+00,1.339102E+03,0.000000E+00,9.440918E-02,0.000000E+00,2.425903E+03,0.000000E+00,1.710223E-01,0.000000E+00,4.021824E+03,0.000000E+00,2.835443E-01,0.000000E+00,3.016608E+03,0.000000E+00,2.126753E-01,0.000000E+00,3.291288E+03,0.000000E+00,2.320317E-01,0.000000E+00,5.201653E+03,0.000000E+00,3.667066E-01,0.000000E+00,4.287274E+03,0.000000E+00,3.022587E-01,0.000000E+00,3.320893E+03,0.000000E+00,2.341252E-01,0.000000E+00,3.641673E+03,0.000000E+00,2.567336E-01,0.000000E+00,5.727211E+03,0.000000E+00,4.037574E-01
10:50:00,0.000000E+00,2.424972E+03,0.000000E+00,1.709369E-01,0.000000E+00,1.838185E+03,0.000000E+00,1.295993E-01,0.000000E+00,1.361422E+03,0.000000E+00,9.598251E-02,0.000000E+00,2.372285E+03,0.000000E+00,1.672417E-01,0.000000E+00,4.010404E+03,0.000000E+00,2.827391E-01,0.000000E+00,3.046172E+03,0.000000E+00,2.147596E-01,0.000000E+00,3.317930E+03,0.000000E+00,2.339100E-01,0.000000E+00,5.165170E+03,0.000000E+00,3.641344E-01,0.000000E+00,4.273246E+03,0.000000E+00,3.012698E-01,0.000000E+00,3.353872E+03,0.000000E+00,2.364504E-01,0.000000E+00,3.676256E+03,0.000000E+00,2.591717E-01,0.000000E+00,5.688094E+03,0.000000E+00,4.009995E-01
11:00:00,0.000000E+00,2.393539E+03,0.000000E+00,1.687212E-01,0.000000E+00,1.860875E+03,0.000000E+00,1.311989E-01,0.000000E+00,1.382988E+03,0.000000E+00,9.750271E-02,0.000000E+00,2.312516E+03,0.000000E+00,1.630275E-01,0.000000E+00,3.993640E+03,0.000000E+00,2.815572E-01,0.000000E+00,3.074988E+03,0.000000E+00,2.167912E-01,0.000000E+00,3.343965E+03,0.000000E+00,2.357455E-01,0.000000E+00,5.120508E+03,0.000000E+00,3.609856E-01,0.000000E+00,4.253365E+03,0.000000E+00,2.998681E-01,0.000000E+00,3.386456E+03,0.000000E+00,2.387477E-01,0.000000E+00,3.710006E+03,0.000000E+00,2.615511E-01,0.000000E+00,5.639136E+03,0.000000E+00,3.975479E-01
11:10:00,0.000000E+00,2.354216E+03,0.000000E+00,1.659493E-01,0.000000E+00,1.878701E+03,0.000000E+00,1.324558E-01,0.000000E+00,1.399112E+03,0.000000E+00,9.863921E-02,0.000000E+00,2.243836E+03,0.000000E+00,1.581853E-01,0.000000E+00,3.968578E+03,0.000000E+00,2.797904E-01,0.000000E+00,3.098922E+03,0.000000E+00,2.184787E-01,0.000000E+00,3.365030E+03,0.000000E+00,2.372306E-01,0.000000E+00,5.065183E+03,0.000000E+00,3.570852E-01,0.000000E+00,4.224505E+03,0.000000E+00,2.978335E-01,0.000000E+00,3.414122E+03,0.000000E+00,2.406983E-01,0.000000E+00,3.738087E+03,0.000000E+00,2.635308E-01,0.000000E+00,5.577630E+03,0.000000E+00,3.932117E-01
11:20:00,0.000000E+00,2.312516E+03,0.000000E+00,1.630099E-01,0.000000E+00,1.895234E+03,0.000000E+00,1.336213E-01,0.000000E+00,1.414218E+03,0.000000E+00,9.970389E-02,0.000000E+00,2.173414E+03,0.000000E+00,1.532202E-01,0.000000E+00,3.940261E+03,0.000000E+00,2.777940E-01,0.000000E+00,3.121548E+03,0.000000E+00,2.200740E-01,0.000000E+00,3.385159E+03,0.000000E+00,2.386497E-01,0.000000E+00,5.005853E+03,0.000000E+00,3.529024E-01,0.000000E+00,4.192275E+03,0.000000E+00,2.955613E-01,0.000000E+00,3.441357E+03,0.000000E+00,2.426185E-01,0.000000E+00,3.765012E+03,0.000000E+00,2.654290E-01,0.000000E+00,5.510871E+03,0.000000E+00,3.885053E-01
11:30:00,0.000000E+00,2.270362E+03,0.000000E+00,1.600385E-01,0.000000E+00,1.910824E+03,0.000000E+00,1.347204E-01,0.000000E+00,1.428457E+03,0.000000E+00,1.007075E-01,0.000000E+00,2.104254E+03,0.000000E+00,1.483442E-01,0.000000E+00,3.910386E+03,0.000000E+00,2.756878E-01,0.000000E+00,3.143208E+03,0.000000E+00,2.216010E-01,0.000000E+00,3.404484E+03,0.000000E+00,2.400122E-01,0.000000E+00,4.945480E+03,0.000000E+00,3.486462E-01,0.000000E+00,4.158553E+03,0.000000E+00,2.931839E-01,0.000000E+00,3.468461E+03,0.000000E+00,2.445295E-01,0.000000E+00,3.790889E+03,0.000000E+00,2.672534E-01,0.000000E+00,5.442132E+03,0.000000E+00,3.836592E-01
11:40:00,0.000000E+00,2.229673E+03,0.000000E+00,1.571703E-01,0.000000E+00,1.925505E+03,0.000000E+00,1.357554E-01,0.000000E+00,1.441908E+03,0.000000E+00,1.016555E-01,0.000000E+00,2.039036E+03,0.000000E+00,1.437462E-01,0.000000E+00,3.880686E+03,0.000000E+00,2.735940E-01,0.000000E+00,3.163920E+03,0.000000E+00,2.230613E-01,0.000000E+00,3.423058E+03,0.000000E+00,2.413217E-01,0.000000E+00,4.886922E+03,0.000000E+00,3.445179E-01,0.000000E+00,4.125265E+03,0.000000E+00,2.908371E-01,0.000000E+00,3.495716E+03,0.000000E+00,2.464510E-01,0.000000E+00,3.815754E+03,0.000000E+00,2.690064E-01,0.000000E+00,5.374781E+03,0.000000E+00,3.789111E-01
11:50:00,0.000000E+00,2.192091E+03,0.000000E+00,1.545211E-01,0.000000E+00,1.939330E+03,0.000000E+00,1.367301E-01,0.000000E+00,1.454635E+03,0.000000E+00,1.025525E-01,0.000000E+00,1.979960E+03,0.000000E+00,1.395812E-01,0.000000E+00,3.852711E+03,0.000000E+00,2.716218E-01,0.000000E+00,3.183725E+03,0.000000E+00,2.244576E-01,0.000000E+00,3.440955E+03,0.000000E+00,2.425834E-01,0.000000E+00,4.832650E+03,0.000000E+00,3.406919E-01,0.000000E+00,4.094098E+03,0.000000E+00,2.886399E-01,0.000000E+00,3.523625E+03,0.000000E+00,2.484187E-01,0.000000E+00,3.839670E+03,0.000000E+00,2.706925E-01,0.000000E+00,5.311703E+03,0.000000E+00,3.744642E-01
12:00:00,0.000000E+00,2.158991E+03,0.000000E+00,1.521879E-01,0.000000E+00,1.952332E+03,0.000000E+00,1.376467E-01,0.000000E+00,1.466679E+03,0.000000E+00,1.034014E-01,0.000000E+00,1.928726E+03,0.000000E+00,1.359693E-01,0.000000E+00,3.827745E+03,0.000000E+00,2.698617E-01,0.000000E+00,3.202646E+03,0.000000E+00,2.257915E-01,0.000000E+00,3.458204E+03,0.000000E+00,2.437995E-01,0.000000E+00,4.784608E+03,0.000000E+00,3.373051E-01,0.000000E+00,4.066481E+03,0.000000E+00,2.866930E-01,0.000000E+00,3.552767E+03,0.000000E+00,2.504734E-01,0.000000E+00,3.862646E+03,0.000000E+00,2.723123E-01,0.000000E+00,5.255363E+03,0.000000E+00,3.704924E-01
12:10:00,0.000000E+00,2.122876E+03,0.000000E+00,1.496422E-01,0.000000E+00,1.956366E+03,0.000000E+00,1.379311E-01,0.000000E+00,1.468793E+03,0.000000E+00,1.035503E-01,0.000000E+00,1.876774E+03,0.000000E+00,1.323067E-01,0.000000E+00,3.798703E+03,0.000000E+00,2.678143E-01,0.000000E+00,3.212428E+03,0.000000E+00,2.264812E-01,0.000000E+00,3.466254E+03,0.000000E+00,2.443671E-01,0.000000E+00,4.735173E+03,0.000000E+00,3.338202E-01,0.000000E+00,4.034772E+03,0.000000E+00,2.844576E-01,0.000000E+00,3.574941E+03,0.000000E+00,2.520368E-01,0.000000E+00,3.875328E+03,0.000000E+00,2.732065E-01,0.000000E+00,5.197768E+03,0.000000E+00,3.664322E-01
12:20:00,0.000000E+00,2.092021E+03,0.000000E+00,1.474672E-01,0.000000E+00,1.958735E+03,0.000000E+00,1.380980E-01,0.000000E+00,1.469798E+03,0.000000E+00,1.036208E-01,0.000000E+00,1.832582E+03,0.000000E+00,1.291913E-01,0.000000E+00,3.773118E+03,0.000000E+00,2.660106E-01,0.000000E+00,3.220403E+03,0.000000E+00,2.270433E-01,0.000000E+00,3.473175E+03,0.000000E+00,2.448549E-01,0.000000E+00,4.692449E+03,0.000000E+00,3.308083E-01,0.000000E+00,4.007252E+03,0.000000E+00,2.825175E-01,0.000000E+00,3.599452E+03,0.000000E+00,2.537649E-01,0.000000E+00,3.886740E+03,0.000000E+00,2.740110E-01,0.000000E+00,5.148207E+03,0.000000E+00,3.629384E-01
12:30:00,0.000000E+00,2.066121E+03,0.000000E+00,1.456415E-01,0.000000E+00,1.960198E+03,0.000000E+00,1.382009E-01,0.000000E+00,1.470041E+03,0.000000E+00,1.036377E-01,0.000000E+00,1.795232E+03,0.000000E+00,1.265582E-01,0.000000E+00,3.750745E+03,0.000000E+00,2.644334E-01,0.000000E+00,3.227335E+03,0.000000E+00,2.275320E-01,0.000000E+00,3.479274E+03,0.000000E+00,2.452849E-01,0.000000E+00,4.655665E+03,0.000000E+00,3.282153E-01,0.000000E+00,3.983535E+03,0.000000E+00,2.808455E-01,0.000000E+00,3.626571E+03,0.000000E+00,2.556768E-01,0.000000E+00,3.897106E+03,0.000000E+00,2.747417E-01,0.000000E+00,5.105838E+03,0.000000E+00,3.599517E-01
12:40:00,0.000000E+00,2.043993E+03,0.000000E+00,1.440816E-01,0.000000E+00,1.960890E+03,0.000000E+00,1.382496E-01,0.000000E+00,1.469703E+03,0.000000E+00,1.036136E-01,0.000000E+00,1.763023E+03,0.000000E+00,1.242877E-01,0.000000E+00,3.730581E+03,0.000000E+00,2.630119E-01,0.000000E+00,3.233359E+03,0.000000E+00,2.279566E-01,0.000000E+00,3.484700E+03,0.000000E+00,2.456673E-01,0.000000E+00,4.623107E+03,0.000000E+00,3.259202E-01,0.000000E+00,3.962481E+03,0.000000E+00,2.793612E-01,0.000000E+00,3.656310E+03,0.000000E+00,2.577734E-01,0.000000E+00,3.906544E+03,0.000000E+00,2.754070E-01,0.000000E+00,5.068558E+03,0.000000E+00,3.573236E-01
12:50:00,0.000000E+00,2.024194E+03,0.000000E+00,1.426859E-01,0.000000E+00,1.960880E+03,0.000000E+00,1.382488E-01,0.000000E+00,1.468857E+03,0.000000E+00,1.035538E-01,0.000000E+00,1.733885E+03,0.000000E+00,1.222336E-01,0.000000E+00,3.711319E+03,0.000000E+00,2.616539E-01,0.000000E+00,3.238560E+03,0.000000E+00,2.283231E-01,0.000000E+00,3.489498E+03,0.000000E+00,2.460055E-01,0.000000E+00,4.592600E+03,0.000000E+00,3.237695E-01,0.000000E+00,3.942695E+03,0.000000E+00,2.779662E-01,0.000000E+00,3.688178E+03,0.000000E+00,2.600202E-01,0.000000E+00,3.915143E+03,0.000000E+00,2.760130E-01,0.000000E+00,5.033849E+03,0.000000E+00,3.548768E-01
13:00:00,0.000000E+00,2.005637E+03,0.000000E+00,1.413777E-01,0.000000E+00,1.960221E+03,0.000000E+00,1.382022E-01,0.000000E+00,1.467697E+03,0.000000E+00,1.034718E-01,0.000000E+00,1.705845E+03,0.000000E+00,1.202569E-01,0.000000E+00,3.691979E+03,0.000000E+00,2.602903E-01,0.000000E+00,3.243002E+03,0.000000E+00,2.286361E-01,0.000000E+00,3.493968E+03,0.000000E+00,2.463205E-01,0.000000E+00,4.562165E+03,0.000000E+00,3.216240E-01,0.000000E+00,3.922892E+03,0.000000E+00,2.765701E-01,0.000000E+00,3.720438E+03,0.000000E+00,2.622945E-01,0.000000E+00,3.923019E+03,0.000000E+00,2.765682E-01,0.000000E+00,4.999397E+03,0.000000E+00,3.524481E-01
13:10:00,0.000000E+00,1.979538E+03,0.000000E+00,1.395378E-01,0.000000E+00,1.950741E+03,0.000000E+00,1.375337E-01,0.000000E+00,1.458102E+03,0.000000E+00,1.027952E-01,0.000000E+00,1.669083E+03,0.000000E+00,1.176654E-01,0.000000E+00,3.664631E+03,0.000000E+00,2.583622E-01,0.000000E+00,3.238566E+03,0.000000E+00,2.283232E-01,0.000000E+00,3.490204E+03,0.000000E+00,2.460551E-01,0.000000E+00,4.522712E+03,0.000000E+00,3.188426E-01,0.000000E+00,3.894514E+03,0.000000E+00,2.745693E-01,0.000000E+00,3.741542E+03,0.000000E+00,2.637823E-01,0.000000E+00,3.921300E+03,0.000000E+00,2.764468E-01,0.000000E+00,4.955550E+03,0.000000E+00,3.493569E-01
13:20:00,0.000000E+00,1.953882E+03,0.000000E+00,1.377291E-01,0.000000E+00,1.940531E+03,0.000000E+00,1.368136E-01,0.000000E+00,1.450329E+03,0.000000E+00,1.022469E-01,0.000000E+00,1.632678E+03,0.000000E+00,1.150989E-01,0.000000E+00,3.637009E+03,0.000000E+00,2.564146E-01,0.000000E+00,3.233189E+03,0.000000E+00,2.279439E-01,0.000000E+00,3.487664E+03,0.000000E+00,2.458758E-01,0.000000E+00,4.482861E+03,0.000000E+00,3.160330E-01,0.000000E+00,3.866307E+03,0.000000E+00,2.725805E-01,0.000000E+00,3.759933E+03,0.000000E+00,2.650787E-01,0.000000E+00,3.920642E+03,0.000000E+00,2.764002E-01,0.000000E+00,4.912348E+03,0.000000E+00,3.463111E-01
13:30:00,0.000000E+00,1.928849E+03,0.000000E+00,1.359644E-01,0.000000E+00,1.930773E+03,0.000000E+00,1.361254E-01,0.000000E+00,1.444936E+03,0.000000E+00,1.018665E-01,0.000000E+00,1.596709E+03,0.000000E+00,1.125632E-01,0.000000E+00,3.609457E+03,0.000000E+00,2.544719E-01,0.000000E+00,3.228293E+03,0.000000E+00,2.275985E-01,0.000000E+00,3.486818E+03,0.000000E+00,2.458160E-01,0.000000E+00,4.442949E+03,0.000000E+00,3.132191E-01,0.000000E+00,3.838469E+03,0.000000E+00,2.706176E-01,0.000000E+00,3.775203E+03,0.000000E+00,2.661549E-01,0.000000E+00,3.921350E+03,0.000000E+00,2.764500E-01,0.000000E+00,4.870088E+03,0.000000E+00,3.433316E-01
13:40:00,0.000000E+00,1.904864E+03,0.000000E+00,1.342736E-01,0.000000E+00,1.921663E+03,0.000000E+00,1.354829E-01,0.000000E+00,1.441777E+03,0.000000E+00,1.016436E-01,0.000000E+00,1.561936E+03,0.000000E+00,1.101116E-01,0.000000E+00,3.582518E+03,0.000000E+00,2.525723E-01,0.000000E+00,3.224183E+03,0.000000E+00,2.273084E-01,0.000000E+00,3.487460E+03,0.000000E+00,2.458610E-01,0.000000E+00,4.403683E+03,0.000000E+00,3.104507E-01,0.000000E+00,3.811445E+03,0.000000E+00,2.687121E-01,0.000000E+00,3.786571E+03,0.000000E+00,2.669560E-01,0.000000E+00,3.923072E+03,0.000000E+00,2.765712E-01,0.000000E+00,4.829475E+03,0.000000E+00,3.404683E-01
13:50:00,0.000000E+00,1.882429E+03,0.000000E+00,1.326920E-01,0.000000E+00,1.913821E+03,0.000000E+00,1.349298E-01,0.000000E+00,1.440630E+03,0.000000E+00,1.015626E-01,0.000000E+00,1.529559E+03,0.000000E+00,1.078291E-01,0.000000E+00,3.556818E+03,0.000000E+00,2.507602E-01,0.000000E+00,3.221664E+03,0.000000E+00,2.271306E-01,0.000000E+00,3.489343E+03,0.000000E+00,2.459936E-01,0.000000E+00,4.366010E+03,0.000000E+00,3.077946E-01,0.000000E+00,3.785818E+03,0.000000E+00,2.669050E-01,0.000000E+00,3.793522E+03,0.000000E+00,2.674456E-01,0.000000E+00,3.925448E+03,0.000000E+00,2.767384E-01,0.000000E+00,4.791570E+03,0.000000E+00,3.377958E-01
14:00:00,0.000000E+00,1.861613E+03,0.000000E+00,1.312246E-01,0.000000E+00,1.907879E+03,0.000000E+00,1.345107E-01,0.000000E+00,1.441394E+03,0.000000E+00,1.016163E-01,0.000000E+00,1.500114E+03,0.000000E+00,1.057533E-01,0.000000E+00,3.532598E+03,0.000000E+00,2.490523E-01,0.000000E+00,3.221523E+03,0.000000E+00,2.271203E-01,0.000000E+00,3.492270E+03,0.000000E+00,2.461997E-01,0.000000E+00,4.330824E+03,0.000000E+00,3.053138E-01,0.000000E+00,3.761949E+03,0.000000E+00,2.652219E-01,0.000000E+00,3.796936E+03,0.000000E+00,2.676859E-01,0.000000E+00,3.928498E+03,0.000000E+00,2.769531E-01,0.000000E+00,4.756968E+03,0.000000E+00,3.353562E-01
14:10:00,0.000000E+00,1.849931E+03,0.000000E+00,1.304010E-01,0.000000E+00,1.912234E+03,0.000000E+00,1.348176E-01,0.000000E+00,1.452606E+03,0.000000E+00,1.024067E-01,0.000000E+00,1.482173E+03,0.000000E+00,1.044884E-01,0.000000E+00,3.517109E+03,0.000000E+00,2.479600E-01,0.000000E+00,3.232630E+03,0.000000E+00,2.279031E-01,0.000000E+00,3.504637E+03,0.000000E+00,2.470714E-01,0.000000E+00,4.306178E+03,0.000000E+00,3.035761E-01,0.000000E+00,3.747561E+03,0.000000E+00,2.642072E-01,0.000000E+00,3.807529E+03,0.000000E+00,2.684322E-01,0.000000E+00,3.941656E+03,0.000000E+00,2.778805E-01,0.000000E+00,4.733842E+03,0.000000E+00,3.337256E-01
14:20:00,0.000000E+00,1.838623E+03,0.000000E+00,1.296038E-01,0.000000E+00,1.919133E+03,0.000000E+00,1.353039E-01,0.000000E+00,1.464911E+03,0.000000E+00,1.032743E-01,0.000000E+00,1.465936E+03,0.000000E+00,1.033438E-01,0.000000E+00,3.502271E+03,0.000000E+00,2.469137E-01,0.000000E+00,3.247943E+03,0.000000E+00,2.289825E-01,0.000000E+00,3.518025E+03,0.000000E+00,2.480151E-01,0.000000E+00,4.282939E+03,0.000000E+00,3.019376E-01,0.000000E+00,3.733465E+03,0.000000E+00,2.632132E-01,0.000000E+00,3.816538E+03,0.000000E+00,2.690670E-01,0.000000E+00,3.955428E+03,0.000000E+00,2.788513E-01,0.000000E+00,4.711374E+03,0.000000E+00,3.321414E-01
14:30:00,0.000000E+00,1.827328E+03,0.000000E+00,1.288075E-01,0.000000E+00,1.927739E+03,0.000000E+00,1.359107E-01,0.000000E+00,1.479010E+03,0.000000E+00,1.042682E-01,0.000000E+00,1.451078E+03,0.000000E+00,1.022964E-01,0.000000E+00,3.487724E+03,0.000000E+00,2.458880E-01,0.000000E+00,3.266580E+03,0.000000E+00,2.302964E-01,0.000000E+00,3.533423E+03,0.000000E+00,2.491005E-01,0.000000E+00,4.260739E+03,0.000000E+00,3.003724E-01,0.000000E+00,3.719372E+03,0.000000E+00,2.622194E-01,0.000000E+00,3.824905E+03,0.000000E+00,2.696566E-01,0.000000E+00,3.971143E+03,0.000000E+00,2.799590E-01,0.000000E+00,4.689152E+03,0.000000E+00,3.305747E-01
14:40:00,0.000000E+00,1.815882E+03,0.000000E+00,1.280007E-01,0.000000E+00,1.938118E+03,0.000000E+00,1.366425E-01,0.000000E+00,1.496499E+03,0.000000E+00,1.055012E-01,0.000000E+00,1.437119E+03,0.000000E+00,1.013124E-01,0.000000E+00,3.473284E+03,0.000000E+00,2.448698E-01,0.000000E+00,3.288679E+03,0.000000E+00,2.318543E-01,0.000000E+00,3.552754E+03,0.000000E+00,2.504632E-01,0.000000E+00,4.239364E+03,0.000000E+00,2.988654E-01,0.000000E+00,3.705120E+03,0.000000E+00,2.612145E-01,0.000000E+00,3.834199E+03,0.000000E+00,2.703116E-01,0.000000E+00,3.991024E+03,0.000000E+00,2.813605E-01,0.000000E+00,4.667029E+03,0.000000E+00,3.290149E-01
14:50:00,0.000000E+00,1.804212E+03,0.000000E+00,1.271780E-01,0.000000E+00,1.949870E+03,0.000000E+00,1.374711E-01,0.000000E+00,1.519158E+03,0.000000E+00,1.070987E-01,0.000000E+00,1.423398E+03,0.000000E+00,1.003451E-01,0.000000E+00,3.458859E+03,0.000000E+00,2.438527E-01,0.000000E+00,3.313801E+03,0.000000E+00,2.336254E-01,0.000000E+00,3.578113E+03,0.000000E+00,2.522510E-01,0.000000E+00,4.218649E+03,0.000000E+00,2.974049E-01,0.000000E+00,3.690597E+03,0.000000E+00,2.601905E-01,0.000000E+00,3.846060E+03,0.000000E+00,2.711477E-01,0.000000E+00,4.017415E+03,0.000000E+00,2.832209E-01,0.000000E+00,4.644828E+03,0.000000E+00,3.274497E-01
15:00:00,0.000000E+00,1.792247E+03,0.000000E+00,1.263346E-01,0.000000E+00,1.962505E+03,0.000000E+00,1.383619E-01,0.000000E+00,1.548304E+03,0.000000E+00,1.091536E-01,0.000000E+00,1.409830E+03,0.000000E+00,9.938861E-02,0.000000E+00,3.444369E+03,0.000000E+00,2.428310E-01,0.000000E+00,3.341410E+03,0.000000E+00,2.355718E-01,0.000000E+00,3.611166E+03,0.000000E+00,2.545812E-01,0.000000E+00,4.198305E+03,0.000000E+00,2.959707E-01,0.000000E+00,3.675729E+03,0.000000E+00,2.591421E-01,0.000000E+00,3.861720E+03,0.000000E+00,2.722516E-01,0.000000E+00,4.052049E+03,0.000000E+00,2.856626E-01,0.000000E+00,4.622516E+03,0.000000E+00,3.258766E-01
15:10:00,0.000000E+00,1.800343E+03,0.000000E+00,1.269053E-01,0.000000E+00,1.995881E+03,0.000000E+00,1.407150E-01,0.000000E+00,1.607981E+03,0.000000E+00,1.133610E-01,0.000000E+00,1.420393E+03,0.000000E+00,1.001334E-01,0.000000E+00,3.449072E+03,0.000000E+00,2.431624E-01,0.000000E+00,3.391441E+03,0.000000E+00,2.390990E-01,0.000000E+00,3.674783E+03,0.000000E+00,2.590661E-01,0.000000E+00,4.200832E+03,0.000000E+00,2.961487E-01,0.000000E+00,3.681087E+03,0.000000E+00,2.595197E-01,0.000000E+00,3.903482E+03,0.000000E+00,2.751957E-01,0.000000E+00,4.119438E+03,0.000000E+00,2.904134E-01,0.000000E+00,4.624260E+03,0.000000E+00,3.259995E-01
15:20:00,0.000000E+00,1.809178E+03,0.000000E+00,1.275281E-01,0.000000E+00,2.031719E+03,0.000000E+00,1.432420E-01,0.000000E+00,1.675959E+03,0.000000E+00,1.181538E-01,0.000000E+00,1.432180E+03,0.000000E+00,1.009645E-01,0.000000E+00,3.454762E+03,0.000000E+00,2.435637E-01,0.000000E+00,3.445911E+03,0.000000E+00,2.429393E-01,0.000000E+00,3.748474E+03,0.000000E+00,2.642615E-01,0.000000E+00,4.204728E+03,0.000000E+00,2.964235E-01,0.000000E+00,3.686952E+03,0.000000E+00,2.599333E-01,0.000000E+00,3.950784E+03,0.000000E+00,2.785307E-01,0.000000E+00,4.197013E+03,0.000000E+00,2.958827E-01,0.000000E+00,4.626803E+03,0.000000E+00,3.261788E-01
15:30:00,0.000000E+00,1.818196E+03,0.000000E+00,1.281638E-01,0.000000E+00,2.069940E+03,0.000000E+00,1.459372E-01,0.000000E+00,1.750909E+03,0.000000E+00,1.234384E-01,0.000000E+00,1.444632E+03,0.000000E+00,1.018426E-01,0.000000E+00,3.460977E+03,0.000000E+00,2.440021E-01,0.000000E+00,3.503519E+03,0.000000E+00,2.470008E-01,0.000000E+00,3.831081E+03,0.000000E+00,2.700856E-01,0.000000E+00,4.209444E+03,0.000000E+00,2.967561E-01,0.000000E+00,3.693013E+03,0.000000E+00,2.603608E-01,0.000000E+00,4.002848E+03,0.000000E+00,2.822016E-01,0.000000E+00,4.283567E+03,0.000000E+00,3.019850E-01,0.000000E+00,4.629734E+03,0.000000E+00,3.263856E-01
15:40:00,0.000000E+00,1.827175E+03,0.000000E+00,1.287968E-01,0.000000E+00,2.110493E+03,0.000000E+00,1.487966E-01,0.000000E+00,1.831249E+03,0.000000E+00,1.291029E-01,0.000000E+00,1.457476E+03,0.000000E+00,1.027483E-01,0.000000E+00,3.467507E+03,0.000000E+00,2.444627E-01,0.000000E+00,3.564240E+03,0.000000E+00,2.512820E-01,0.000000E+00,3.921089E+03,0.000000E+00,2.764316E-01,0.000000E+00,4.214739E+03,0.000000E+00,2.971296E-01,0.000000E+00,3.699144E+03,0.000000E+00,2.607933E-01,0.000000E+00,4.058676E+03,0.000000E+00,2.861379E-01,0.000000E+00,4.377418E+03,0.000000E+00,3.086019E-01,0.000000E+00,4.632887E+03,0.000000E+00,3.266081E-01
15:50:00,0.000000E+00,1.836000E+03,0.000000E+00,1.294189E-01,0.000000E+00,2.153389E+03,0.000000E+00,1.518211E-01,0.000000E+00,1.915111E+03,0.000000E+00,1.350157E-01,0.000000E+00,1.470601E+03,0.000000E+00,1.036738E-01,0.000000E+00,3.474241E+03,0.000000E+00,2.449377E-01,0.000000E+00,3.627932E+03,0.000000E+00,2.557726E-01,0.000000E+00,4.016588E+03,0.000000E+00,2.831647E-01,0.000000E+00,4.220498E+03,0.000000E+00,2.975359E-01,0.000000E+00,3.705275E+03,0.000000E+00,2.612259E-01,0.000000E+00,4.116972E+03,0.000000E+00,2.902482E-01,0.000000E+00,4.476375E+03,0.000000E+00,3.155788E-01,0.000000E+00,4.636170E+03,0.000000E+00,3.268398E-01
16:00:00,0.000000E+00,1.844583E+03,0.000000E+00,1.300240E-01,0.000000E+00,2.198527E+03,0.000000E+00,1.550036E-01,0.000000E+00,2.000584E+03,0.000000E+00,1.410421E-01,0.000000E+00,1.483921E+03,0.000000E+00,1.046130E-01,0.000000E+00,3.481096E+03,0.000000E+00,2.454214E-01,0.000000E+00,3.694318E+03,0.000000E+00,2.604532E-01,0.000000E+00,4.115508E+03,0.000000E+00,2.901389E-01,0.000000E+00,4.226636E+03,0.000000E+00,2.979688E-01,0.000000E+00,3.711336E+03,0.000000E+00,2.616535E-01,0.000000E+00,4.176403E+03,0.000000E+00,2.944386E-01,0.000000E+00,4.578135E+03,0.000000E+00,3.227532E-01,0.000000E+00,4.639484E+03,0.000000E+00,3.270737E-01
16:10:00,0.000000E+00,1.897879E+03,0.000000E+00,1.337810E-01,0.000000E+00,2.290597E+03,0.000000E+00,1.614948E-01,0.000000E+00,2.136993E+03,0.000000E+00,1.506594E-01,0.000000E+00,1.550413E+03,0.000000E+00,1.093008E-01,0.000000E+00,3.530256E+03,0.000000E+00,2.488875E-01,0.000000E+00,3.807274E+03,0.000000E+00,2.684170E-01,0.000000E+00,4.263601E+03,0.000000E+00,3.005798E-01,0.000000E+00,4.282823E+03,0.000000E+00,3.019302E-01,0.000000E+00,3.762571E+03,0.000000E+00,2.652660E-01,0.000000E+00,4.283206E+03,0.000000E+00,3.019687E-01,0.000000E+00,4.732078E+03,0.000000E+00,3.336065E-01,0.000000E+00,4.696265E+03,0.000000E+00,3.310770E-01
16:20:00,0.000000E+00,1.953696E+03,0.000000E+00,1.377156E-01,0.000000E+00,2.389855E+03,0.000000E+00,1.684936E-01,0.000000E+00,2.274273E+03,0.000000E+00,1.603389E-01,0.000000E+00,1.619908E+03,0.000000E+00,1.142010E-01,0.000000E+00,3.582098E+03,0.000000E+00,2.525433E-01,0.000000E+00,3.926128E+03,0.000000E+00,2.767972E-01,0.000000E+00,4.414022E+03,0.000000E+00,3.111853E-01,0.000000E+00,4.342325E+03,0.000000E+00,3.061258E-01,0.000000E+00,3.815856E+03,0.000000E+00,2.690236E-01,0.000000E+00,4.390855E+03,0.000000E+00,3.095590E-01,0.000000E+00,4.886768E+03,0.000000E+00,3.445130E-01,0.000000E+00,4.755487E+03,0.000000E+00,3.352529E-01
16:30:00,0.000000E+00,2.010842E+03,0.000000E+00,1.417440E-01,0.000000E+00,2.490186E+03,0.000000E+00,1.755680E-01,0.000000E+00,2.409623E+03,0.000000E+00,1.698822E-01,0.000000E+00,1.691186E+03,0.000000E+00,1.192269E-01,0.000000E+00,3.635628E+03,0.000000E+00,2.563184E-01,0.000000E+00,4.046172E+03,0.000000E+00,2.852615E-01,0.000000E+00,4.563846E+03,0.000000E+00,3.217488E-01,0.000000E+00,4.403967E+03,0.000000E+00,3.104724E-01,0.000000E+00,3.870528E+03,0.000000E+00,2.728793E-01,0.000000E+00,4.497668E+03,0.000000E+00,3.170906E-01,0.000000E+00,5.039511E+03,0.000000E+00,3.552824E-01,0.000000E+00,4.816316E+03,0.000000E+00,3.395423E-01
16:40:00,0.000000E+00,2.068305E+03,0.000000E+00,1.457948E-01,0.000000E+00,2.591169E+03,0.000000E+00,1.826885E-01,0.000000E+00,2.541757E+03,0.000000E+00,1.791986E-01,0.000000E+00,1.762265E+03,0.000000E+00,1.242388E-01,0.000000E+00,3.689960E+03,0.000000E+00,2.601503E-01,0.000000E+00,4.166713E+03,0.000000E+00,2.937612E-01,0.000000E+00,4.711638E+03,0.000000E+00,3.321693E-01,0.000000E+00,4.466040E+03,0.000000E+00,3.148496E-01,0.000000E+00,3.925672E+03,0.000000E+00,2.767684E-01,0.000000E+00,4.603585E+03,0.000000E+00,3.245593E-01,0.000000E+00,5.188987E+03,0.000000E+00,3.658217E-01,0.000000E+00,4.876693E+03,0.000000E+00,3.438000E-01
16:50:00,0.000000E+00,2.126436E+03,0.000000E+00,1.498925E-01,0.000000E+00,2.691351E+03,0.000000E+00,1.897525E-01,0.000000E+00,2.669409E+03,0.000000E+00,1.881989E-01,0.000000E+00,1.834018E+03,0.000000E+00,1.292981E-01,0.000000E+00,3.745201E+03,0.000000E+00,2.640463E-01,0.000000E+00,4.286158E+03,0.000000E+00,3.021836E-01,0.000000E+00,4.855934E+03,0.000000E+00,3.423435E-01,0.000000E+00,4.529216E+03,0.000000E+00,3.193048E-01,0.000000E+00,3.981624E+03,0.000000E+00,2.807147E-01,0.000000E+00,4.707230E+03,0.000000E+00,3.318681E-01,0.000000E+00,5.333664E+03,0.000000E+00,3.760228E-01,0.000000E+00,4.937862E+03,0.000000E+00,3.481137E-01
17:00:00,0.000000E+00,2.185327E+03,0.000000E+00,1.540440E-01,0.000000E+00,2.789825E+03,0.000000E+00,1.966962E-01,0.000000E+00,2.792132E+03,0.000000E+00,1.968516E-01,0.000000E+00,1.906545E+03,0.000000E+00,1.344119E-01,0.000000E+00,3.801238E+03,0.000000E+00,2.679986E-01,0.000000E+00,4.403598E+03,0.000000E+00,3.104649E-01,0.000000E+00,4.995834E+03,0.000000E+00,3.522078E-01,0.000000E+00,4.593688E+03,0.000000E+00,3.238513E-01,0.000000E+00,4.038266E+03,0.000000E+00,2.847097E-01,0.000000E+00,4.808208E+03,0.000000E+00,3.389888E-01,0.000000E+00,5.472752E+03,0.000000E+00,3.858299E-01,0.000000E+00,4.999735E+03,0.000000E+00,3.524771E-01
17:10:00,0.000000E+00,2.279181E+03,0.000000E+00,1.606600E-01,0.000000E+00,2.921924E+03,0.000000E+00,2.060106E-01,0.000000E+00,2.947507E+03,0.000000E+00,2.078063E-01,0.000000E+00,2.020977E+03,0.000000E+00,1.424803E-01,0.000000E+00,3.889843E+03,0.000000E+00,2.742472E-01,0.000000E+00,4.553316E+03,0.000000E+00,3.210218E-01,0.000000E+00,5.166033E+03,0.000000E+00,3.642083E-01,0.000000E+00,4.696647E+03,0.000000E+00,3.311113E-01,0.000000E+00,4.130078E+03,0.000000E+00,2.911845E-01,0.000000E+00,4.943017E+03,0.000000E+00,3.484950E-01,0.000000E+00,5.644671E+03,0.000000E+00,3.979518E-01,0.000000E+00,5.102659E+03,0.000000E+00,3.597348E-01
17:20:00,0.000000E+00,2.376083E+03,0.000000E+00,1.674908E-01,0.000000E+00,3.056634E+03,0.000000E+00,2.155099E-01,0.000000E+00,3.099217E+03,0.000000E+00,2.185032E-01,0.000000E+00,2.140108E+03,0.000000E+00,1.508808E-01,0.000000E+00,3.981428E+03,0.000000E+00,2.807065E-01,0.000000E+00,4.705196E+03,0.000000E+00,3.317318E-01,0.000000E+00,5.333320E+03,0.000000E+00,3.760040E-01,0.000000E+00,4.803676E+03,0.000000E+00,3.386589E-01,0.000000E+00,4.224307E+03,0.000000E+00,2.978304E-01,0.000000E+00,5.076798E+03,0.000000E+00,3.579293E-01,0.000000E+00,5.812613E+03,0.000000E+00,4.097939E-01,0.000000E+00,5.208240E+03,0.000000E+00,3.671804E-01
17:30:00,0.000000E+00,2.474916E+03,0.000000E+00,1.744577E-01,0.000000E+00,3.189214E+03,0.000000E+00,2.248593E-01,0.000000E+00,3.245812E+03,0.000000E+00,2.288397E-01,0.000000E+00,2.262298E+03,0.000000E+00,1.594971E-01,0.000000E+00,4.075051E+03,0.000000E+00,2.873099E-01,0.000000E+00,4.855056E+03,0.000000E+00,3.423000E-01,0.000000E+00,5.496414E+03,0.000000E+00,3.875046E-01,0.000000E+00,4.913671E+03,0.000000E+00,3.464159E-01,0.000000E+00,4.320298E+03,0.000000E+00,3.046009E-01,0.000000E+00,5.208771E+03,0.000000E+00,3.672367E-01,0.000000E+00,5.975814E+03,0.000000E+00,4.213023E-01,0.000000E+00,5.315648E+03,0.000000E+00,3.747553E-01
17:40:00,0.000000E+00,2.575786E+03,0.000000E+00,1.815683E-01,0.000000E+00,3.318086E+03,0.000000E+00,2.339474E-01,0.000000E+00,3.386614E+03,0.000000E+00,2.387678E-01,0.000000E+00,2.388082E+03,0.000000E+00,1.683668E-01,0.000000E+00,4.170746E+03,0.000000E+00,2.940598E-01,0.000000E+00,5.001212E+03,0.000000E+00,3.526074E-01,0.000000E+00,5.654525E+03,0.000000E+00,3.986545E-01,0.000000E+00,5.027359E+03,0.000000E+00,3.544337E-01,0.000000E+00,4.418386E+03,0.000000E+00,3.115197E-01,0.000000E+00,5.337697E+03,0.000000E+00,3.763297E-01,0.000000E+00,6.133804E+03,0.000000E+00,4.324438E-01,0.000000E+00,5.426260E+03,0.000000E+00,3.825563E-01
17:50:00,0.000000E+00,2.677874E+03,0.000000E+00,1.887646E-01,0.000000E+00,3.443133E+03,0.000000E+00,2.427659E-01,0.000000E+00,3.521988E+03,0.000000E+00,2.483133E-01,0.000000E+00,2.515914E+03,0.000000E+00,1.773809E-01,0.000000E+00,4.267958E+03,0.000000E+00,3.009169E-01,0.000000E+00,5.143520E+03,0.000000E+00,3.626439E-01,0.000000E+00,5.807870E+03,0.000000E+00,4.094686E-01,0.000000E+00,5.143572E+03,0.000000E+00,3.626298E-01,0.000000E+00,4.517861E+03,0.000000E+00,3.185365E-01,0.000000E+00,5.464132E+03,0.000000E+00,3.852475E-01,0.000000E+00,6.287070E+03,0.000000E+00,4.432527E-01,0.000000E+00,5.538392E+03,0.000000E+00,3.904649E-01
18:00:00,0.000000E+00,2.780768E+03,0.000000E+00,1.960178E-01,0.000000E+00,3.564250E+03,0.000000E+00,2.513075E-01,0.000000E+00,3.651928E+03,0.000000E+00,2.574758E-01,0.000000E+00,2.645218E+03,0.000000E+00,1.864987E-01,0.000000E+00,4.366494E+03,0.000000E+00,3.078675E-01,0.000000E+00,5.281784E+03,0.000000E+00,3.723953E-01,0.000000E+00,5.956595E+03,0.000000E+00,4.199573E-01,0.000000E+00,5.261787E+03,0.000000E+00,3.709671E-01,0.000000E+00,4.618545E+03,0.000000E+00,3.256387E-01,0.000000E+00,5.587899E+03,0.000000E+00,3.939773E-01,0.000000E+00,6.435738E+03,0.000000E+00,4.537376E-01,0.000000E+00,5.651775E+03,0.000000E+00,3.984618E-01
18:10:00,0.000000E+00,2.802471E+03,0.000000E+00,1.975479E-01,0.000000E+00,3.597870E+03,0.000000E+00,2.536801E-01,0.000000E+00,3.688010E+03,0.000000E+00,2.600213E-01,0.000000E+00,2.685412E+03,0.000000E+00,1.893343E-01,0.000000E+00,4.390048E+03,0.000000E+00,3.095316E-01,0.000000E+00,5.333549E+03,0.000000E+00,3.760484E-01,0.000000E+00,6.019132E+03,0.000000E+00,4.243697E-01,0.000000E+00,5.299594E+03,0.000000E+00,3.736360E-01,0.000000E+00,4.637495E+03,0.000000E+00,3.269784E-01,0.000000E+00,5.620850E+03,0.000000E+00,3.963044E-01,0.000000E+00,6.489700E+03,0.000000E+00,4.575459E-01,0.000000E+00,5.676168E+03,0.000000E+00,4.001851E-01
18:20:00,0.000000E+00,2.819069E+03,0.000000E+00,1.987181E-01,0.000000E+00,3.615788E+03,0.000000E+00,2.549442E-01,0.000000E+00,3.713976E+03,0.000000E+00,2.618523E-01,0.000000E+00,2.718669E+03,0.000000E+00,1.916794E-01,0.000000E+00,4.409034E+03,0.000000E+00,3.108726E-01,0.000000E+00,5.369642E+03,0.000000E+00,3.785954E-01,0.000000E+00,6.071452E+03,0.000000E+00,4.280609E-01,0.000000E+00,5.332339E+03,0.000000E+00,3.759469E-01,0.000000E+00,4.652771E+03,0.000000E+00,3.280579E-01,0.000000E+00,5.646512E+03,0.000000E+00,3.981164E-01,0.000000E+00,6.534230E+03,0.000000E+00,4.606881E-01,0.000000E+00,5.696309E+03,0.000000E+00,4.016075E-01
18:30:00,0.000000E+00,2.833789E+03,0.000000E+00,1.997559E-01,0.000000E+00,3.629327E+03,0.000000E+00,2.558993E-01,0.000000E+00,3.734726E+03,0.000000E+00,2.633154E-01,0.000000E+00,2.746999E+03,0.000000E+00,1.936768E-01,0.000000E+00,4.426109E+03,0.000000E+00,3.120783E-01,0.000000E+00,5.400186E+03,0.000000E+00,3.807505E-01,0.000000E+00,6.117611E+03,0.000000E+00,4.313173E-01,0.000000E+00,5.362066E+03,0.000000E+00,3.780448E-01,0.000000E+00,4.666218E+03,0.000000E+00,3.290078E-01,0.000000E+00,5.667684E+03,0.000000E+00,3.996112E-01,0.000000E+00,6.572710E+03,0.000000E+00,4.634032E-01,0.000000E+00,5.714584E+03,0.000000E+00,4.028980E-01
18:40:00,0.000000E+00,2.847657E+03,0.000000E+00,2.007336E-01,0.000000E+00,3.640200E+03,0.000000E+00,2.566663E-01,0.000000E+00,3.751891E+03,0.000000E+00,2.645257E-01,0.000000E+00,2.772462E+03,0.000000E+00,1.954722E-01,0.000000E+00,4.442224E+03,0.000000E+00,3.132158E-01,0.000000E+00,5.426876E+03,0.000000E+00,3.826335E-01,0.000000E+00,6.158988E+03,0.000000E+00,4.342361E-01,0.000000E+00,5.389616E+03,0.000000E+00,3.799888E-01,0.000000E+00,4.678389E+03,0.000000E+00,3.298673E-01,0.000000E+00,5.685136E+03,0.000000E+00,4.008431E-01,0.000000E+00,6.605957E+03,0.000000E+00,4.657490E-01,0.000000E+00,5.731603E+03,0.000000E+00,4.040997E-01
18:50:00,0.000000E+00,2.861142E+03,0.000000E+00,2.016844E-01,0.000000E+00,3.649162E+03,0.000000E+00,2.572987E-01,0.000000E+00,3.765899E+03,0.000000E+00,2.655136E-01,0.000000E+00,2.795566E+03,0.000000E+00,1.971012E-01,0.000000E+00,4.457828E+03,0.000000E+00,3.143170E-01,0.000000E+00,5.450502E+03,0.000000E+00,3.843001E-01,0.000000E+00,6.195991E+03,0.000000E+00,4.368463E-01,0.000000E+00,5.415157E+03,0.000000E+00,3.817909E-01,0.000000E+00,4.689622E+03,0.000000E+00,3.306604E-01,0.000000E+00,5.699230E+03,0.000000E+00,4.018379E-01,0.000000E+00,6.633987E+03,0.000000E+00,4.677266E-01,0.000000E+00,5.747568E+03,0.000000E+00,4.052268E-01
19:00:00,0.000000E+00,2.874511E+03,0.000000E+00,2.026269E-01,0.000000E+00,3.656593E+03,0.000000E+00,2.578232E-01,0.000000E+00,3.777075E+03,0.000000E+00,2.663020E-01,0.000000E+00,2.816285E+03,0.000000E+00,1.985622E-01,0.000000E+00,4.473176E+03,0.000000E+00,3.154001E-01,0.000000E+00,5.471432E+03,0.000000E+00,3.857767E-01,0.000000E+00,6.228810E+03,0.000000E+00,4.391612E-01,0.000000E+00,5.438478E+03,0.000000E+00,3.834365E-01,0.000000E+00,4.700179E+03,0.000000E+00,3.314057E-01,0.000000E+00,5.710286E+03,0.000000E+00,4.026184E-01,0.000000E+00,6.656676E+03,0.000000E+00,4.693274E-01,0.000000E+00,5.762683E+03,0.000000E+00,4.062939E-01
19:10:00,0.000000E+00,2.851140E+03,0.000000E+00,2.009797E-01,0.000000E+00,3.625059E+03,0.000000E+00,2.556003E-01,0.000000E+00,3.741878E+03,0.000000E+00,2.638208E-01,0.000000E+00,2.787504E+03,0.000000E+00,1.965332E-01,0.000000E+00,4.453743E+03,0.000000E+00,3.140307E-01,0.000000E+00,5.452870E+03,0.000000E+00,3.844687E-01,0.000000E+00,6.216665E+03,0.000000E+00,4.383060E-01,0.000000E+00,5.415109E+03,0.000000E+00,3.817901E-01,0.000000E+00,4.673183E+03,0.000000E+00,3.295031E-01,0.000000E+00,5.679580E+03,0.000000E+00,4.004543E-01,0.000000E+00,6.630102E+03,0.000000E+00,4.674549E-01,0.000000E+00,5.729463E+03,0.000000E+00,4.039531E-01
19:20:00,0.000000E+00,2.825798E+03,0.000000E+00,1.991934E-01,0.000000E+00,3.587991E+03,0.000000E+00,2.529866E-01,0.000000E+00,3.701584E+03,0.000000E+00,2.609797E-01,0.000000E+00,2.754564E+03,0.000000E+00,1.942103E-01,0.000000E+00,4.432242E+03,0.000000E+00,3.125150E-01,0.000000E+00,5.427481E+03,0.000000E+00,3.826789E-01,0.000000E+00,6.197972E+03,0.000000E+00,4.369885E-01,0.000000E+00,5.387284E+03,0.000000E+00,3.798288E-01,0.000000E+00,4.644251E+03,0.000000E+00,3.274634E-01,0.000000E+00,5.644290E+03,0.000000E+00,3.979664E-01,0.000000E+00,6.596349E+03,0.000000E+00,4.650756E-01,0.000000E+00,5.693629E+03,0.000000E+00,4.014272E-01
19:30:00,0.000000E+00,2.798752E+03,0.000000E+00,1.972871E-01,0.000000E+00,3.546603E+03,0.000000E+00,2.500681E-01,0.000000E+00,3.656010E+03,0.000000E+00,2.577661E-01,0.000000E+00,2.719576E+03,0.000000E+00,1.917430E-01,0.000000E+00,4.408930E+03,0.000000E+00,3.108711E-01,0.000000E+00,5.396346E+03,0.000000E+00,3.804834E-01,0.000000E+00,6.172662E+03,0.000000E+00,4.352040E-01,0.000000E+00,5.356376E+03,0.000000E+00,3.776498E-01,0.000000E+00,4.613525E+03,0.000000E+00,3.252968E-01,0.000000E+00,5.603885E+03,0.000000E+00,3.951173E-01,0.000000E+00,6.554891E+03,0.000000E+00,4.621526E-01,0.000000E+00,5.655170E+03,0.000000E+00,3.987159E-01
19:40:00,0.000000E+00,2.769537E+03,0.000000E+00,1.952279E-01,0.000000E+00,3.500736E+03,0.000000E+00,2.468336E-01,0.000000E+00,3.605684E+03,0.000000E+00,2.542174E-01,0.000000E+00,2.683196E+03,0.000000E+00,1.891774E-01,0.000000E+00,4.383488E+03,0.000000E+00,3.090767E-01,0.000000E+00,5.359306E+03,0.000000E+00,3.778711E-01,0.000000E+00,6.141292E+03,0.000000E+00,4.329917E-01,0.000000E+00,5.323564E+03,0.000000E+00,3.753361E-01,0.000000E+00,4.581098E+03,0.000000E+00,3.230097E-01,0.000000E+00,5.558554E+03,0.000000E+00,3.919204E-01,0.000000E+00,6.506379E+03,0.000000E+00,4.587316E-01,0.000000E+00,5.614581E+03,0.000000E+00,3.958539E-01
19:50:00,0.000000E+00,2.738182E+03,0.000000E+00,1.930177E-01,0.000000E+00,3.450058E+03,0.000000E+00,2.432596E-01,0.000000E+00,3.551039E+03,0.000000E+00,2.503640E-01,0.000000E+00,2.646075E+03,0.000000E+00,1.865597E-01,0.000000E+00,4.355942E+03,0.000000E+00,3.071336E-01,0.000000E+00,5.315974E+03,0.000000E+00,3.748148E-01,0.000000E+00,6.104294E+03,0.000000E+00,4.303822E-01,0.000000E+00,5.289640E+03,0.000000E+00,3.729438E-01,0.000000E+00,4.546918E+03,0.000000E+00,3.205989E-01,0.000000E+00,5.508107E+03,0.000000E+00,3.883624E-01,0.000000E+00,6.451447E+03,0.000000E+00,4.548576E-01,0.000000E+00,5.572423E+03,0.000000E+00,3.928810E-01
20:00:00,0.000000E+00,2.705148E+03,0.000000E+00,1.906892E-01,0.000000E+00,3.393957E+03,0.000000E+00,2.393032E-01,0.000000E+00,3.492508E+03,0.000000E+00,2.462366E-01,0.000000E+00,2.608923E+03,0.000000E+00,1.839397E-01,0.000000E+00,4.326659E+03,0.000000E+00,3.050679E-01,0.000000E+00,5.265718E+03,0.000000E+00,3.712702E-01,0.000000E+00,6.062182E+03,0.000000E+00,4.274120E-01,0.000000E+00,5.255390E+03,0.000000E+00,3.705282E-01,0.000000E+00,4.511145E+03,0.000000E+00,3.180755E-01,0.000000E+00,5.452189E+03,0.000000E+00,3.844185E-01,0.000000E+00,6.390995E+03,0.000000E+00,4.505942E-01,0.000000E+00,5.529107E+03,0.000000E+00,3.898262E-01
20:10:00,0.000000E+00,2.677309E+03,0.000000E+00,1.887269E-01,0.000000E+00,3.339692E+03,0.000000E+00,2.354763E-01,0.000000E+00,3.436312E+03,0.000000E+00,2.422737E-01,0.000000E+00,2.577051E+03,0.000000E+00,1.816921E-01,0.000000E+00,4.301686E+03,0.000000E+00,3.033060E-01,0.000000E+00,5.215316E+03,0.000000E+00,3.677152E-01,0.000000E+00,6.020215E+03,0.000000E+00,4.244519E-01,0.000000E+00,5.225239E+03,0.000000E+00,3.684017E-01,0.000000E+00,4.480610E+03,0.000000E+00,3.159214E-01,0.000000E+00,5.398188E+03,0.000000E+00,3.806097E-01,0.000000E+00,6.331431E+03,0.000000E+00,4.463934E-01,0.000000E+00,5.489938E+03,0.000000E+00,3.870637E-01
20:20:00,0.000000E+00,2.649083E+03,0.000000E+00,1.867373E-01,0.000000E+00,3.282329E+03,0.000000E+00,2.314311E-01,0.000000E+00,3.378280E+03,0.000000E+00,2.381816E-01,0.000000E+00,2.546609E+03,0.000000E+00,1.795454E-01,0.000000E+00,4.276142E+03,0.000000E+00,3.015040E-01,0.000000E+00,5.160090E+03,0.000000E+00,3.638203E-01,0.000000E+00,5.975158E+03,0.000000E+00,4.212740E-01,0.000000E+00,5.196289E+03,0.000000E+00,3.663598E-01,0.000000E+00,4.449411E+03,0.000000E+00,3.137207E-01,0.000000E+00,5.339645E+03,0.000000E+00,3.764808E-01,0.000000E+00,6.268603E+03,0.000000E+00,4.419625E-01,0.000000E+00,5.451117E+03,0.000000E+00,3.843258E-01
20:30:00,0.000000E+00,2.620266E+03,0.000000E+00,1.847060E-01,0.000000E+00,3.221227E+03,0.000000E+00,2.271223E-01,0.000000E+00,3.317934E+03,0.000000E+00,2.339263E-01,0.000000E+00,2.517204E+03,0.000000E+00,1.774719E-01,0.000000E+00,4.249852E+03,0.000000E+00,2.996495E-01,0.000000E+00,5.099480E+03,0.000000E+00,3.595459E-01,0.000000E+00,5.926707E+03,0.000000E+00,4.178570E-01,0.000000E+00,5.168250E+03,0.000000E+00,3.643822E-01,0.000000E+00,4.417448E+03,0.000000E+00,3.114662E-01,0.000000E+00,5.276516E+03,0.000000E+00,3.720287E-01,0.000000E+00,6.202279E+03,0.000000E+00,4.372853E-01,0.000000E+00,5.412522E+03,0.000000E+00,3.816040E-01
20:40:00,0.000000E+00,2.591584E+03,0.000000E+00,1.826842E-01,0.000000E+00,3.156676E+03,0.000000E+00,2.225705E-01,0.000000E+00,3.254603E+03,0.000000E+00,2.294607E-01,0.000000E+00,2.487766E+03,0.000000E+00,1.753961E-01,0.000000E+00,4.223371E+03,0.000000E+00,2.977817E-01,0.000000E+00,5.033658E+03,0.000000E+00,3.549043E-01,0.000000E+00,5.874217E+03,0.000000E+00,4.141553E-01,0.000000E+00,5.140244E+03,0.000000E+00,3.624071E-01,0.000000E+00,4.384910E+03,0.000000E+00,3.091713E-01,0.000000E+00,5.208895E+03,0.000000E+00,3.672601E-01,0.000000E+00,6.131758E+03,0.000000E+00,4.323124E-01,0.000000E+00,5.373773E+03,0.000000E+00,3.788714E-01
20:50:00,0.000000E+00,2.563212E+03,0.000000E+00,1.806843E-01,0.000000E+00,3.089692E+03,0.000000E+00,2.178472E-01,0.000000E+00,3.187729E+03,0.000000E+00,2.247453E-01,0.000000E+00,2.457624E+03,0.000000E+00,1.732707E-01,0.000000E+00,4.196844E+03,0.000000E+00,2.959107E-01,0.000000E+00,4.963518E+03,0.000000E+00,3.499583E-01,0.000000E+00,5.817141E+03,0.000000E+00,4.101305E-01,0.000000E+00,5.111620E+03,0.000000E+00,3.603884E-01,0.000000E+00,4.352058E+03,0.000000E+00,3.068543E-01,0.000000E+00,5.137373E+03,0.000000E+00,3.622165E-01,0.000000E+00,6.056531E+03,0.000000E+00,4.270077E-01,0.000000E+00,5.334350E+03,0.000000E+00,3.760914E-01
21:00:00,0.000000E+00,2.534879E+03,0.000000E+00,1.786871E-01,0.000000E+00,3.021656E+03,0.000000E+00,2.130499E-01,0.000000E+00,3.116580E+03,0.000000E+00,2.197285E-01,0.000000E+00,2.426236E+03,0.000000E+00,1.710574E-01,0.000000E+00,4.170062E+03,0.000000E+00,2.940218E-01,0.000000E+00,4.890323E+03,0.000000E+00,3.447969E-01,0.000000E+00,5.754773E+03,0.000000E+00,4.057325E-01,0.000000E+00,5.081780E+03,0.000000E+00,3.582841E-01,0.000000E+00,4.318922E+03,0.000000E+00,3.045174E-01,0.000000E+00,5.062803E+03,0.000000E+00,3.569581E-01,0.000000E+00,5.975885E+03,0.000000E+00,4.213211E-01,0.000000E+00,5.293674E+03,0.000000E+00,3.732229E-01
21:10:00,0.000000E+00,2.495994E+03,0.000000E+00,1.759461E-01,0.000000E+00,2.942913E+03,0.000000E+00,2.074976E-01,0.000000E+00,3.025066E+03,0.000000E+00,2.132759E-01,0.000000E+00,2.378761E+03,0.000000E+00,1.677100E-01,0.000000E+00,4.132335E+03,0.000000E+00,2.913612E-01,0.000000E+00,4.803838E+03,0.000000E+00,3.386986E-01,0.000000E+00,5.671101E+03,0.000000E+00,3.998326E-01,0.000000E+00,5.035607E+03,0.000000E+00,3.550282E-01,0.000000E+00,4.275068E+03,0.000000E+00,3.014248E-01,0.000000E+00,4.974718E+03,0.000000E+00,3.507468E-01,0.000000E+00,5.873429E+03,0.000000E+00,4.140968E-01,0.000000E+00,5.236919E+03,0.000000E+00,3.692209E-01
21:20:00,0.000000E+00,2.456907E+03,0.000000E+00,1.731908E-01,0.000000E+00,2.862783E+03,0.000000E+00,2.018476E-01,0.000000E+00,2.921499E+03,0.000000E+00,2.059734E-01,0.000000E+00,2.327527E+03,0.000000E+00,1.640974E-01,0.000000E+00,4.094213E+03,0.000000E+00,2.886726E-01,0.000000E+00,4.712631E+03,0.000000E+00,3.322673E-01,0.000000E+00,5.575138E+03,0.000000E+00,3.930659E-01,0.000000E+00,4.985716E+03,0.000000E+00,3.515100E-01,0.000000E+00,4.230847E+03,0.000000E+00,2.983061E-01,0.000000E+00,4.881515E+03,0.000000E+00,3.441745E-01,0.000000E+00,5.756491E+03,0.000000E+00,4.058513E-01,0.000000E+00,5.175830E+03,0.000000E+00,3.649132E-01
21:30:00,0.000000E+00,2.417706E+03,0.000000E+00,1.704275E-01,0.000000E+00,2.782595E+03,0.000000E+00,1.961937E-01,0.000000E+00,2.809067E+03,0.000000E+00,1.980459E-01,0.000000E+00,2.272892E+03,0.000000E+00,1.602449E-01,0.000000E+00,4.055735E+03,0.000000E+00,2.859590E-01,0.000000E+00,4.618410E+03,0.000000E+00,3.256236E-01,0.000000E+00,5.469113E+03,0.000000E+00,3.855898E-01,0.000000E+00,4.932147E+03,0.000000E+00,3.477325E-01,0.000000E+00,4.186404E+03,0.000000E+00,2.951719E-01,0.000000E+00,4.785892E+03,0.000000E+00,3.374318E-01,0.000000E+00,5.628986E+03,0.000000E+00,3.968608E-01,0.000000E+00,5.110910E+03,0.000000E+00,3.603355E-01
21:40:00,0.000000E+00,2.378320E+03,0.000000E+00,1.676511E-01,0.000000E+00,2.702620E+03,0.000000E+00,1.905549E-01,0.000000E+00,2.687919E+03,0.000000E+00,1.895039E-01,0.000000E+00,2.214412E+03,0.000000E+00,1.561215E-01,0.000000E+00,4.016851E+03,0.000000E+00,2.832169E-01,0.000000E+00,4.522296E+03,0.000000E+00,3.188466E-01,0.000000E+00,5.353024E+03,0.000000E+00,3.774043E-01,0.000000E+00,4.874337E+03,0.000000E+00,3.436562E-01,0.000000E+00,4.141701E+03,0.000000E+00,2.920196E-01,0.000000E+00,4.688477E+03,0.000000E+00,3.305628E-01,0.000000E+00,5.490779E+03,0.000000E+00,3.871159E-01,0.000000E+00,5.041535E+03,0.000000E+00,3.554438E-01
21:50:00,0.000000E+00,2.338878E+03,0.000000E+00,1.648708E-01,0.000000E+00,2.624537E+03,0.000000E+00,1.850496E-01,0.000000E+00,2.562858E+03,0.000000E+00,1.806860E-01,0.000000E+00,2.153172E+03,0.000000E+00,1.518034E-01,0.000000E+00,3.977665E+03,0.000000E+00,2.804537E-01,0.000000E+00,4.426638E+03,0.000000E+00,3.121018E-01,0.000000E+00,5.230803E+03,0.000000E+00,3.687866E-01,0.000000E+00,4.813061E+03,0.000000E+00,3.393356E-01,0.000000E+00,4.096904E+03,0.000000E+00,2.888607E-01,0.000000E+00,4.591924E+03,0.000000E+00,3.237548E-01,0.000000E+00,5.347115E+03,0.000000E+00,3.769864E-01,0.000000E+00,4.968879E+03,0.000000E+00,3.503209E-01
22:00:00,0.000000E+00,2.298582E+03,0.000000E+00,1.620303E-01,0.000000E+00,2.547455E+03,0.000000E+00,1.796149E-01,0.000000E+00,2.430701E+03,0.000000E+00,1.713680E-01,0.000000E+00,2.086984E+03,0.000000E+00,1.471366E-01,0.000000E+00,3.937539E+03,0.000000E+00,2.776243E-01,0.000000E+00,4.330728E+03,0.000000E+00,3.053395E-01,0.000000E+00,5.100044E+03,0.000000E+00,3.595671E-01,0.000000E+00,4.746424E+03,0.000000E+00,3.346371E-01,0.000000E+00,4.050903E+03,0.000000E+00,2.856170E-01,0.000000E+00,4.494393E+03,0.000000E+00,3.168780E-01,0.000000E+00,5.193560E+03,0.000000E+00,3.661596E-01,0.000000E+00,4.889677E+03,0.000000E+00,3.447365E-01
22:10:00,0.000000E+00,2.214104E+03,0.000000E+00,1.560754E-01,0.000000E+00,2.433073E+03,0.000000E+00,1.715502E-01,0.000000E+00,2.256802E+03,0.000000E+00,1.591071E-01,0.000000E+00,1.969721E+03,0.000000E+00,1.388688E-01,0.000000E+00,3.855822E+03,0.000000E+00,2.718623E-01,0.000000E+00,4.196295E+03,0.000000E+00,2.958611E-01,0.000000E+00,4.927218E+03,0.000000E+00,3.473819E-01,0.000000E+00,4.631062E+03,0.000000E+00,3.265034E-01,0.000000E+00,3.960288E+03,0.000000E+00,2.792278E-01,0.000000E+00,4.355678E+03,0.000000E+00,3.070975E-01,0.000000E+00,4.997274E+03,0.000000E+00,3.523203E-01,0.000000E+00,4.758817E+03,0.000000E+00,3.355101E-01
22:20:00,0.000000E+00,2.127183E+03,0.000000E+00,1.499482E-01,0.000000E+00,2.321375E+03,0.000000E+00,1.636741E-01,0.000000E+00,2.094760E+03,0.000000E+00,1.476820E-01,0.000000E+00,1.852111E+03,0.000000E+00,1.305763E-01,0.000000E+00,3.771352E+03,0.000000E+00,2.659058E-01,0.000000E+00,4.065532E+03,0.000000E+00,2.866410E-01,0.000000E+00,4.762016E+03,0.000000E+00,3.357337E-01,0.000000E+00,4.513838E+03,0.000000E+00,3.182379E-01,0.000000E+00,3.867874E+03,0.000000E+00,2.727110E-01,0.000000E+00,4.223856E+03,0.000000E+00,2.978025E-01,0.000000E+00,4.813965E+03,0.000000E+00,3.393956E-01,0.000000E+00,4.628350E+03,0.000000E+00,3.263109E-01
22:30:00,0.000000E+00,2.039042E+03,0.000000E+00,1.437350E-01,0.000000E+00,2.214329E+03,0.000000E+00,1.561258E-01,0.000000E+00,1.944076E+03,0.000000E+00,1.370578E-01,0.000000E+00,1.735310E+03,0.000000E+00,1.223408E-01,0.000000E+00,3.685182E+03,0.000000E+00,2.598291E-01,0.000000E+00,3.940859E+03,0.000000E+00,2.778501E-01,0.000000E+00,4.605087E+03,0.000000E+00,3.246688E-01,0.000000E+00,4.396180E+03,0.000000E+00,3.099417E-01,0.000000E+00,3.774258E+03,0.000000E+00,2.661093E-01,0.000000E+00,4.097929E+03,0.000000E+00,2.889230E-01,0.000000E+00,4.642205E+03,0.000000E+00,3.272851E-01,0.000000E+00,4.498861E+03,0.000000E+00,3.171806E-01
22:40:00,0.000000E+00,1.950273E+03,0.000000E+00,1.374775E-01,0.000000E+00,2.112454E+03,0.000000E+00,1.489420E-01,0.000000E+00,1.806460E+03,0.000000E+00,1.273550E-01,0.000000E+00,1.620766E+03,0.000000E+00,1.142645E-01,0.000000E+00,3.597880E+03,0.000000E+00,2.536724E-01,0.000000E+00,3.822342E+03,0.000000E+00,2.694930E-01,0.000000E+00,4.458485E+03,0.000000E+00,3.143319E-01,0.000000E+00,4.279548E+03,0.000000E+00,3.017177E-01,0.000000E+00,3.679850E+03,0.000000E+00,2.594516E-01,0.000000E+00,3.978273E+03,0.000000E+00,2.804855E-01,0.000000E+00,4.484041E+03,0.000000E+00,3.161331E-01,0.000000E+00,4.371713E+03,0.000000E+00,3.082152E-01
22:50:00,0.000000E+00,1.861042E+03,0.000000E+00,1.311875E-01,0.000000E+00,2.014522E+03,0.000000E+00,1.420363E-01,0.000000E+00,1.678646E+03,0.000000E+00,1.183434E-01,0.000000E+00,1.508092E+03,0.000000E+00,1.063201E-01,0.000000E+00,3.509641E+03,0.000000E+00,2.474495E-01,0.000000E+00,3.708515E+03,0.000000E+00,2.614666E-01,0.000000E+00,4.320062E+03,0.000000E+00,3.045717E-01,0.000000E+00,4.163877E+03,0.000000E+00,2.935614E-01,0.000000E+00,3.584742E+03,0.000000E+00,2.527443E-01,0.000000E+00,3.863005E+03,0.000000E+00,2.723573E-01,0.000000E+00,4.336048E+03,0.000000E+00,3.056982E-01,0.000000E+00,4.246440E+03,0.000000E+00,2.993819E-01
23:00:00,0.000000E+00,1.772351E+03,0.000000E+00,1.249355E-01,0.000000E+00,1.921606E+03,0.000000E+00,1.354842E-01,0.000000E+00,1.565231E+03,0.000000E+00,1.103470E-01,0.000000E+00,1.400153E+03,0.000000E+00,9.870952E-02,0.000000E+00,3.421313E+03,0.000000E+00,2.412202E-01,0.000000E+00,3.600661E+03,0.000000E+00,2.538611E-01,0.000000E+00,4.193876E+03,0.000000E+00,2.956741E-01,0.000000E+00,4.051769E+03,0.000000E+00,2.856562E-01,0.000000E+00,3.490251E+03,0.000000E+00,2.460805E-01,0.000000E+00,3.754508E+03,0.000000E+00,2.647064E-01,0.000000E+00,4.204375E+03,0.000000E+00,2.964139E-01,0.000000E+00,4.127051E+03,0.000000E+00,2.909634E-01
23:10:00,0.000000E+00,1.690840E+03,0.000000E+00,1.191897E-01,0.000000E+00,1.838204E+03,0.000000E+00,1.296031E-01,0.000000E+00,1.463506E+03,0.000000E+00,1.031750E-01,0.000000E+00,1.302223E+03,0.000000E+00,9.180486E-02,0.000000E+00,3.339494E+03,0.000000E+00,2.354500E-01,0.000000E+00,3.502378E+03,0.000000E+00,2.469306E-01,0.000000E+00,4.079425E+03,0.000000E+00,2.876040E-01,0.000000E+00,3.949085E+03,0.000000E+00,2.784156E-01,0.000000E+00,3.402617E+03,0.000000E+00,2.399004E-01,0.000000E+00,3.654626E+03,0.000000E+00,2.576630E-01,0.000000E+00,4.084666E+03,0.000000E+00,2.879732E-01,0.000000E+00,4.017493E+03,0.000000E+00,2.832382E-01
23:20:00,0.000000E+00,1.609226E+03,0.000000E+00,1.134366E-01,0.000000E+00,1.755886E+03,0.000000E+00,1.237986E-01,0.000000E+00,1.363364E+03,0.000000E+00,9.611481E-02,0.000000E+00,1.204640E+03,0.000000E+00,8.492492E-02,0.000000E+00,3.257186E+03,0.000000E+00,2.296456E-01,0.000000E+00,3.404958E+03,0.000000E+00,2.400610E-01,0.000000E+00,3.966758E+03,0.000000E+00,2.796598E-01,0.000000E+00,3.846436E+03,0.000000E+00,2.711776E-01,0.000000E+00,3.314517E+03,0.000000E+00,2.336875E-01,0.000000E+00,3.555326E+03,0.000000E+00,2.506608E-01,0.000000E+00,3.966749E+03,0.000000E+00,2.796590E-01,0.000000E+00,3.908025E+03,0.000000E+00,2.755195E-01
23:30:00,0.000000E+00,1.527413E+03,0.000000E+00,1.076694E-01,0.000000E+00,1.673893E+03,0.000000E+00,1.180171E-01,0.000000E+00,1.264115E+03,0.000000E+00,8.911753E-02,0.000000E+00,1.107120E+03,0.000000E+00,7.804955E-02,0.000000E+00,3.174315E+03,0.000000E+00,2.238016E-01,0.000000E+00,3.307734E+03,0.000000E+00,2.332053E-01,0.000000E+00,3.855080E+03,0.000000E+00,2.717854E-01,0.000000E+00,3.743566E+03,0.000000E+00,2.639242E-01,0.000000E+00,3.225929E+03,0.000000E+00,2.274404E-01,0.000000E+00,3.456317E+03,0.000000E+00,2.436791E-01,0.000000E+00,3.850006E+03,0.000000E+00,2.714274E-01,0.000000E+00,3.798483E+03,0.000000E+00,2.677956E-01
23:40:00,0.000000E+00,1.445389E+03,0.000000E+00,1.018874E-01,0.000000E+00,1.592130E+03,0.000000E+00,1.122518E-01,0.000000E+00,1.165507E+03,0.000000E+00,8.216550E-02,0.000000E+00,1.009609E+03,0.000000E+00,7.117477E-02,0.000000E+00,3.090875E+03,0.000000E+00,2.179174E-01,0.000000E+00,3.210526E+03,0.000000E+00,2.263508E-01,0.000000E+00,3.743997E+03,0.000000E+00,2.639529E-01,0.000000E+00,3.640374E+03,0.000000E+00,2.566479E-01,0.000000E+00,3.136872E+03,0.000000E+00,2.211602E-01,0.000000E+00,3.357444E+03,0.000000E+00,2.367071E-01,0.000000E+00,3.734084E+03,0.000000E+00,2.632538E-01,0.000000E+00,3.688796E+03,0.000000E+00,2.600615E-01
23:50:00,0.000000E+00,1.363161E+03,0.000000E+00,9.609098E-02,0.000000E+00,1.510524E+03,0.000000E+00,1.064975E-01,0.000000E+00,1.067402E+03,0.000000E+00,7.524876E-02,0.000000E+00,9.120777E+02,0.000000E+00,6.429849E-02,0.000000E+00,3.006873E+03,0.000000E+00,2.119937E-01,0.000000E+00,3.113231E+03,0.000000E+00,2.194901E-01,0.000000E+00,3.633282E+03,0.000000E+00,2.561463E-01,0.000000E+00,3.536815E+03,0.000000E+00,2.493459E-01,0.000000E+00,3.047361E+03,0.000000E+00,2.148480E-01,0.000000E+00,3.258608E+03,0.000000E+00,2.297376E-01,0.000000E+00,3.618748E+03,0.000000E+00,2.551214E-01,0.000000E+00,3.578920E+03,0.000000E+00,2.523140E-01
24:00:00,0.000000E+00,1.280741E+03,0.000000E+00,9.028098E-02,0.000000E+00,1.429039E+03,0.000000E+00,1.007517E-01,0.000000E+00,9.697140E+02,0.000000E+00,6.836149E-02,0.000000E+00,8.145148E+02,0.000000E+00,5.742000E-02,0.000000E+00,2.922325E+03,0.000000E+00,2.060315E-01,0.000000E+00,3.015793E+03,0.000000E+00,2.126193E-01,0.000000E+00,3.522796E+03,0.000000E+00,2.483559E-01,0.000000E+00,3.432867E+03,0.000000E+00,2.420163E-01,0.000000E+00,2.957410E+03,0.000000E+00,2.085049E-01,0.000000E+00,3.159740E+03,0.000000E+00,2.227660E-01,0.000000E+00,3.503831E+03,0.000000E+00,2.470186E-01,0.000000E+00,3.468823E+03,0.000000E+00,2.445510E-01
Peak,2.999421E+01,2.874511E+03,2.649802E-03,2.026269E-01,0.000000E+00,3.656593E+03,0.000000E+00,2.578232E-01,3.648984E+01,3.777075E+03,2.574472E-03,2.663020E-01,0.000000E+00,2.816285E+03,0.000000E+00,1.985622E-01,0.000000E+00,4.473176E+03,0.000000E+00,3.154001E-01,0.000000E+00,5.471432E+03,0.000000E+00,3.857767E-01,0.000000E+00,6.228810E+03,0.000000E+00,4.391612E-01,0.000000E+00,5.438478E+03,0.000000E+00,3.834365E-01,0.000000E+00,4.700179E+03,0.000000E+00,3.314057E-01,0.000000E+00,5.710286E+03,0.000000E+00,4.026184E-01,0.000000E+00,6.656676E+03,0.000000E+00,4.693274E-01,0.000000E+00,5.775369E+03,0.000000E+00,4.071541E-01

Peak Vol Flow (m3/s),,,2.209421E-03,1.689515E-01,,,0.000000E+00,2.149745E-01,,,2.146610E-03,2.220442E-01,,,0.000000E+00,1.655623E-01,,,0.000000E+00,2.629825E-01,,,0.000000E+00,3.216629E-01,,,0.000000E+00,3.661753E-01,,,0.000000E+00,3.197117E-01,,,0.000000E+00,2.763281E-01,,,0.000000E+00,3.357057E-01,,,0.000000E+00,3.913280E-01,,,0.000000E+00,3.394876E-01
