Time,01_A1:ANCHORAGEELMENDORFANNHUM_N99.6CONDNSDPMCDB:Des Heat Load [W],01_A1:ANCHORAGEELMENDORFANNCLG.4CONDNSDBMWB:Des Sens Cool Load [W],01_A1:ANCHORAGEELMENDORFANNHUM_N99.6CONDNSDPMCDB:Des Heat Mass Flow [kg/s],01_A1:ANCHORAGEELMENDORFANNCLG.4CONDNSDBMWB:Des Cool Mass Flow [kg/s],01_A2::Des Heat Load [W],01_A2:ANCHORAGEELMENDORFANNCLG.4CONDNSDBMWB:Des Sens Cool Load [W],01_A2::Des Heat Mass Flow [kg/s],01_A2:ANCHORAGEELMENDORFANNCLG.4CONDNSDBMWB:Des Cool Mass Flow [kg/s],01_B2:ANCHORAGEELMENDORFANNHTG99.6CONDNSDB:Des Heat Load [W],01_B2:ANCHORAGEELMENDORFANNCLG.4CONDNSDBMWB:Des Sens Cool Load [W],01_B2:ANCHORAGEELMENDORFANNHTG99.6CONDNSDB:Des Heat Mass Flow [kg/s],01_B2:ANCHORAGEELMENDORFANNCLG.4CONDNSDBMWB:Des Cool Mass Flow [kg/s],01_C1:ANCHORAGEELMENDORFANNHTG99.6CONDNSDB:Des Heat Load [W],01_C1:ANCHORAGEELMENDORFANNCLG.4CONDNSDBMWB:Des Sens Cool Load [W],01_C1:ANCHORAGEELMENDORFANNHTG99.6CONDNSDB:Des Heat Mass Flow [kg/s],01_C1:ANCHORAGEELMENDORFANNCLG.4CONDNSDBMWB:Des Cool Mass Flow [kg/s],02_A1::Des Heat Load [W],02_A1:ANCHORAGEELMENDORFANNCLG.4CONDNSDBMWB:Des Sens Cool Load [W],02_A1::Des Heat Mass Flow [kg/s],02_A1:ANCHORAGEELMENDORFANNCLG.4CONDNSDBMWB:Des Cool Mass Flow [kg/s],02_A2::Des Heat Load [W],02_A2:ANCHORAGEELMENDORFANNCLG.4CONDNSDBMWB:Des Sens Cool Load [W],02_A2::Des Heat Mass Flow [kg/s],02_A2:ANCHORAGEELMENDORFANNCLG.4CONDNSDBMWB:Des Cool Mass Flow [kg/s],02_B2::Des Heat Load [W],02_B2:ANCHORAGEELMENDORFANNCLG.4CONDNSDBMWB:Des Sens Cool Load [W],02_B2::Des Heat Mass Flow [kg/s],02_B2:ANCHORAGEELMENDORFANNCLG.4CONDNSDBMWB:Des Cool Mass Flow [kg/s],02_C1::Des Heat Load [W],02_C1:ANCHORAGEELMENDORFANNCLG.4CONDNSDBMWB:Des Sens Cool Load [W],02_C1::Des Heat Mass Flow [kg/s],02_C1:ANCHORAGEELMENDORFANNCLG.4CONDNSDBMWB:Des Cool Mass Flow [kg/s],03_A1::Des Heat Load [W],03_A1:ANCHORAGEELMENDORFANNCLG.4CONDNSDBMWB:Des Sens Cool Load [W],03_A1::Des Heat Mass Flow [kg/s],03_A1:ANCHORAGEELMENDORFANNCLG.4CONDNSDBMWB:Des Cool Mass Flow [kg/s],03_A2::Des Heat Load [W],03_A2:ANCHORAGEELMENDORFANNCLG.4CONDNSDBMWB:Des Sens Cool Load [W],03_A2::Des Heat Mass Flow [kg/s],03_A2:ANCHORAGEELMENDORFANNCLG.4CONDNSDBMWB:Des Cool Mass Flow [kg/s],03_B2::Des Heat Load [W],03_B2:ANCHORAGEELMENDORFANNCLG.4CONDNSDBMWB:Des Sens Cool Load [W],03_B2::Des Heat Mass Flow [kg/s],03_B2:ANCHORAGEELMENDORFANNCLG.4CONDNSDBMWB:Des Cool Mass Flow [kg/s],03_C1::Des Heat Load [W],03_C1:ANCHORAGEELMENDORFANNCLG.4CONDNSDBMWB:Des Sens Cool Load [W],03_C1::Des Heat Mass Flow [kg/s],03_C1:ANCHORAGEELMENDORFANNCLG.4CONDNSDBMWB:Des Cool Mass Flow [kg/s]
00:10:00,0.000000E+00,1.212630E+03,0.000000E+00,8.547975E-02,0.000000E+00,1.363890E+03,0.000000E+00,9.615786E-02,0.000000E+00,8.940125E+02,0.000000E+00,6.302440E-02,0.000000E+00,7.413095E+02,0.000000E+00,5.225892E-02,0.000000E+00,2.855200E+03,0.000000E+00,2.012978E-01,0.000000E+00,2.939313E+03,0.000000E+00,2.072262E-01,0.000000E+00,3.439090E+03,0.000000E+00,2.424536E-01,0.000000E+00,3.362164E+03,0.000000E+00,2.370309E-01,0.000000E+00,2.888267E+03,0.000000E+00,2.036290E-01,0.000000E+00,3.083752E+03,0.000000E+00,2.174076E-01,0.000000E+00,3.421332E+03,0.000000E+00,2.412015E-01,0.000000E+00,3.397968E+03,0.000000E+00,2.395548E-01
00:20:00,0.000000E+00,1.134956E+03,0.000000E+00,8.000439E-02,0.000000E+00,1.288634E+03,0.000000E+00,9.085154E-02,0.000000E+00,8.038341E+02,0.000000E+00,5.666691E-02,0.000000E+00,6.511904E+02,0.000000E+00,4.590572E-02,0.000000E+00,2.774705E+03,0.000000E+00,1.956217E-01,0.000000E+00,2.847066E+03,0.000000E+00,2.007217E-01,0.000000E+00,3.335645E+03,0.000000E+00,2.351598E-01,0.000000E+00,3.264832E+03,0.000000E+00,2.301681E-01,0.000000E+00,2.802549E+03,0.000000E+00,1.975846E-01,0.000000E+00,2.989688E+03,0.000000E+00,2.107749E-01,0.000000E+00,3.313707E+03,0.000000E+00,2.336131E-01,0.000000E+00,3.294739E+03,0.000000E+00,2.322763E-01
00:30:00,0.000000E+00,1.057139E+03,0.000000E+00,7.451893E-02,0.000000E+00,1.213514E+03,0.000000E+00,8.555496E-02,0.000000E+00,7.139511E+02,0.000000E+00,5.033027E-02,0.000000E+00,5.610504E+02,0.000000E+00,3.955107E-02,0.000000E+00,2.693724E+03,0.000000E+00,1.899113E-01,0.000000E+00,2.754672E+03,0.000000E+00,1.942069E-01,0.000000E+00,3.232256E+03,0.000000E+00,2.278701E-01,0.000000E+00,3.167124E+03,0.000000E+00,2.232789E-01,0.000000E+00,2.716449E+03,0.000000E+00,1.915134E-01,0.000000E+00,2.895524E+03,0.000000E+00,2.041353E-01,0.000000E+00,3.206273E+03,0.000000E+00,2.260381E-01,0.000000E+00,3.191284E+03,0.000000E+00,2.249819E-01
00:40:00,0.000000E+00,9.791866E+02,0.000000E+00,6.902391E-02,0.000000E+00,1.138551E+03,0.000000E+00,8.026937E-02,0.000000E+00,6.243538E+02,0.000000E+00,4.401376E-02,0.000000E+00,4.709135E+02,0.000000E+00,3.319666E-02,0.000000E+00,2.612271E+03,0.000000E+00,1.841678E-01,0.000000E+00,2.662133E+03,0.000000E+00,1.876819E-01,0.000000E+00,3.128894E+03,0.000000E+00,2.205822E-01,0.000000E+00,3.069043E+03,0.000000E+00,2.163633E-01,0.000000E+00,2.629980E+03,0.000000E+00,1.854161E-01,0.000000E+00,2.801248E+03,0.000000E+00,1.974877E-01,0.000000E+00,3.098986E+03,0.000000E+00,2.184736E-01,0.000000E+00,3.087597E+03,0.000000E+00,2.176711E-01
00:50:00,0.000000E+00,9.011056E+02,0.000000E+00,6.351985E-02,0.000000E+00,1.063724E+03,0.000000E+00,7.499342E-02,0.000000E+00,5.350095E+02,0.000000E+00,3.771507E-02,0.000000E+00,3.807719E+02,0.000000E+00,2.684189E-02,0.000000E+00,2.530362E+03,0.000000E+00,1.783920E-01,0.000000E+00,2.569443E+03,0.000000E+00,1.811461E-01,0.000000E+00,3.025540E+03,0.000000E+00,2.132949E-01,0.000000E+00,2.970593E+03,0.000000E+00,2.094218E-01,0.000000E+00,2.543153E+03,0.000000E+00,1.792936E-01,0.000000E+00,2.706851E+03,0.000000E+00,1.908317E-01,0.000000E+00,2.991813E+03,0.000000E+00,2.109171E-01,0.000000E+00,2.983672E+03,0.000000E+00,2.103437E-01
01:00:00,0.000000E+00,8.229029E+02,0.000000E+00,5.800721E-02,0.000000E+00,9.890251E+02,0.000000E+00,6.972642E-02,0.000000E+00,4.458933E+02,0.000000E+00,3.143246E-02,0.000000E+00,2.906240E+02,0.000000E+00,2.048668E-02,0.000000E+00,2.448010E+03,0.000000E+00,1.725850E-01,0.000000E+00,2.476599E+03,0.000000E+00,1.745997E-01,0.000000E+00,2.922177E+03,0.000000E+00,2.060070E-01,0.000000E+00,2.871779E+03,0.000000E+00,2.024546E-01,0.000000E+00,2.455976E+03,0.000000E+00,1.731465E-01,0.000000E+00,2.612327E+03,0.000000E+00,1.841667E-01,0.000000E+00,2.884730E+03,0.000000E+00,2.033669E-01,0.000000E+00,2.879510E+03,0.000000E+00,2.029994E-01
01:10:00,2.568272E+00,7.866116E+02,2.268901E-04,5.544897E-02,0.000000E+00,9.546684E+02,0.000000E+00,6.730374E-02,0.000000E+00,4.042690E+02,0.000000E+00,2.849792E-02,0.000000E+00,2.488028E+02,0.000000E+00,1.753838E-02,0.000000E+00,2.404678E+03,0.000000E+00,1.695290E-01,0.000000E+00,2.424843E+03,0.000000E+00,1.709499E-01,0.000000E+00,2.862763E+03,0.000000E+00,2.018175E-01,0.000000E+00,2.817688E+03,0.000000E+00,1.986404E-01,0.000000E+00,2.410977E+03,0.000000E+00,1.699730E-01,0.000000E+00,2.562540E+03,0.000000E+00,1.806558E-01,0.000000E+00,2.825544E+03,0.000000E+00,1.991935E-01,0.000000E+00,2.823932E+03,0.000000E+00,1.990804E-01
01:20:00,7.989944E+00,7.528423E+02,7.058600E-04,5.306849E-02,0.000000E+00,9.242229E+02,0.000000E+00,6.515724E-02,0.000000E+00,3.655943E+02,0.000000E+00,2.577156E-02,0.000000E+00,2.097314E+02,0.000000E+00,1.478414E-02,0.000000E+00,2.363531E+03,0.000000E+00,1.666276E-01,0.000000E+00,2.377634E+03,0.000000E+00,1.676212E-01,0.000000E+00,2.806232E+03,0.000000E+00,1.978316E-01,0.000000E+00,2.766176E+03,0.000000E+00,1.950084E-01,0.000000E+00,2.367777E+03,0.000000E+00,1.669268E-01,0.000000E+00,2.514729E+03,0.000000E+00,1.772846E-01,0.000000E+00,2.768731E+03,0.000000E+00,1.951878E-01,0.000000E+00,2.770494E+03,0.000000E+00,1.953127E-01
01:30:00,1.561002E+01,7.204614E+02,1.379046E-03,5.078590E-02,0.000000E+00,8.951450E+02,0.000000E+00,6.310722E-02,0.000000E+00,3.286157E+02,0.000000E+00,2.316480E-02,0.000000E+00,1.723299E+02,0.000000E+00,1.214764E-02,0.000000E+00,2.323648E+03,0.000000E+00,1.638154E-01,0.000000E+00,2.331923E+03,0.000000E+00,1.643982E-01,0.000000E+00,2.751418E+03,0.000000E+00,1.939670E-01,0.000000E+00,2.716176E+03,0.000000E+00,1.914832E-01,0.000000E+00,2.325791E+03,0.000000E+00,1.639664E-01,0.000000E+00,2.468197E+03,0.000000E+00,1.740037E-01,0.000000E+00,2.713478E+03,0.000000E+00,1.912922E-01,0.000000E+00,2.718489E+03,0.000000E+00,1.916461E-01
01:40:00,2.511708E+01,6.890731E+02,2.218934E-03,4.857327E-02,0.000000E+00,8.670295E+02,0.000000E+00,6.112504E-02,0.000000E+00,2.927598E+02,0.000000E+00,2.063717E-02,0.000000E+00,1.360391E+02,0.000000E+00,9.589446E-03,0.000000E+00,2.284654E+03,0.000000E+00,1.610660E-01,0.000000E+00,2.287348E+03,0.000000E+00,1.612554E-01,0.000000E+00,2.697859E+03,0.000000E+00,1.901909E-01,0.000000E+00,2.667249E+03,0.000000E+00,1.880336E-01,0.000000E+00,2.284801E+03,0.000000E+00,1.610763E-01,0.000000E+00,2.422732E+03,0.000000E+00,1.707981E-01,0.000000E+00,2.659528E+03,0.000000E+00,1.874886E-01,0.000000E+00,2.667674E+03,0.000000E+00,1.880634E-01
01:50:00,2.511708E+01,6.584663E+02,2.218934E-03,4.641574E-02,0.000000E+00,8.396524E+02,0.000000E+00,5.919491E-02,0.000000E+00,2.577895E+02,0.000000E+00,1.817197E-02,0.000000E+00,1.006492E+02,0.000000E+00,7.094759E-03,0.000000E+00,2.246356E+03,0.000000E+00,1.583657E-01,0.000000E+00,2.243655E+03,0.000000E+00,1.581749E-01,0.000000E+00,2.645324E+03,0.000000E+00,1.864870E-01,0.000000E+00,2.619189E+03,0.000000E+00,1.846452E-01,0.000000E+00,2.244647E+03,0.000000E+00,1.582451E-01,0.000000E+00,2.378158E+03,0.000000E+00,1.676554E-01,0.000000E+00,2.606691E+03,0.000000E+00,1.837634E-01,0.000000E+00,2.617881E+03,0.000000E+00,1.845529E-01
02:00:00,2.511708E+01,6.285185E+02,2.218934E-03,4.430467E-02,0.000000E+00,8.128901E+02,0.000000E+00,5.730811E-02,0.000000E+00,2.235731E+02,0.000000E+00,1.575992E-02,0.000000E+00,6.603554E+01,0.000000E+00,4.654800E-03,0.000000E+00,2.208643E+03,0.000000E+00,1.557066E-01,0.000000E+00,2.200714E+03,0.000000E+00,1.551473E-01,0.000000E+00,2.593690E+03,0.000000E+00,1.828466E-01,0.000000E+00,2.571881E+03,0.000000E+00,1.813099E-01,0.000000E+00,2.205220E+03,0.000000E+00,1.554652E-01,0.000000E+00,2.334371E+03,0.000000E+00,1.645682E-01,0.000000E+00,2.554848E+03,0.000000E+00,1.801083E-01,0.000000E+00,2.568999E+03,0.000000E+00,1.811066E-01
02:10:00,2.254881E+01,6.076410E+02,1.992044E-03,4.283297E-02,0.000000E+00,7.946555E+02,0.000000E+00,5.602252E-02,0.000000E+00,1.993992E+02,0.000000E+00,1.405581E-02,0.000000E+00,4.791693E+01,0.000000E+00,3.377605E-03,0.000000E+00,2.179365E+03,0.000000E+00,1.536423E-01,0.000000E+00,2.166703E+03,0.000000E+00,1.527493E-01,0.000000E+00,2.551511E+03,0.000000E+00,1.798729E-01,0.000000E+00,2.534015E+03,0.000000E+00,1.786402E-01,0.000000E+00,2.175033E+03,0.000000E+00,1.533368E-01,0.000000E+00,2.300413E+03,0.000000E+00,1.621739E-01,0.000000E+00,2.513384E+03,0.000000E+00,1.771850E-01,0.000000E+00,2.530515E+03,0.000000E+00,1.783933E-01
02:20:00,1.712713E+01,5.878335E+02,1.513074E-03,4.143670E-02,0.000000E+00,7.777425E+02,0.000000E+00,5.483018E-02,0.000000E+00,1.764027E+02,0.000000E+00,1.243473E-02,0.000000E+00,3.328215E+01,0.000000E+00,2.346013E-03,0.000000E+00,2.151101E+03,0.000000E+00,1.516495E-01,0.000000E+00,2.134306E+03,0.000000E+00,1.504652E-01,0.000000E+00,2.510705E+03,0.000000E+00,1.769960E-01,0.000000E+00,2.497382E+03,0.000000E+00,1.760574E-01,0.000000E+00,2.145871E+03,0.000000E+00,1.512807E-01,0.000000E+00,2.267538E+03,0.000000E+00,1.598561E-01,0.000000E+00,2.473226E+03,0.000000E+00,1.743538E-01,0.000000E+00,2.493260E+03,0.000000E+00,1.757668E-01
02:30:00,9.507053E+00,5.687795E+02,8.398886E-04,4.009354E-02,0.000000E+00,7.615059E+02,0.000000E+00,5.368552E-02,0.000000E+00,1.542402E+02,0.000000E+00,1.087246E-02,0.000000E+00,2.152006E+01,0.000000E+00,1.516916E-03,0.000000E+00,2.123591E+03,0.000000E+00,1.497099E-01,0.000000E+00,2.102787E+03,0.000000E+00,1.482430E-01,0.000000E+00,2.470955E+03,0.000000E+00,1.741935E-01,0.000000E+00,2.461685E+03,0.000000E+00,1.735408E-01,0.000000E+00,2.117534E+03,0.000000E+00,1.492828E-01,0.000000E+00,2.235522E+03,0.000000E+00,1.575989E-01,0.000000E+00,2.434118E+03,0.000000E+00,1.715967E-01,0.000000E+00,2.457000E+03,0.000000E+00,1.732104E-01
02:40:00,0.000000E+00,5.503244E+02,0.000000E+00,3.879261E-02,0.000000E+00,7.457972E+02,0.000000E+00,5.257809E-02,0.000000E+00,1.327184E+02,0.000000E+00,9.355348E-03,0.000000E+00,1.218571E+01,0.000000E+00,8.589510E-04,0.000000E+00,2.096698E+03,0.000000E+00,1.478138E-01,0.000000E+00,2.072003E+03,0.000000E+00,1.460728E-01,0.000000E+00,2.432097E+03,0.000000E+00,1.714540E-01,0.000000E+00,2.426771E+03,0.000000E+00,1.710793E-01,0.000000E+00,2.089895E+03,0.000000E+00,1.473342E-01,0.000000E+00,2.204222E+03,0.000000E+00,1.553922E-01,0.000000E+00,2.395910E+03,0.000000E+00,1.689030E-01,0.000000E+00,2.421593E+03,0.000000E+00,1.707142E-01
02:50:00,0.000000E+00,5.323898E+02,0.000000E+00,3.752837E-02,0.000000E+00,7.305488E+02,0.000000E+00,5.150310E-02,0.000000E+00,1.117621E+02,0.000000E+00,7.878108E-03,0.000000E+00,5.071278E+00,0.000000E+00,3.574655E-04,0.000000E+00,2.070357E+03,0.000000E+00,1.459567E-01,0.000000E+00,2.041877E+03,0.000000E+00,1.439488E-01,0.000000E+00,2.394063E+03,0.000000E+00,1.687726E-01,0.000000E+00,2.392569E+03,0.000000E+00,1.686680E-01,0.000000E+00,2.062898E+03,0.000000E+00,1.454308E-01,0.000000E+00,2.173608E+03,0.000000E+00,1.532338E-01,0.000000E+00,2.358558E+03,0.000000E+00,1.662697E-01,0.000000E+00,2.386986E+03,0.000000E+00,1.682744E-01
03:00:00,0.000000E+00,5.149103E+02,0.000000E+00,3.629621E-02,0.000000E+00,7.157163E+02,0.000000E+00,5.045742E-02,1.059592E+01,9.130698E+01,7.479861E-04,6.436192E-03,0.000000E+00,0.000000E+00,0.000000E+00,0.000000E+00,0.000000E+00,2.044514E+03,0.000000E+00,1.441346E-01,0.000000E+00,2.012356E+03,0.000000E+00,1.418675E-01,0.000000E+00,2.356800E+03,0.000000E+00,1.661456E-01,0.000000E+00,2.359021E+03,0.000000E+00,1.663029E-01,0.000000E+00,2.036485E+03,0.000000E+00,1.435686E-01,0.000000E+00,2.143627E+03,0.000000E+00,1.511201E-01,0.000000E+00,2.322005E+03,0.000000E+00,1.636927E-01,0.000000E+00,2.353116E+03,0.000000E+00,1.658865E-01
03:10:00,0.000000E+00,5.020710E+02,0.000000E+00,3.539114E-02,0.000000E+00,7.051978E+02,0.000000E+00,4.971589E-02,2.585046E+01,7.596820E+01,1.824259E-03,5.354944E-03,0.000000E+00,0.000000E+00,0.000000E+00,0.000000E+00,0.000000E+00,2.023086E+03,0.000000E+00,1.426239E-01,0.000000E+00,1.987488E+03,0.000000E+00,1.401143E-01,0.000000E+00,2.324572E+03,0.000000E+00,1.638735E-01,0.000000E+00,2.330453E+03,0.000000E+00,1.642888E-01,0.000000E+00,2.014895E+03,0.000000E+00,1.420464E-01,0.000000E+00,2.118778E+03,0.000000E+00,1.493682E-01,0.000000E+00,2.290919E+03,0.000000E+00,1.615011E-01,0.000000E+00,2.324698E+03,0.000000E+00,1.638830E-01
03:20:00,0.000000E+00,4.898565E+02,0.000000E+00,3.453012E-02,0.000000E+00,6.954683E+02,0.000000E+00,4.903001E-02,4.411164E+01,6.129341E+01,3.112679E-03,4.320520E-03,1.958819E+00,0.000000E+00,1.386232E-04,0.000000E+00,0.000000E+00,2.002350E+03,0.000000E+00,1.411619E-01,0.000000E+00,1.963627E+03,0.000000E+00,1.384321E-01,0.000000E+00,2.293319E+03,0.000000E+00,1.616702E-01,0.000000E+00,2.302739E+03,0.000000E+00,1.623350E-01,0.000000E+00,1.994002E+03,0.000000E+00,1.405734E-01,0.000000E+00,2.094676E+03,0.000000E+00,1.476690E-01,0.000000E+00,2.260742E+03,0.000000E+00,1.593737E-01,0.000000E+00,2.297124E+03,0.000000E+00,1.619391E-01
03:30:00,0.000000E+00,4.781001E+02,0.000000E+00,3.370140E-02,0.000000E+00,6.861488E+02,0.000000E+00,4.837305E-02,6.475892E+01,4.711106E+01,4.569466E-03,3.320812E-03,1.743623E+01,0.000000E+00,1.230589E-03,0.000000E+00,0.000000E+00,1.982173E+03,0.000000E+00,1.397394E-01,0.000000E+00,1.940404E+03,0.000000E+00,1.367949E-01,0.000000E+00,2.262879E+03,0.000000E+00,1.595242E-01,0.000000E+00,2.275722E+03,0.000000E+00,1.604303E-01,0.000000E+00,1.973701E+03,0.000000E+00,1.391422E-01,0.000000E+00,2.071205E+03,0.000000E+00,1.460143E-01,0.000000E+00,2.231345E+03,0.000000E+00,1.573012E-01,0.000000E+00,2.270273E+03,0.000000E+00,1.600461E-01
03:40:00,0.000000E+00,4.667208E+02,0.000000E+00,3.289925E-02,0.000000E+00,6.771823E+02,0.000000E+00,4.774096E-02,8.724593E+01,3.332003E+01,6.156068E-03,2.348692E-03,2.953614E+01,0.000000E+00,2.084294E-03,0.000000E+00,0.000000E+00,1.962484E+03,0.000000E+00,1.383513E-01,0.000000E+00,1.917752E+03,0.000000E+00,1.351979E-01,0.000000E+00,2.233170E+03,0.000000E+00,1.574298E-01,0.000000E+00,2.249316E+03,0.000000E+00,1.585687E-01,0.000000E+00,1.953933E+03,0.000000E+00,1.377485E-01,0.000000E+00,2.048307E+03,0.000000E+00,1.444000E-01,0.000000E+00,2.202662E+03,0.000000E+00,1.552791E-01,0.000000E+00,2.244076E+03,0.000000E+00,1.581993E-01
03:50:00,0.000000E+00,4.556658E+02,0.000000E+00,3.211996E-02,0.000000E+00,6.684836E+02,0.000000E+00,4.712776E-02,1.113855E+02,2.084663E+01,7.859281E-03,1.469453E-03,4.595731E+01,0.000000E+00,3.242875E-03,0.000000E+00,0.000000E+00,1.943240E+03,0.000000E+00,1.369946E-01,0.000000E+00,1.895618E+03,0.000000E+00,1.336374E-01,0.000000E+00,2.204141E+03,0.000000E+00,1.553833E-01,0.000000E+00,2.223468E+03,0.000000E+00,1.567465E-01,0.000000E+00,1.934651E+03,0.000000E+00,1.363890E-01,0.000000E+00,2.025940E+03,0.000000E+00,1.428231E-01,0.000000E+00,2.174646E+03,0.000000E+00,1.533040E-01,0.000000E+00,2.218485E+03,0.000000E+00,1.563952E-01
04:00:00,0.000000E+00,4.448957E+02,0.000000E+00,3.136077E-02,0.000000E+00,6.600010E+02,0.000000E+00,4.652977E-02,1.264262E+02,9.898650E+00,8.920138E-03,6.977406E-04,6.433636E+01,0.000000E+00,4.539607E-03,0.000000E+00,0.000000E+00,1.924407E+03,0.000000E+00,1.356669E-01,0.000000E+00,1.873968E+03,0.000000E+00,1.321111E-01,0.000000E+00,2.175755E+03,0.000000E+00,1.533822E-01,0.000000E+00,2.198139E+03,0.000000E+00,1.549608E-01,0.000000E+00,1.915816E+03,0.000000E+00,1.350612E-01,0.000000E+00,2.004068E+03,0.000000E+00,1.412811E-01,0.000000E+00,2.147257E+03,0.000000E+00,1.513732E-01,0.000000E+00,2.193459E+03,0.000000E+00,1.546309E-01
04:10:00,0.000000E+00,4.434087E+02,0.000000E+00,3.125593E-02,0.000000E+00,6.600535E+02,0.000000E+00,4.653349E-02,1.318632E+02,5.106788E+00,9.303813E-03,3.599675E-04,7.756063E+01,0.000000E+00,5.472650E-03,0.000000E+00,0.000000E+00,1.914709E+03,0.000000E+00,1.349831E-01,0.000000E+00,1.861521E+03,0.000000E+00,1.312336E-01,0.000000E+00,2.158676E+03,0.000000E+00,1.521781E-01,0.000000E+00,2.184747E+03,0.000000E+00,1.540167E-01,0.000000E+00,1.906501E+03,0.000000E+00,1.344045E-01,0.000000E+00,1.991940E+03,0.000000E+00,1.404261E-01,0.000000E+00,2.131609E+03,0.000000E+00,1.502700E-01,0.000000E+00,2.180846E+03,0.000000E+00,1.537417E-01
04:20:00,0.000000E+00,4.473301E+02,0.000000E+00,3.153234E-02,0.000000E+00,6.611248E+02,0.000000E+00,4.660911E-02,1.356204E+02,1.178567E+01,9.568926E-03,8.307833E-04,9.056322E+01,0.000000E+00,6.389618E-03,0.000000E+00,0.000000E+00,1.909512E+03,0.000000E+00,1.346167E-01,0.000000E+00,1.851025E+03,0.000000E+00,1.304938E-01,0.000000E+00,2.147986E+03,0.000000E+00,1.514245E-01,0.000000E+00,2.182360E+03,0.000000E+00,1.538485E-01,0.000000E+00,1.903212E+03,0.000000E+00,1.341726E-01,0.000000E+00,1.982344E+03,0.000000E+00,1.397496E-01,0.000000E+00,2.124785E+03,0.000000E+00,1.497890E-01,0.000000E+00,2.183456E+03,0.000000E+00,1.539257E-01
04:30:00,0.000000E+00,4.560527E+02,0.000000E+00,3.214718E-02,0.000000E+00,6.629720E+02,0.000000E+00,4.673944E-02,1.380904E+02,2.217348E+01,9.743220E-03,1.563013E-03,9.150315E+01,0.000000E+00,6.455972E-03,0.000000E+00,0.000000E+00,1.908587E+03,0.000000E+00,1.345516E-01,0.000000E+00,1.841870E+03,0.000000E+00,1.298484E-01,0.000000E+00,2.142294E+03,0.000000E+00,1.510233E-01,0.000000E+00,2.190148E+03,0.000000E+00,1.543976E-01,0.000000E+00,1.905009E+03,0.000000E+00,1.342994E-01,0.000000E+00,1.974210E+03,0.000000E+00,1.391762E-01,0.000000E+00,2.123937E+03,0.000000E+00,1.497293E-01,0.000000E+00,2.198371E+03,0.000000E+00,1.549773E-01
04:40:00,0.000000E+00,4.719637E+02,0.000000E+00,3.326874E-02,0.000000E+00,6.654755E+02,0.000000E+00,4.691603E-02,1.397863E+02,3.958890E+01,9.862890E-03,2.790621E-03,9.721265E+01,0.000000E+00,6.858807E-03,0.000000E+00,0.000000E+00,1.913991E+03,0.000000E+00,1.349327E-01,0.000000E+00,1.833988E+03,0.000000E+00,1.292928E-01,0.000000E+00,2.142941E+03,0.000000E+00,1.510691E-01,0.000000E+00,2.212800E+03,0.000000E+00,1.559947E-01,0.000000E+00,1.914517E+03,0.000000E+00,1.349698E-01,0.000000E+00,1.967702E+03,0.000000E+00,1.387175E-01,0.000000E+00,2.130909E+03,0.000000E+00,1.502209E-01,0.000000E+00,2.231660E+03,0.000000E+00,1.573244E-01
04:50:00,0.000000E+00,4.959977E+02,0.000000E+00,3.496288E-02,0.000000E+00,6.686636E+02,0.000000E+00,4.714088E-02,1.408016E+02,6.209322E+01,9.934534E-03,4.376967E-03,9.986573E+01,9.060521E+00,7.046013E-03,6.428748E-04,0.000000E+00,1.926715E+03,0.000000E+00,1.358298E-01,0.000000E+00,1.827385E+03,0.000000E+00,1.288274E-01,0.000000E+00,2.149578E+03,0.000000E+00,1.515371E-01,0.000000E+00,2.251843E+03,0.000000E+00,1.587474E-01,0.000000E+00,1.932734E+03,0.000000E+00,1.362542E-01,0.000000E+00,1.962837E+03,0.000000E+00,1.383746E-01,0.000000E+00,2.145131E+03,0.000000E+00,1.512237E-01,0.000000E+00,2.284644E+03,0.000000E+00,1.610600E-01
05:00:00,0.000000E+00,5.309587E+02,0.000000E+00,3.742728E-02,0.000000E+00,6.726397E+02,0.000000E+00,4.742129E-02,1.412355E+02,9.034577E+01,9.965157E-03,6.368538E-03,1.017435E+02,6.375721E+01,7.178513E-03,4.498452E-03,0.000000E+00,1.949292E+03,0.000000E+00,1.374217E-01,0.000000E+00,1.822241E+03,0.000000E+00,1.284648E-01,0.000000E+00,2.163113E+03,0.000000E+00,1.524914E-01,0.000000E+00,2.312446E+03,0.000000E+00,1.630202E-01,0.000000E+00,1.962872E+03,0.000000E+00,1.383791E-01,0.000000E+00,1.959908E+03,0.000000E+00,1.381682E-01,0.000000E+00,2.167950E+03,0.000000E+00,1.528326E-01,0.000000E+00,2.364078E+03,0.000000E+00,1.666605E-01
05:10:00,0.000000E+00,6.012845E+02,0.000000E+00,4.238453E-02,0.000000E+00,6.989405E+02,0.000000E+00,4.927563E-02,1.205439E+02,1.566351E+02,8.505209E-03,1.104146E-02,8.851927E+01,1.603181E+02,6.245470E-03,1.130587E-02,0.000000E+00,2.005143E+03,0.000000E+00,1.413594E-01,0.000000E+00,1.842222E+03,0.000000E+00,1.298735E-01,0.000000E+00,2.208254E+03,0.000000E+00,1.556739E-01,0.000000E+00,2.420613E+03,0.000000E+00,1.706462E-01,0.000000E+00,2.029682E+03,0.000000E+00,1.430895E-01,0.000000E+00,1.985271E+03,0.000000E+00,1.399562E-01,0.000000E+00,2.225617E+03,0.000000E+00,1.568982E-01,0.000000E+00,2.496816E+03,0.000000E+00,1.760189E-01
05:20:00,0.000000E+00,6.779694E+02,0.000000E+00,4.779003E-02,0.000000E+00,7.276833E+02,0.000000E+00,5.130249E-02,9.852558E+01,2.158097E+02,6.951677E-03,1.521337E-02,7.355786E+01,2.781465E+02,5.189879E-03,1.961364E-02,0.000000E+00,2.068130E+03,0.000000E+00,1.458004E-01,0.000000E+00,1.865315E+03,0.000000E+00,1.315018E-01,0.000000E+00,2.253166E+03,0.000000E+00,1.588405E-01,0.000000E+00,2.538415E+03,0.000000E+00,1.789520E-01,0.000000E+00,2.103171E+03,0.000000E+00,1.482710E-01,0.000000E+00,2.012086E+03,0.000000E+00,1.418469E-01,0.000000E+00,2.280931E+03,0.000000E+00,1.607982E-01,0.000000E+00,2.637262E+03,0.000000E+00,1.859212E-01
05:30:00,0.000000E+00,7.609926E+02,0.000000E+00,5.364232E-02,0.000000E+00,7.576424E+02,0.000000E+00,5.341508E-02,7.540828E+01,2.743245E+02,5.320596E-03,1.933885E-02,5.714052E+01,4.120664E+02,4.031560E-03,2.905653E-02,0.000000E+00,2.138167E+03,0.000000E+00,1.507385E-01,0.000000E+00,1.890231E+03,0.000000E+00,1.332587E-01,0.000000E+00,2.297615E+03,0.000000E+00,1.619745E-01,0.000000E+00,2.665695E+03,0.000000E+00,1.879260E-01,0.000000E+00,2.184310E+03,0.000000E+00,1.539919E-01,0.000000E+00,2.041069E+03,0.000000E+00,1.438905E-01,0.000000E+00,2.335380E+03,0.000000E+00,1.646372E-01,0.000000E+00,2.787750E+03,0.000000E+00,1.965314E-01
05:40:00,0.000000E+00,8.477400E+02,0.000000E+00,5.975713E-02,0.000000E+00,7.886262E+02,0.000000E+00,5.559989E-02,5.122538E+01,3.274860E+02,3.614324E-03,2.308699E-02,3.933112E+01,5.610180E+02,2.775019E-03,3.955970E-02,0.000000E+00,2.213160E+03,0.000000E+00,1.560261E-01,0.000000E+00,1.916842E+03,0.000000E+00,1.351352E-01,0.000000E+00,2.339237E+03,0.000000E+00,1.649091E-01,0.000000E+00,2.797165E+03,0.000000E+00,1.971953E-01,0.000000E+00,2.270572E+03,0.000000E+00,1.600740E-01,0.000000E+00,2.071965E+03,0.000000E+00,1.460690E-01,0.000000E+00,2.386232E+03,0.000000E+00,1.682225E-01,0.000000E+00,2.941742E+03,0.000000E+00,2.073887E-01
05:50:00,0.000000E+00,9.370930E+02,0.000000E+00,6.605561E-02,0.000000E+00,8.205578E+02,0.000000E+00,5.785148E-02,2.607049E+01,3.756249E+02,1.839466E-03,2.648105E-02,2.025686E+01,7.151669E+02,1.429231E-03,5.042565E-02,0.000000E+00,2.292139E+03,0.000000E+00,1.615946E-01,0.000000E+00,1.945037E+03,0.000000E+00,1.371232E-01,0.000000E+00,2.377762E+03,0.000000E+00,1.676254E-01,0.000000E+00,2.930882E+03,0.000000E+00,2.066230E-01,0.000000E+00,2.361015E+03,0.000000E+00,1.664508E-01,0.000000E+00,2.104742E+03,0.000000E+00,1.483800E-01,0.000000E+00,2.433466E+03,0.000000E+00,1.715528E-01,0.000000E+00,3.097474E+03,0.000000E+00,2.183685E-01
06:00:00,0.000000E+00,1.026029E+03,0.000000E+00,7.232467E-02,0.000000E+00,8.533022E+02,0.000000E+00,6.016036E-02,0.000000E+00,4.174935E+02,0.000000E+00,2.943307E-02,0.000000E+00,8.372881E+02,0.000000E+00,5.903872E-02,0.000000E+00,2.372556E+03,0.000000E+00,1.672645E-01,0.000000E+00,1.974589E+03,0.000000E+00,1.392070E-01,0.000000E+00,2.411936E+03,0.000000E+00,1.700348E-01,0.000000E+00,3.061350E+03,0.000000E+00,2.158215E-01,0.000000E+00,2.452395E+03,0.000000E+00,1.728936E-01,0.000000E+00,2.139105E+03,0.000000E+00,1.508029E-01,0.000000E+00,2.475424E+03,0.000000E+00,1.745110E-01,0.000000E+00,3.247788E+03,0.000000E+00,2.289662E-01
06:10:00,0.000000E+00,1.133822E+03,0.000000E+00,7.992302E-02,0.000000E+00,9.046165E+02,0.000000E+00,6.377850E-02,0.000000E+00,4.751421E+02,0.000000E+00,3.349782E-02,0.000000E+00,9.858804E+02,0.000000E+00,6.951890E-02,0.000000E+00,2.471738E+03,0.000000E+00,1.742574E-01,0.000000E+00,2.023697E+03,0.000000E+00,1.426694E-01,0.000000E+00,2.460908E+03,0.000000E+00,1.734875E-01,0.000000E+00,3.206514E+03,0.000000E+00,2.260560E-01,0.000000E+00,2.564434E+03,0.000000E+00,1.807929E-01,0.000000E+00,2.196396E+03,0.000000E+00,1.548422E-01,0.000000E+00,2.534497E+03,0.000000E+00,1.786757E-01,0.000000E+00,3.414297E+03,0.000000E+00,2.407054E-01
06:20:00,0.000000E+00,1.244344E+03,0.000000E+00,8.771369E-02,0.000000E+00,9.604998E+02,0.000000E+00,6.771916E-02,0.000000E+00,5.339289E+02,0.000000E+00,3.764352E-02,0.000000E+00,1.130496E+03,0.000000E+00,7.972030E-02,0.000000E+00,2.574904E+03,0.000000E+00,1.815313E-01,0.000000E+00,2.077820E+03,0.000000E+00,1.464858E-01,0.000000E+00,2.511778E+03,0.000000E+00,1.770741E-01,0.000000E+00,3.354728E+03,0.000000E+00,2.365056E-01,0.000000E+00,2.680496E+03,0.000000E+00,1.889760E-01,0.000000E+00,2.257271E+03,0.000000E+00,1.591345E-01,0.000000E+00,2.595623E+03,0.000000E+00,1.829854E-01,0.000000E+00,3.584007E+03,0.000000E+00,2.526705E-01
06:30:00,0.000000E+00,1.355859E+03,0.000000E+00,9.557437E-02,0.000000E+00,1.018078E+03,0.000000E+00,7.177935E-02,0.000000E+00,5.934874E+02,0.000000E+00,4.184366E-02,0.000000E+00,1.274283E+03,0.000000E+00,8.986301E-02,0.000000E+00,2.680610E+03,0.000000E+00,1.889844E-01,0.000000E+00,2.134450E+03,0.000000E+00,1.504789E-01,0.000000E+00,2.564076E+03,0.000000E+00,1.807615E-01,0.000000E+00,3.504639E+03,0.000000E+00,2.470749E-01,0.000000E+00,2.798987E+03,0.000000E+00,1.973304E-01,0.000000E+00,2.320563E+03,0.000000E+00,1.635972E-01,0.000000E+00,2.658197E+03,0.000000E+00,1.873973E-01,0.000000E+00,3.755062E+03,0.000000E+00,2.647303E-01
06:40:00,0.000000E+00,1.467485E+03,0.000000E+00,1.034429E-01,0.000000E+00,1.077003E+03,0.000000E+00,7.593452E-02,0.000000E+00,6.542963E+02,0.000000E+00,4.613189E-02,0.000000E+00,1.416742E+03,0.000000E+00,9.991148E-02,0.000000E+00,2.788011E+03,0.000000E+00,1.965571E-01,0.000000E+00,2.193150E+03,0.000000E+00,1.546179E-01,0.000000E+00,2.618197E+03,0.000000E+00,1.845775E-01,0.000000E+00,3.655730E+03,0.000000E+00,2.577273E-01,0.000000E+00,2.919034E+03,0.000000E+00,2.057948E-01,0.000000E+00,2.385987E+03,0.000000E+00,1.682103E-01,0.000000E+00,2.722797E+03,0.000000E+00,1.919520E-01,0.000000E+00,3.926907E+03,0.000000E+00,2.768459E-01
06:50:00,0.000000E+00,1.578782E+03,0.000000E+00,1.112882E-01,0.000000E+00,1.137083E+03,0.000000E+00,8.017102E-02,0.000000E+00,7.168822E+02,0.000000E+00,5.054534E-02,0.000000E+00,1.558188E+03,0.000000E+00,1.098877E-01,0.000000E+00,2.896628E+03,0.000000E+00,2.042156E-01,0.000000E+00,2.253691E+03,0.000000E+00,1.588869E-01,0.000000E+00,2.674528E+03,0.000000E+00,1.885493E-01,0.000000E+00,3.807975E+03,0.000000E+00,2.684612E-01,0.000000E+00,3.040165E+03,0.000000E+00,2.143356E-01,0.000000E+00,2.453354E+03,0.000000E+00,1.729605E-01,0.000000E+00,2.789920E+03,0.000000E+00,1.966847E-01,0.000000E+00,4.099629E+03,0.000000E+00,2.890234E-01
07:00:00,0.000000E+00,1.689303E+03,0.000000E+00,1.190789E-01,0.000000E+00,1.198188E+03,0.000000E+00,8.447970E-02,0.000000E+00,7.817978E+02,0.000000E+00,5.512297E-02,0.000000E+00,1.698498E+03,0.000000E+00,1.197832E-01,0.000000E+00,3.005987E+03,0.000000E+00,2.119265E-01,0.000000E+00,2.315922E+03,0.000000E+00,1.632750E-01,0.000000E+00,2.733349E+03,0.000000E+00,1.926967E-01,0.000000E+00,3.961050E+03,0.000000E+00,2.792536E-01,0.000000E+00,3.161846E+03,0.000000E+00,2.229151E-01,0.000000E+00,2.522503E+03,0.000000E+00,1.778363E-01,0.000000E+00,2.860013E+03,0.000000E+00,2.016268E-01,0.000000E+00,4.272853E+03,0.000000E+00,3.012362E-01
07:10:00,0.000000E+00,1.792921E+03,0.000000E+00,1.263829E-01,0.000000E+00,1.256207E+03,0.000000E+00,8.857094E-02,0.000000E+00,8.409329E+02,0.000000E+00,5.929338E-02,0.000000E+00,1.827343E+03,0.000000E+00,1.288693E-01,0.000000E+00,3.109960E+03,0.000000E+00,2.192578E-01,0.000000E+00,2.374526E+03,0.000000E+00,1.674075E-01,0.000000E+00,2.786646E+03,0.000000E+00,1.964548E-01,0.000000E+00,4.104554E+03,0.000000E+00,2.893714E-01,0.000000E+00,3.277841E+03,0.000000E+00,2.310940E-01,0.000000E+00,2.587663E+03,0.000000E+00,1.824309E-01,0.000000E+00,2.925000E+03,0.000000E+00,2.062091E-01,0.000000E+00,4.436022E+03,0.000000E+00,3.127404E-01
07:20:00,0.000000E+00,1.894307E+03,0.000000E+00,1.335297E-01,0.000000E+00,1.314636E+03,0.000000E+00,9.269102E-02,0.000000E+00,9.014458E+02,0.000000E+00,6.356089E-02,0.000000E+00,1.952925E+03,0.000000E+00,1.377237E-01,0.000000E+00,3.213289E+03,0.000000E+00,2.265436E-01,0.000000E+00,2.434288E+03,0.000000E+00,1.716217E-01,0.000000E+00,2.841494E+03,0.000000E+00,2.003224E-01,0.000000E+00,4.246272E+03,0.000000E+00,2.993632E-01,0.000000E+00,3.392719E+03,0.000000E+00,2.391941E-01,0.000000E+00,2.653810E+03,0.000000E+00,1.870952E-01,0.000000E+00,2.991648E+03,0.000000E+00,2.109085E-01,0.000000E+00,4.596449E+03,0.000000E+00,3.240511E-01
07:30:00,0.000000E+00,1.993688E+03,0.000000E+00,1.405350E-01,0.000000E+00,1.373783E+03,0.000000E+00,9.686168E-02,0.000000E+00,9.635824E+02,0.000000E+00,6.794278E-02,0.000000E+00,2.074942E+03,0.000000E+00,1.463258E-01,0.000000E+00,3.315985E+03,0.000000E+00,2.337848E-01,0.000000E+00,2.495404E+03,0.000000E+00,1.759313E-01,0.000000E+00,2.898270E+03,0.000000E+00,2.043257E-01,0.000000E+00,4.386003E+03,0.000000E+00,3.092149E-01,0.000000E+00,3.506656E+03,0.000000E+00,2.472279E-01,0.000000E+00,2.721464E+03,0.000000E+00,1.918657E-01,0.000000E+00,3.060647E+03,0.000000E+00,2.157737E-01,0.000000E+00,4.754343E+03,0.000000E+00,3.351833E-01
07:40:00,0.000000E+00,2.090970E+03,0.000000E+00,1.473925E-01,0.000000E+00,1.433714E+03,0.000000E+00,1.010876E-01,0.000000E+00,1.027139E+03,0.000000E+00,7.242469E-02,0.000000E+00,2.193083E+03,0.000000E+00,1.546538E-01,0.000000E+00,3.417881E+03,0.000000E+00,2.409697E-01,0.000000E+00,2.557961E+03,0.000000E+00,1.803424E-01,0.000000E+00,2.956740E+03,0.000000E+00,2.084486E-01,0.000000E+00,4.523126E+03,0.000000E+00,3.188827E-01,0.000000E+00,3.619471E+03,0.000000E+00,2.551825E-01,0.000000E+00,2.790561E+03,0.000000E+00,1.967380E-01,0.000000E+00,3.131675E+03,0.000000E+00,2.207819E-01,0.000000E+00,4.909053E+03,0.000000E+00,3.460910E-01
07:50:00,0.000000E+00,2.185849E+03,0.000000E+00,1.540806E-01,0.000000E+00,1.494353E+03,0.000000E+00,1.053633E-01,0.000000E+00,1.091834E+03,0.000000E+00,7.698673E-02,0.000000E+00,2.306585E+03,0.000000E+00,1.626542E-01,0.000000E+00,3.518632E+03,0.000000E+00,2.480738E-01,0.000000E+00,2.621886E+03,0.000000E+00,1.848500E-01,0.000000E+00,3.016713E+03,0.000000E+00,2.126773E-01,0.000000E+00,4.656823E+03,0.000000E+00,3.283089E-01,0.000000E+00,3.730743E+03,0.000000E+00,2.630284E-01,0.000000E+00,2.861018E+03,0.000000E+00,2.017061E-01,0.000000E+00,3.204466E+03,0.000000E+00,2.259144E-01,0.000000E+00,5.059618E+03,0.000000E+00,3.567063E-01
08:00:00,0.000000E+00,2.278596E+03,0.000000E+00,1.606183E-01,0.000000E+00,1.556137E+03,0.000000E+00,1.097198E-01,0.000000E+00,1.157749E+03,0.000000E+00,8.163465E-02,0.000000E+00,2.416065E+03,0.000000E+00,1.703706E-01,0.000000E+00,3.618330E+03,0.000000E+00,2.551036E-01,0.000000E+00,2.687598E+03,0.000000E+00,1.894836E-01,0.000000E+00,3.078449E+03,0.000000E+00,2.170304E-01,0.000000E+00,4.787406E+03,0.000000E+00,3.375156E-01,0.000000E+00,3.840591E+03,0.000000E+00,2.707739E-01,0.000000E+00,2.933251E+03,0.000000E+00,2.067994E-01,0.000000E+00,3.279248E+03,0.000000E+00,2.311872E-01,0.000000E+00,5.206508E+03,0.000000E+00,3.670626E-01
08:10:00,0.000000E+00,2.315362E+03,0.000000E+00,1.632101E-01,0.000000E+00,1.568583E+03,0.000000E+00,1.105976E-01,0.000000E+00,1.161415E+03,0.000000E+00,8.189337E-02,0.000000E+00,2.454138E+03,0.000000E+00,1.730515E-01,0.000000E+00,3.665992E+03,0.000000E+00,2.584647E-01,0.000000E+00,2.703247E+03,0.000000E+00,1.905876E-01,0.000000E+00,3.082369E+03,0.000000E+00,2.173074E-01,0.000000E+00,4.851256E+03,0.000000E+00,3.420175E-01,0.000000E+00,3.894485E+03,0.000000E+00,2.745745E-01,0.000000E+00,2.950142E+03,0.000000E+00,2.079910E-01,0.000000E+00,3.291845E+03,0.000000E+00,2.320760E-01,0.000000E+00,5.281610E+03,0.000000E+00,3.723579E-01
08:20:00,0.000000E+00,2.346943E+03,0.000000E+00,1.654363E-01,0.000000E+00,1.577264E+03,0.000000E+00,1.112090E-01,0.000000E+00,1.163197E+03,0.000000E+00,8.201774E-02,0.000000E+00,2.485249E+03,0.000000E+00,1.752398E-01,0.000000E+00,3.709382E+03,0.000000E+00,2.615241E-01,0.000000E+00,2.715310E+03,0.000000E+00,1.914380E-01,0.000000E+00,3.084475E+03,0.000000E+00,2.174559E-01,0.000000E+00,4.908499E+03,0.000000E+00,3.460530E-01,0.000000E+00,3.944237E+03,0.000000E+00,2.780823E-01,0.000000E+00,2.966360E+03,0.000000E+00,2.091345E-01,0.000000E+00,3.303450E+03,0.000000E+00,2.328941E-01,0.000000E+00,5.350135E+03,0.000000E+00,3.771887E-01
08:30:00,0.000000E+00,2.374563E+03,0.000000E+00,1.673833E-01,0.000000E+00,1.585773E+03,0.000000E+00,1.118082E-01,0.000000E+00,1.164072E+03,0.000000E+00,8.207801E-02,0.000000E+00,2.510657E+03,0.000000E+00,1.770260E-01,0.000000E+00,3.749437E+03,0.000000E+00,2.643479E-01,0.000000E+00,2.727370E+03,0.000000E+00,1.922881E-01,0.000000E+00,3.086180E+03,0.000000E+00,2.175760E-01,0.000000E+00,4.960534E+03,0.000000E+00,3.497208E-01,0.000000E+00,3.990375E+03,0.000000E+00,2.813350E-01,0.000000E+00,2.982652E+03,0.000000E+00,2.102830E-01,0.000000E+00,3.315058E+03,0.000000E+00,2.337123E-01,0.000000E+00,5.413040E+03,0.000000E+00,3.816228E-01
08:40:00,0.000000E+00,2.398613E+03,0.000000E+00,1.690786E-01,0.000000E+00,1.594519E+03,0.000000E+00,1.124240E-01,0.000000E+00,1.164974E+03,0.000000E+00,8.214020E-02,0.000000E+00,2.531256E+03,0.000000E+00,1.784737E-01,0.000000E+00,3.786455E+03,0.000000E+00,2.669572E-01,0.000000E+00,2.739799E+03,0.000000E+00,1.931640E-01,0.000000E+00,3.088151E+03,0.000000E+00,2.177146E-01,0.000000E+00,5.007974E+03,0.000000E+00,3.530644E-01,0.000000E+00,4.033021E+03,0.000000E+00,2.843410E-01,0.000000E+00,2.999280E+03,0.000000E+00,2.114549E-01,0.000000E+00,3.327108E+03,0.000000E+00,2.345614E-01,0.000000E+00,5.470710E+03,0.000000E+00,3.856875E-01
08:50:00,0.000000E+00,2.419216E+03,0.000000E+00,1.705310E-01,0.000000E+00,1.603715E+03,0.000000E+00,1.130717E-01,0.000000E+00,1.166115E+03,0.000000E+00,8.221940E-02,0.000000E+00,2.547131E+03,0.000000E+00,1.795888E-01,0.000000E+00,3.820474E+03,0.000000E+00,2.693549E-01,0.000000E+00,2.752840E+03,0.000000E+00,1.940829E-01,0.000000E+00,3.090645E+03,0.000000E+00,2.178899E-01,0.000000E+00,5.050843E+03,0.000000E+00,3.560854E-01,0.000000E+00,4.072153E+03,0.000000E+00,2.870990E-01,0.000000E+00,3.016366E+03,0.000000E+00,2.126590E-01,0.000000E+00,3.339766E+03,0.000000E+00,2.354534E-01,0.000000E+00,5.523089E+03,0.000000E+00,3.893788E-01
09:00:00,0.000000E+00,2.435926E+03,0.000000E+00,1.717090E-01,0.000000E+00,1.612976E+03,0.000000E+00,1.137240E-01,0.000000E+00,1.167059E+03,0.000000E+00,8.228481E-02,0.000000E+00,2.556771E+03,0.000000E+00,1.802648E-01,0.000000E+00,3.851091E+03,0.000000E+00,2.715125E-01,0.000000E+00,2.766125E+03,0.000000E+00,1.950189E-01,0.000000E+00,3.093307E+03,0.000000E+00,2.180771E-01,0.000000E+00,5.087842E+03,0.000000E+00,3.586924E-01,0.000000E+00,4.107307E+03,0.000000E+00,2.895764E-01,0.000000E+00,3.033498E+03,0.000000E+00,2.138663E-01,0.000000E+00,3.352492E+03,0.000000E+00,2.363499E-01,0.000000E+00,5.569015E+03,0.000000E+00,3.926150E-01
09:10:00,0.000000E+00,2.459473E+03,0.000000E+00,1.733688E-01,0.000000E+00,1.632859E+03,0.000000E+00,1.151252E-01,0.000000E+00,1.183605E+03,0.000000E+00,8.345034E-02,0.000000E+00,2.579037E+03,0.000000E+00,1.818315E-01,0.000000E+00,3.888924E+03,0.000000E+00,2.741788E-01,0.000000E+00,2.790228E+03,0.000000E+00,1.967176E-01,0.000000E+00,3.111761E+03,0.000000E+00,2.193775E-01,0.000000E+00,5.137466E+03,0.000000E+00,3.621894E-01,0.000000E+00,4.149166E+03,0.000000E+00,2.925265E-01,0.000000E+00,3.061453E+03,0.000000E+00,2.158366E-01,0.000000E+00,3.381016E+03,0.000000E+00,2.383602E-01,0.000000E+00,5.627248E+03,0.000000E+00,3.967187E-01
09:20:00,0.000000E+00,2.478506E+03,0.000000E+00,1.747105E-01,0.000000E+00,1.652451E+03,0.000000E+00,1.165062E-01,0.000000E+00,1.199645E+03,0.000000E+00,8.458059E-02,0.000000E+00,2.593831E+03,0.000000E+00,1.828721E-01,0.000000E+00,3.922659E+03,0.000000E+00,2.765563E-01,0.000000E+00,2.814250E+03,0.000000E+00,1.984107E-01,0.000000E+00,3.130162E+03,0.000000E+00,2.206744E-01,0.000000E+00,5.179734E+03,0.000000E+00,3.651679E-01,0.000000E+00,4.186267E+03,0.000000E+00,2.951413E-01,0.000000E+00,3.089129E+03,0.000000E+00,2.177873E-01,0.000000E+00,3.409233E+03,0.000000E+00,2.403490E-01,0.000000E+00,5.677511E+03,0.000000E+00,4.002606E-01
09:30:00,0.000000E+00,2.492635E+03,0.000000E+00,1.757064E-01,0.000000E+00,1.671624E+03,0.000000E+00,1.178576E-01,0.000000E+00,1.215243E+03,0.000000E+00,8.567967E-02,0.000000E+00,2.600588E+03,0.000000E+00,1.833463E-01,0.000000E+00,3.951861E+03,0.000000E+00,2.786144E-01,0.000000E+00,2.838035E+03,0.000000E+00,2.000871E-01,0.000000E+00,3.148419E+03,0.000000E+00,2.219611E-01,0.000000E+00,5.213813E+03,0.000000E+00,3.675691E-01,0.000000E+00,4.218164E+03,0.000000E+00,2.973893E-01,0.000000E+00,3.116465E+03,0.000000E+00,2.197141E-01,0.000000E+00,3.437069E+03,0.000000E+00,2.423109E-01,0.000000E+00,5.718986E+03,0.000000E+00,4.031832E-01
09:40:00,0.000000E+00,2.501444E+03,0.000000E+00,1.763274E-01,0.000000E+00,1.690322E+03,0.000000E+00,1.191755E-01,0.000000E+00,1.230303E+03,0.000000E+00,8.674085E-02,0.000000E+00,2.598634E+03,0.000000E+00,1.832067E-01,0.000000E+00,3.976057E+03,0.000000E+00,2.803197E-01,0.000000E+00,2.861524E+03,0.000000E+00,2.017427E-01,0.000000E+00,3.166458E+03,0.000000E+00,2.232324E-01,0.000000E+00,5.238846E+03,0.000000E+00,3.693328E-01,0.000000E+00,4.244358E+03,0.000000E+00,2.992353E-01,0.000000E+00,3.143410E+03,0.000000E+00,2.216134E-01,0.000000E+00,3.464457E+03,0.000000E+00,2.442413E-01,0.000000E+00,5.750791E+03,0.000000E+00,4.054242E-01
09:50:00,0.000000E+00,2.504491E+03,0.000000E+00,1.765422E-01,0.000000E+00,1.708510E+03,0.000000E+00,1.204575E-01,0.000000E+00,1.244815E+03,0.000000E+00,8.776345E-02,0.000000E+00,2.587399E+03,0.000000E+00,1.824130E-01,0.000000E+00,3.994757E+03,0.000000E+00,2.816375E-01,0.000000E+00,2.884668E+03,0.000000E+00,2.033741E-01,0.000000E+00,3.184232E+03,0.000000E+00,2.244852E-01,0.000000E+00,5.254029E+03,0.000000E+00,3.704023E-01,0.000000E+00,4.264328E+03,0.000000E+00,3.006427E-01,0.000000E+00,3.169920E+03,0.000000E+00,2.234821E-01,0.000000E+00,3.491350E+03,0.000000E+00,2.461369E-01,0.000000E+00,5.772017E+03,0.000000E+00,4.069197E-01
10:00:00,0.000000E+00,2.500638E+03,0.000000E+00,1.762706E-01,0.000000E+00,1.726556E+03,0.000000E+00,1.217296E-01,0.000000E+00,1.260087E+03,0.000000E+00,8.883968E-02,0.000000E+00,2.566266E+03,0.000000E+00,1.809217E-01,0.000000E+00,4.006884E+03,0.000000E+00,2.824921E-01,0.000000E+00,2.907909E+03,0.000000E+00,2.050124E-01,0.000000E+00,3.202841E+03,0.000000E+00,2.257968E-01,0.000000E+00,5.258403E+03,0.000000E+00,3.707098E-01,0.000000E+00,4.276758E+03,0.000000E+00,3.015186E-01,0.000000E+00,3.196671E+03,0.000000E+00,2.253678E-01,0.000000E+00,3.519344E+03,0.000000E+00,2.481102E-01,0.000000E+00,5.780990E+03,0.000000E+00,4.075514E-01
10:10:00,0.000000E+00,2.498512E+03,0.000000E+00,1.761207E-01,0.000000E+00,1.752304E+03,0.000000E+00,1.235446E-01,0.000000E+00,1.285682E+03,0.000000E+00,9.064364E-02,0.000000E+00,2.547679E+03,0.000000E+00,1.796100E-01,0.000000E+00,4.020503E+03,0.000000E+00,2.834518E-01,0.000000E+00,2.939081E+03,0.000000E+00,2.072098E-01,0.000000E+00,3.231593E+03,0.000000E+00,2.278235E-01,0.000000E+00,5.263623E+03,0.000000E+00,3.710770E-01,0.000000E+00,4.290326E+03,0.000000E+00,3.024747E-01,0.000000E+00,3.231633E+03,0.000000E+00,2.278325E-01,0.000000E+00,3.557720E+03,0.000000E+00,2.508153E-01,0.000000E+00,5.789998E+03,0.000000E+00,4.081856E-01
10:20:00,0.000000E+00,2.489958E+03,0.000000E+00,1.755178E-01,0.000000E+00,1.778043E+03,0.000000E+00,1.253592E-01,0.000000E+00,1.311124E+03,0.000000E+00,9.243706E-02,0.000000E+00,2.519751E+03,0.000000E+00,1.776401E-01,0.000000E+00,4.027696E+03,0.000000E+00,2.839587E-01,0.000000E+00,2.970430E+03,0.000000E+00,2.094198E-01,0.000000E+00,3.260500E+03,0.000000E+00,2.298613E-01,0.000000E+00,5.258094E+03,0.000000E+00,3.706866E-01,0.000000E+00,4.296658E+03,0.000000E+00,3.029208E-01,0.000000E+00,3.266380E+03,0.000000E+00,2.302820E-01,0.000000E+00,3.595901E+03,0.000000E+00,2.535069E-01,0.000000E+00,5.786659E+03,0.000000E+00,4.079495E-01
10:30:00,0.000000E+00,2.474838E+03,0.000000E+00,1.744519E-01,0.000000E+00,1.803318E+03,0.000000E+00,1.271411E-01,0.000000E+00,1.336230E+03,0.000000E+00,9.420682E-02,0.000000E+00,2.482516E+03,0.000000E+00,1.750142E-01,0.000000E+00,4.028246E+03,0.000000E+00,2.839972E-01,0.000000E+00,3.001476E+03,0.000000E+00,2.116085E-01,0.000000E+00,3.289319E+03,0.000000E+00,2.318929E-01,0.000000E+00,5.241659E+03,0.000000E+00,3.695275E-01,0.000000E+00,4.295592E+03,0.000000E+00,3.028454E-01,0.000000E+00,3.300786E+03,0.000000E+00,2.327077E-01,0.000000E+00,3.633694E+03,0.000000E+00,2.561712E-01,0.000000E+00,5.770737E+03,0.000000E+00,4.068265E-01
10:40:00,0.000000E+00,2.453371E+03,0.000000E+00,1.729388E-01,0.000000E+00,1.828042E+03,0.000000E+00,1.288842E-01,0.000000E+00,1.360868E+03,0.000000E+00,9.594355E-02,0.000000E+00,2.436529E+03,0.000000E+00,1.717714E-01,0.000000E+00,4.022246E+03,0.000000E+00,2.835741E-01,0.000000E+00,3.032111E+03,0.000000E+00,2.137683E-01,0.000000E+00,3.317920E+03,0.000000E+00,2.339093E-01,0.000000E+00,5.214692E+03,0.000000E+00,3.676260E-01,0.000000E+00,4.287296E+03,0.000000E+00,3.022604E-01,0.000000E+00,3.334824E+03,0.000000E+00,2.351074E-01,0.000000E+00,3.670995E+03,0.000000E+00,2.588008E-01,0.000000E+00,5.742568E+03,0.000000E+00,4.048402E-01
10:50:00,0.000000E+00,2.426907E+03,0.000000E+00,1.710733E-01,0.000000E+00,1.852154E+03,0.000000E+00,1.305841E-01,0.000000E+00,1.384999E+03,0.000000E+00,9.764460E-02,0.000000E+00,2.382918E+03,0.000000E+00,1.679913E-01,0.000000E+00,4.010134E+03,0.000000E+00,2.827201E-01,0.000000E+00,3.062254E+03,0.000000E+00,2.158935E-01,0.000000E+00,3.346228E+03,0.000000E+00,2.359050E-01,0.000000E+00,5.178151E+03,0.000000E+00,3.650496E-01,0.000000E+00,4.272305E+03,0.000000E+00,3.012035E-01,0.000000E+00,3.368514E+03,0.000000E+00,2.374827E-01,0.000000E+00,3.707734E+03,0.000000E+00,2.613909E-01,0.000000E+00,5.703130E+03,0.000000E+00,4.020596E-01
11:00:00,0.000000E+00,2.397129E+03,0.000000E+00,1.689742E-01,0.000000E+00,1.875214E+03,0.000000E+00,1.322099E-01,0.000000E+00,1.407260E+03,0.000000E+00,9.921382E-02,0.000000E+00,2.323893E+03,0.000000E+00,1.638296E-01,0.000000E+00,3.993280E+03,0.000000E+00,2.815319E-01,0.000000E+00,3.091357E+03,0.000000E+00,2.179453E-01,0.000000E+00,3.373049E+03,0.000000E+00,2.377960E-01,0.000000E+00,5.134084E+03,0.000000E+00,3.619428E-01,0.000000E+00,4.252329E+03,0.000000E+00,2.997952E-01,0.000000E+00,3.401200E+03,0.000000E+00,2.397872E-01,0.000000E+00,3.742214E+03,0.000000E+00,2.638218E-01,0.000000E+00,5.654839E+03,0.000000E+00,3.986551E-01
11:10:00,0.000000E+00,2.360145E+03,0.000000E+00,1.663670E-01,0.000000E+00,1.893297E+03,0.000000E+00,1.334848E-01,0.000000E+00,1.423955E+03,0.000000E+00,1.003906E-01,0.000000E+00,2.256189E+03,0.000000E+00,1.590561E-01,0.000000E+00,3.968309E+03,0.000000E+00,2.797715E-01,0.000000E+00,3.115457E+03,0.000000E+00,2.196445E-01,0.000000E+00,3.394807E+03,0.000000E+00,2.393299E-01,0.000000E+00,5.079621E+03,0.000000E+00,3.581031E-01,0.000000E+00,4.223556E+03,0.000000E+00,2.977667E-01,0.000000E+00,3.428961E+03,0.000000E+00,2.417445E-01,0.000000E+00,3.770938E+03,0.000000E+00,2.658469E-01,0.000000E+00,5.594275E+03,0.000000E+00,3.943853E-01
11:20:00,0.000000E+00,2.321454E+03,0.000000E+00,1.636396E-01,0.000000E+00,1.910068E+03,0.000000E+00,1.346672E-01,0.000000E+00,1.439587E+03,0.000000E+00,1.014924E-01,0.000000E+00,2.186994E+03,0.000000E+00,1.541776E-01,0.000000E+00,3.940243E+03,0.000000E+00,2.777928E-01,0.000000E+00,3.138244E+03,0.000000E+00,2.212510E-01,0.000000E+00,3.415578E+03,0.000000E+00,2.407943E-01,0.000000E+00,5.021408E+03,0.000000E+00,3.539991E-01,0.000000E+00,4.191589E+03,0.000000E+00,2.955130E-01,0.000000E+00,3.456299E+03,0.000000E+00,2.436720E-01,0.000000E+00,3.798457E+03,0.000000E+00,2.677870E-01,0.000000E+00,5.528722E+03,0.000000E+00,3.897638E-01
11:30:00,0.000000E+00,2.282963E+03,0.000000E+00,1.609261E-01,0.000000E+00,1.925881E+03,0.000000E+00,1.357820E-01,0.000000E+00,1.454314E+03,0.000000E+00,1.025303E-01,0.000000E+00,2.119241E+03,0.000000E+00,1.494008E-01,0.000000E+00,3.910775E+03,0.000000E+00,2.757153E-01,0.000000E+00,3.160053E+03,0.000000E+00,2.227887E-01,0.000000E+00,3.435511E+03,0.000000E+00,2.421996E-01,0.000000E+00,4.962374E+03,0.000000E+00,3.498373E-01,0.000000E+00,4.158296E+03,0.000000E+00,2.931659E-01,0.000000E+00,3.483524E+03,0.000000E+00,2.455915E-01,0.000000E+00,3.824886E+03,0.000000E+00,2.696502E-01,0.000000E+00,5.461445E+03,0.000000E+00,3.850209E-01
11:40:00,0.000000E+00,2.246553E+03,0.000000E+00,1.583593E-01,0.000000E+00,1.940772E+03,0.000000E+00,1.368318E-01,0.000000E+00,1.468229E+03,0.000000E+00,1.035111E-01,0.000000E+00,2.055545E+03,0.000000E+00,1.449101E-01,0.000000E+00,3.881606E+03,0.000000E+00,2.736589E-01,0.000000E+00,3.180911E+03,0.000000E+00,2.242592E-01,0.000000E+00,3.454668E+03,0.000000E+00,2.435502E-01,0.000000E+00,4.905312E+03,0.000000E+00,3.458145E-01,0.000000E+00,4.125572E+03,0.000000E+00,2.908589E-01,0.000000E+00,3.510922E+03,0.000000E+00,2.475231E-01,0.000000E+00,3.850259E+03,0.000000E+00,2.714390E-01,0.000000E+00,5.395742E+03,0.000000E+00,3.803889E-01
11:50:00,0.000000E+00,2.213093E+03,0.000000E+00,1.560003E-01,0.000000E+00,1.954798E+03,0.000000E+00,1.378206E-01,0.000000E+00,1.481391E+03,0.000000E+00,1.044388E-01,0.000000E+00,1.998077E+03,0.000000E+00,1.408586E-01,0.000000E+00,3.854260E+03,0.000000E+00,2.717311E-01,0.000000E+00,3.200859E+03,0.000000E+00,2.256656E-01,0.000000E+00,3.473124E+03,0.000000E+00,2.448514E-01,0.000000E+00,4.852659E+03,0.000000E+00,3.421027E-01,0.000000E+00,4.095079E+03,0.000000E+00,2.887091E-01,0.000000E+00,3.539011E+03,0.000000E+00,2.495036E-01,0.000000E+00,3.874643E+03,0.000000E+00,2.731582E-01,0.000000E+00,5.334469E+03,0.000000E+00,3.760693E-01
12:00:00,0.000000E+00,2.183896E+03,0.000000E+00,1.539420E-01,0.000000E+00,1.967990E+03,0.000000E+00,1.387507E-01,0.000000E+00,1.493852E+03,0.000000E+00,1.053171E-01,0.000000E+00,1.948446E+03,0.000000E+00,1.373596E-01,0.000000E+00,3.829972E+03,0.000000E+00,2.700189E-01,0.000000E+00,3.219922E+03,0.000000E+00,2.270096E-01,0.000000E+00,3.490908E+03,0.000000E+00,2.461052E-01,0.000000E+00,4.806264E+03,0.000000E+00,3.388319E-01,0.000000E+00,4.068190E+03,0.000000E+00,2.868136E-01,0.000000E+00,3.568387E+03,0.000000E+00,2.515747E-01,0.000000E+00,3.898049E+03,0.000000E+00,2.748083E-01,0.000000E+00,5.279985E+03,0.000000E+00,3.722284E-01
12:10:00,0.000000E+00,2.151446E+03,0.000000E+00,1.516544E-01,0.000000E+00,1.972198E+03,0.000000E+00,1.390473E-01,0.000000E+00,1.496358E+03,0.000000E+00,1.054936E-01,0.000000E+00,1.898026E+03,0.000000E+00,1.338051E-01,0.000000E+00,3.801611E+03,0.000000E+00,2.680195E-01,0.000000E+00,3.229841E+03,0.000000E+00,2.277089E-01,0.000000E+00,3.499464E+03,0.000000E+00,2.467085E-01,0.000000E+00,4.758432E+03,0.000000E+00,3.354600E-01,0.000000E+00,4.037214E+03,0.000000E+00,2.846299E-01,0.000000E+00,3.590871E+03,0.000000E+00,2.531600E-01,0.000000E+00,3.911124E+03,0.000000E+00,2.757301E-01,0.000000E+00,5.224211E+03,0.000000E+00,3.682966E-01
12:20:00,0.000000E+00,2.123727E+03,0.000000E+00,1.497002E-01,0.000000E+00,1.974738E+03,0.000000E+00,1.392263E-01,0.000000E+00,1.497742E+03,0.000000E+00,1.055909E-01,0.000000E+00,1.855185E+03,0.000000E+00,1.307849E-01,0.000000E+00,3.776659E+03,0.000000E+00,2.662605E-01,0.000000E+00,3.237960E+03,0.000000E+00,2.282812E-01,0.000000E+00,3.506878E+03,0.000000E+00,2.472311E-01,0.000000E+00,4.717165E+03,0.000000E+00,3.325509E-01,0.000000E+00,4.010368E+03,0.000000E+00,2.827373E-01,0.000000E+00,3.615718E+03,0.000000E+00,2.549117E-01,0.000000E+00,3.922908E+03,0.000000E+00,2.765608E-01,0.000000E+00,5.176331E+03,0.000000E+00,3.649213E-01
12:30:00,0.000000E+00,2.100378E+03,0.000000E+00,1.480541E-01,0.000000E+00,1.976376E+03,0.000000E+00,1.393416E-01,0.000000E+00,1.498356E+03,0.000000E+00,1.056339E-01,0.000000E+00,1.818981E+03,0.000000E+00,1.282326E-01,0.000000E+00,3.754815E+03,0.000000E+00,2.647205E-01,0.000000E+00,3.245049E+03,0.000000E+00,2.287809E-01,0.000000E+00,3.513460E+03,0.000000E+00,2.476950E-01,0.000000E+00,4.681638E+03,0.000000E+00,3.300465E-01,0.000000E+00,3.987216E+03,0.000000E+00,2.811051E-01,0.000000E+00,3.643183E+03,0.000000E+00,2.568481E-01,0.000000E+00,3.933632E+03,0.000000E+00,2.773168E-01,0.000000E+00,5.135414E+03,0.000000E+00,3.620368E-01
12:40:00,0.000000E+00,2.080189E+03,0.000000E+00,1.466308E-01,0.000000E+00,1.977246E+03,0.000000E+00,1.394028E-01,0.000000E+00,1.498382E+03,0.000000E+00,1.056355E-01,0.000000E+00,1.787693E+03,0.000000E+00,1.260270E-01,0.000000E+00,3.735050E+03,0.000000E+00,2.633270E-01,0.000000E+00,3.251243E+03,0.000000E+00,2.292175E-01,0.000000E+00,3.519358E+03,0.000000E+00,2.481107E-01,0.000000E+00,4.650110E+03,0.000000E+00,3.278239E-01,0.000000E+00,3.966598E+03,0.000000E+00,2.796516E-01,0.000000E+00,3.673264E+03,0.000000E+00,2.589688E-01,0.000000E+00,3.943419E+03,0.000000E+00,2.780067E-01,0.000000E+00,5.099322E+03,0.000000E+00,3.594926E-01
12:50:00,0.000000E+00,2.061730E+03,0.000000E+00,1.453294E-01,0.000000E+00,1.977415E+03,0.000000E+00,1.394146E-01,0.000000E+00,1.497890E+03,0.000000E+00,1.056005E-01,0.000000E+00,1.759243E+03,0.000000E+00,1.240214E-01,0.000000E+00,3.716067E+03,0.000000E+00,2.619887E-01,0.000000E+00,3.256626E+03,0.000000E+00,2.295968E-01,0.000000E+00,3.524621E+03,0.000000E+00,2.484817E-01,0.000000E+00,4.620400E+03,0.000000E+00,3.257295E-01,0.000000E+00,3.947112E+03,0.000000E+00,2.782778E-01,0.000000E+00,3.705415E+03,0.000000E+00,2.612355E-01,0.000000E+00,3.952358E+03,0.000000E+00,2.786368E-01,0.000000E+00,5.065528E+03,0.000000E+00,3.571103E-01
13:00:00,0.000000E+00,2.043998E+03,0.000000E+00,1.440792E-01,0.000000E+00,1.976936E+03,0.000000E+00,1.393806E-01,0.000000E+00,1.497141E+03,0.000000E+00,1.055475E-01,0.000000E+00,1.731749E+03,0.000000E+00,1.220833E-01,0.000000E+00,3.696963E+03,0.000000E+00,2.606418E-01,0.000000E+00,3.261261E+03,0.000000E+00,2.299234E-01,0.000000E+00,3.529564E+03,0.000000E+00,2.488301E-01,0.000000E+00,4.590633E+03,0.000000E+00,3.236311E-01,0.000000E+00,3.927547E+03,0.000000E+00,2.768984E-01,0.000000E+00,3.737671E+03,0.000000E+00,2.635095E-01,0.000000E+00,3.960556E+03,0.000000E+00,2.792146E-01,0.000000E+00,5.031849E+03,0.000000E+00,3.547360E-01
13:10:00,0.000000E+00,2.018525E+03,0.000000E+00,1.422835E-01,0.000000E+00,1.967646E+03,0.000000E+00,1.387255E-01,0.000000E+00,1.488040E+03,0.000000E+00,1.049057E-01,0.000000E+00,1.695629E+03,0.000000E+00,1.195370E-01,0.000000E+00,3.669916E+03,0.000000E+00,2.587349E-01,0.000000E+00,3.257080E+03,0.000000E+00,2.296285E-01,0.000000E+00,3.526366E+03,0.000000E+00,2.486045E-01,0.000000E+00,4.551941E+03,0.000000E+00,3.209033E-01,0.000000E+00,3.899519E+03,0.000000E+00,2.749223E-01,0.000000E+00,3.758760E+03,0.000000E+00,2.649963E-01,0.000000E+00,3.959311E+03,0.000000E+00,2.791267E-01,0.000000E+00,4.988928E+03,0.000000E+00,3.517101E-01
13:20:00,0.000000E+00,1.993453E+03,0.000000E+00,1.405160E-01,0.000000E+00,1.957689E+03,0.000000E+00,1.380233E-01,0.000000E+00,1.480745E+03,0.000000E+00,1.043912E-01,0.000000E+00,1.659818E+03,0.000000E+00,1.170123E-01,0.000000E+00,3.642602E+03,0.000000E+00,2.568090E-01,0.000000E+00,3.251992E+03,0.000000E+00,2.292696E-01,0.000000E+00,3.524375E+03,0.000000E+00,2.484640E-01,0.000000E+00,4.512850E+03,0.000000E+00,3.181473E-01,0.000000E+00,3.871665E+03,0.000000E+00,2.729583E-01,0.000000E+00,3.777095E+03,0.000000E+00,2.662887E-01,0.000000E+00,3.959126E+03,0.000000E+00,2.791134E-01,0.000000E+00,4.946638E+03,0.000000E+00,3.487286E-01
13:30:00,0.000000E+00,1.968995E+03,0.000000E+00,1.387918E-01,0.000000E+00,1.948172E+03,0.000000E+00,1.373521E-01,0.000000E+00,1.475754E+03,0.000000E+00,1.040392E-01,0.000000E+00,1.624443E+03,0.000000E+00,1.145184E-01,0.000000E+00,3.615388E+03,0.000000E+00,2.548902E-01,0.000000E+00,3.247393E+03,0.000000E+00,2.289451E-01,0.000000E+00,3.523990E+03,0.000000E+00,2.484366E-01,0.000000E+00,4.473750E+03,0.000000E+00,3.153907E-01,0.000000E+00,3.844209E+03,0.000000E+00,2.710224E-01,0.000000E+00,3.792239E+03,0.000000E+00,2.673561E-01,0.000000E+00,3.960257E+03,0.000000E+00,2.791930E-01,0.000000E+00,4.905303E+03,0.000000E+00,3.458143E-01
13:40:00,0.000000E+00,1.945594E+03,0.000000E+00,1.371422E-01,0.000000E+00,1.939317E+03,0.000000E+00,1.367276E-01,0.000000E+00,1.472907E+03,0.000000E+00,1.038383E-01,0.000000E+00,1.590396E+03,0.000000E+00,1.121182E-01,0.000000E+00,3.588835E+03,0.000000E+00,2.530178E-01,0.000000E+00,3.243622E+03,0.000000E+00,2.286790E-01,0.000000E+00,3.524997E+03,0.000000E+00,2.485074E-01,0.000000E+00,4.435359E+03,0.000000E+00,3.126840E-01,0.000000E+00,3.817616E+03,0.000000E+00,2.691473E-01,0.000000E+00,3.803422E+03,0.000000E+00,2.681441E-01,0.000000E+00,3.962342E+03,0.000000E+00,2.793397E-01,0.000000E+00,4.865705E+03,0.000000E+00,3.430225E-01
13:50:00,0.000000E+00,1.923746E+03,0.000000E+00,1.356020E-01,0.000000E+00,1.931750E+03,0.000000E+00,1.361939E-01,0.000000E+00,1.472006E+03,0.000000E+00,1.037746E-01,0.000000E+00,1.558762E+03,0.000000E+00,1.098880E-01,0.000000E+00,3.563565E+03,0.000000E+00,2.512359E-01,0.000000E+00,3.241502E+03,0.000000E+00,2.285292E-01,0.000000E+00,3.527173E+03,0.000000E+00,2.486606E-01,0.000000E+00,4.398672E+03,0.000000E+00,3.100973E-01,0.000000E+00,3.792467E+03,0.000000E+00,2.673738E-01,0.000000E+00,3.810195E+03,0.000000E+00,2.686212E-01,0.000000E+00,3.965053E+03,0.000000E+00,2.795306E-01,0.000000E+00,4.828855E+03,0.000000E+00,3.404244E-01
14:00:00,0.000000E+00,1.903445E+03,0.000000E+00,1.341709E-01,0.000000E+00,1.926097E+03,0.000000E+00,1.357951E-01,0.000000E+00,1.472921E+03,0.000000E+00,1.038390E-01,0.000000E+00,1.530055E+03,0.000000E+00,1.078641E-01,0.000000E+00,3.539745E+03,0.000000E+00,2.495563E-01,0.000000E+00,3.241812E+03,0.000000E+00,2.285507E-01,0.000000E+00,3.530349E+03,0.000000E+00,2.488844E-01,0.000000E+00,4.364485E+03,0.000000E+00,3.076870E-01,0.000000E+00,3.769067E+03,0.000000E+00,2.657238E-01,0.000000E+00,3.813683E+03,0.000000E+00,2.688666E-01,0.000000E+00,3.968473E+03,0.000000E+00,2.797714E-01,0.000000E+00,4.795301E+03,0.000000E+00,3.380587E-01
14:10:00,0.000000E+00,1.892119E+03,0.000000E+00,1.333724E-01,0.000000E+00,1.930787E+03,0.000000E+00,1.361257E-01,0.000000E+00,1.484190E+03,0.000000E+00,1.046334E-01,0.000000E+00,1.512623E+03,0.000000E+00,1.066352E-01,0.000000E+00,3.524553E+03,0.000000E+00,2.484849E-01,0.000000E+00,3.253352E+03,0.000000E+00,2.293641E-01,0.000000E+00,3.542871E+03,0.000000E+00,2.497669E-01,0.000000E+00,4.340651E+03,0.000000E+00,3.060064E-01,0.000000E+00,3.754994E+03,0.000000E+00,2.647313E-01,0.000000E+00,3.824329E+03,0.000000E+00,2.696167E-01,0.000000E+00,3.981896E+03,0.000000E+00,2.807175E-01,0.000000E+00,4.772939E+03,0.000000E+00,3.364819E-01
14:20:00,0.000000E+00,1.881116E+03,0.000000E+00,1.325967E-01,0.000000E+00,1.937992E+03,0.000000E+00,1.366336E-01,0.000000E+00,1.496585E+03,0.000000E+00,1.055072E-01,0.000000E+00,1.496853E+03,0.000000E+00,1.055235E-01,0.000000E+00,3.509994E+03,0.000000E+00,2.474583E-01,0.000000E+00,3.269076E+03,0.000000E+00,2.304725E-01,0.000000E+00,3.556459E+03,0.000000E+00,2.507247E-01,0.000000E+00,4.318166E+03,0.000000E+00,3.044211E-01,0.000000E+00,3.741199E+03,0.000000E+00,2.637585E-01,0.000000E+00,3.833478E+03,0.000000E+00,2.702614E-01,0.000000E+00,3.996019E+03,0.000000E+00,2.817130E-01,0.000000E+00,4.751178E+03,0.000000E+00,3.349477E-01
14:30:00,0.000000E+00,1.870081E+03,0.000000E+00,1.318188E-01,0.000000E+00,1.946922E+03,0.000000E+00,1.372632E-01,0.000000E+00,1.510878E+03,0.000000E+00,1.065149E-01,0.000000E+00,1.482418E+03,0.000000E+00,1.045059E-01,0.000000E+00,3.495715E+03,0.000000E+00,2.464514E-01,0.000000E+00,3.288227E+03,0.000000E+00,2.318226E-01,0.000000E+00,3.572191E+03,0.000000E+00,2.518337E-01,0.000000E+00,4.296654E+03,0.000000E+00,3.029044E-01,0.000000E+00,3.727400E+03,0.000000E+00,2.627855E-01,0.000000E+00,3.842127E+03,0.000000E+00,2.708708E-01,0.000000E+00,4.012237E+03,0.000000E+00,2.828561E-01,0.000000E+00,4.729642E+03,0.000000E+00,3.334292E-01
14:40:00,0.000000E+00,1.858862E+03,0.000000E+00,1.310279E-01,0.000000E+00,1.957591E+03,0.000000E+00,1.380154E-01,0.000000E+00,1.528679E+03,0.000000E+00,1.077699E-01,0.000000E+00,1.468736E+03,0.000000E+00,1.035414E-01,0.000000E+00,3.481543E+03,0.000000E+00,2.454521E-01,0.000000E+00,3.310813E+03,0.000000E+00,2.334148E-01,0.000000E+00,3.591998E+03,0.000000E+00,2.532300E-01,0.000000E+00,4.275919E+03,0.000000E+00,3.014426E-01,0.000000E+00,3.713439E+03,0.000000E+00,2.618011E-01,0.000000E+00,3.851847E+03,0.000000E+00,2.715558E-01,0.000000E+00,4.032784E+03,0.000000E+00,2.843045E-01,0.000000E+00,4.708140E+03,0.000000E+00,3.319133E-01
14:50:00,0.000000E+00,1.847370E+03,0.000000E+00,1.302178E-01,0.000000E+00,1.969573E+03,0.000000E+00,1.388602E-01,0.000000E+00,1.551727E+03,0.000000E+00,1.093949E-01,0.000000E+00,1.455264E+03,0.000000E+00,1.025917E-01,0.000000E+00,3.467374E+03,0.000000E+00,2.444531E-01,0.000000E+00,3.336345E+03,0.000000E+00,2.352148E-01,0.000000E+00,3.617933E+03,0.000000E+00,2.550583E-01,0.000000E+00,4.255746E+03,0.000000E+00,3.000203E-01,0.000000E+00,3.699202E+03,0.000000E+00,2.607972E-01,0.000000E+00,3.864240E+03,0.000000E+00,2.724294E-01,0.000000E+00,4.059950E+03,0.000000E+00,2.862196E-01,0.000000E+00,4.686537E+03,0.000000E+00,3.303902E-01
15:00:00,0.000000E+00,1.835550E+03,0.000000E+00,1.293846E-01,0.000000E+00,1.982379E+03,0.000000E+00,1.397631E-01,0.000000E+00,1.581271E+03,0.000000E+00,1.114778E-01,0.000000E+00,1.441886E+03,0.000000E+00,1.016486E-01,0.000000E+00,3.453143E+03,0.000000E+00,2.434497E-01,0.000000E+00,3.364260E+03,0.000000E+00,2.371827E-01,0.000000E+00,3.651587E+03,0.000000E+00,2.574309E-01,0.000000E+00,4.235878E+03,0.000000E+00,2.986195E-01,0.000000E+00,3.684622E+03,0.000000E+00,2.597692E-01,0.000000E+00,3.880478E+03,0.000000E+00,2.735741E-01,0.000000E+00,4.095382E+03,0.000000E+00,2.887176E-01,0.000000E+00,4.664760E+03,0.000000E+00,3.288548E-01
15:10:00,0.000000E+00,1.843734E+03,0.000000E+00,1.299615E-01,0.000000E+00,2.015788E+03,0.000000E+00,1.421186E-01,0.000000E+00,1.641275E+03,0.000000E+00,1.157081E-01,0.000000E+00,1.452595E+03,0.000000E+00,1.024035E-01,0.000000E+00,3.458093E+03,0.000000E+00,2.437985E-01,0.000000E+00,3.414691E+03,0.000000E+00,2.407381E-01,0.000000E+00,3.715742E+03,0.000000E+00,2.619537E-01,0.000000E+00,4.238817E+03,0.000000E+00,2.988267E-01,0.000000E+00,3.690260E+03,0.000000E+00,2.601665E-01,0.000000E+00,3.922800E+03,0.000000E+00,2.765577E-01,0.000000E+00,4.163490E+03,0.000000E+00,2.935191E-01,0.000000E+00,4.666982E+03,0.000000E+00,3.290113E-01
15:20:00,0.000000E+00,1.852607E+03,0.000000E+00,1.305870E-01,0.000000E+00,2.051882E+03,0.000000E+00,1.446636E-01,0.000000E+00,1.709438E+03,0.000000E+00,1.205141E-01,0.000000E+00,1.464487E+03,0.000000E+00,1.032422E-01,0.000000E+00,3.464024E+03,0.000000E+00,2.442167E-01,0.000000E+00,3.469583E+03,0.000000E+00,2.446082E-01,0.000000E+00,3.789830E+03,0.000000E+00,2.671772E-01,0.000000E+00,4.243078E+03,0.000000E+00,2.991272E-01,0.000000E+00,3.696403E+03,0.000000E+00,2.605997E-01,0.000000E+00,3.970583E+03,0.000000E+00,2.799267E-01,0.000000E+00,4.241623E+03,0.000000E+00,2.990277E-01,0.000000E+00,4.669946E+03,0.000000E+00,3.292204E-01
15:30:00,0.000000E+00,1.861612E+03,0.000000E+00,1.312218E-01,0.000000E+00,2.090213E+03,0.000000E+00,1.473664E-01,0.000000E+00,1.784378E+03,0.000000E+00,1.257979E-01,0.000000E+00,1.477005E+03,0.000000E+00,1.041249E-01,0.000000E+00,3.470472E+03,0.000000E+00,2.446715E-01,0.000000E+00,3.527503E+03,0.000000E+00,2.486918E-01,0.000000E+00,3.872630E+03,0.000000E+00,2.730149E-01,0.000000E+00,4.248113E+03,0.000000E+00,2.994823E-01,0.000000E+00,3.702740E+03,0.000000E+00,2.610467E-01,0.000000E+00,4.023006E+03,0.000000E+00,2.836228E-01,0.000000E+00,4.328504E+03,0.000000E+00,3.051531E-01,0.000000E+00,4.673244E+03,0.000000E+00,3.294530E-01
15:40:00,0.000000E+00,1.870530E+03,0.000000E+00,1.318504E-01,0.000000E+00,2.130942E+03,0.000000E+00,1.502382E-01,0.000000E+00,1.864478E+03,0.000000E+00,1.314454E-01,0.000000E+00,1.489874E+03,0.000000E+00,1.050324E-01,0.000000E+00,3.477229E+03,0.000000E+00,2.451482E-01,0.000000E+00,3.588487E+03,0.000000E+00,2.529915E-01,0.000000E+00,3.962585E+03,0.000000E+00,2.793570E-01,0.000000E+00,4.253683E+03,0.000000E+00,2.998751E-01,0.000000E+00,3.709145E+03,0.000000E+00,2.614985E-01,0.000000E+00,4.079038E+03,0.000000E+00,2.875735E-01,0.000000E+00,4.422407E+03,0.000000E+00,3.117736E-01,0.000000E+00,4.676708E+03,0.000000E+00,3.296975E-01
15:50:00,0.000000E+00,1.879245E+03,0.000000E+00,1.324648E-01,0.000000E+00,2.174021E+03,0.000000E+00,1.532755E-01,0.000000E+00,1.947857E+03,0.000000E+00,1.373242E-01,0.000000E+00,1.502985E+03,0.000000E+00,1.059569E-01,0.000000E+00,3.484185E+03,0.000000E+00,2.456388E-01,0.000000E+00,3.652386E+03,0.000000E+00,2.574967E-01,0.000000E+00,4.057766E+03,0.000000E+00,2.860677E-01,0.000000E+00,4.259672E+03,0.000000E+00,3.002977E-01,0.000000E+00,3.715549E+03,0.000000E+00,2.619503E-01,0.000000E+00,4.137373E+03,0.000000E+00,2.916866E-01,0.000000E+00,4.521124E+03,0.000000E+00,3.187336E-01,0.000000E+00,4.680247E+03,0.000000E+00,3.299473E-01
16:00:00,0.000000E+00,1.887670E+03,0.000000E+00,1.330588E-01,0.000000E+00,2.219316E+03,0.000000E+00,1.564691E-01,0.000000E+00,2.032616E+03,0.000000E+00,1.433002E-01,0.000000E+00,1.516250E+03,0.000000E+00,1.068922E-01,0.000000E+00,3.491257E+03,0.000000E+00,2.461378E-01,0.000000E+00,3.718923E+03,0.000000E+00,2.621879E-01,0.000000E+00,4.156111E+03,0.000000E+00,2.930014E-01,0.000000E+00,4.265994E+03,0.000000E+00,3.007436E-01,0.000000E+00,3.721881E+03,0.000000E+00,2.623971E-01,0.000000E+00,4.196685E+03,0.000000E+00,2.958685E-01,0.000000E+00,4.622364E+03,0.000000E+00,3.258714E-01,0.000000E+00,4.683762E+03,0.000000E+00,3.301953E-01
16:10:00,0.000000E+00,1.940791E+03,0.000000E+00,1.368034E-01,0.000000E+00,2.311583E+03,0.000000E+00,1.629743E-01,0.000000E+00,2.168118E+03,0.000000E+00,1.528536E-01,0.000000E+00,1.582662E+03,0.000000E+00,1.115743E-01,0.000000E+00,3.540634E+03,0.000000E+00,2.496193E-01,0.000000E+00,3.831804E+03,0.000000E+00,2.701464E-01,0.000000E+00,4.303409E+03,0.000000E+00,3.033862E-01,0.000000E+00,4.322333E+03,0.000000E+00,3.047156E-01,0.000000E+00,3.773397E+03,0.000000E+00,2.660293E-01,0.000000E+00,4.303238E+03,0.000000E+00,3.033810E-01,0.000000E+00,4.775553E+03,0.000000E+00,3.366715E-01,0.000000E+00,4.740708E+03,0.000000E+00,3.342102E-01
16:20:00,0.000000E+00,1.995886E+03,0.000000E+00,1.406871E-01,0.000000E+00,2.411302E+03,0.000000E+00,1.700055E-01,0.000000E+00,2.304657E+03,0.000000E+00,1.624808E-01,0.000000E+00,1.650693E+03,0.000000E+00,1.163713E-01,0.000000E+00,3.592261E+03,0.000000E+00,2.532599E-01,0.000000E+00,3.951147E+03,0.000000E+00,2.785610E-01,0.000000E+00,4.453191E+03,0.000000E+00,3.139466E-01,0.000000E+00,4.380772E+03,0.000000E+00,3.088363E-01,0.000000E+00,3.826361E+03,0.000000E+00,2.697643E-01,0.000000E+00,4.411424E+03,0.000000E+00,3.110092E-01,0.000000E+00,4.929635E+03,0.000000E+00,3.475351E-01,0.000000E+00,4.798345E+03,0.000000E+00,3.382744E-01
16:30:00,0.000000E+00,2.052190E+03,0.000000E+00,1.446561E-01,0.000000E+00,2.512348E+03,0.000000E+00,1.771304E-01,0.000000E+00,2.439240E+03,0.000000E+00,1.719700E-01,0.000000E+00,1.720253E+03,0.000000E+00,1.212761E-01,0.000000E+00,3.645463E+03,0.000000E+00,2.570118E-01,0.000000E+00,4.071854E+03,0.000000E+00,2.870722E-01,0.000000E+00,4.602356E+03,0.000000E+00,3.244638E-01,0.000000E+00,4.441026E+03,0.000000E+00,3.130852E-01,0.000000E+00,3.880622E+03,0.000000E+00,2.735910E-01,0.000000E+00,4.518839E+03,0.000000E+00,3.185833E-01,0.000000E+00,5.081739E+03,0.000000E+00,3.582594E-01,0.000000E+00,4.857301E+03,0.000000E+00,3.424317E-01
16:40:00,0.000000E+00,2.109290E+03,0.000000E+00,1.486812E-01,0.000000E+00,2.613278E+03,0.000000E+00,1.842472E-01,0.000000E+00,2.570227E+03,0.000000E+00,1.812056E-01,0.000000E+00,1.790835E+03,0.000000E+00,1.262529E-01,0.000000E+00,3.699849E+03,0.000000E+00,2.608475E-01,0.000000E+00,4.192348E+03,0.000000E+00,2.955685E-01,0.000000E+00,4.749093E+03,0.000000E+00,3.348099E-01,0.000000E+00,4.502692E+03,0.000000E+00,3.174336E-01,0.000000E+00,3.935925E+03,0.000000E+00,2.774913E-01,0.000000E+00,4.624518E+03,0.000000E+00,3.260352E-01,0.000000E+00,5.230157E+03,0.000000E+00,3.687242E-01,0.000000E+00,4.917333E+03,0.000000E+00,3.466651E-01
16:50:00,0.000000E+00,2.166960E+03,0.000000E+00,1.527464E-01,0.000000E+00,2.713095E+03,0.000000E+00,1.912855E-01,0.000000E+00,2.696713E+03,0.000000E+00,1.901237E-01,0.000000E+00,1.862214E+03,0.000000E+00,1.312858E-01,0.000000E+00,3.755208E+03,0.000000E+00,2.647519E-01,0.000000E+00,4.311492E+03,0.000000E+00,3.039698E-01,0.000000E+00,4.892259E+03,0.000000E+00,3.449044E-01,0.000000E+00,4.565598E+03,0.000000E+00,3.218697E-01,0.000000E+00,3.992094E+03,0.000000E+00,2.814529E-01,0.000000E+00,4.727862E+03,0.000000E+00,3.333227E-01,0.000000E+00,5.373717E+03,0.000000E+00,3.788465E-01,0.000000E+00,4.978253E+03,0.000000E+00,3.509612E-01
17:00:00,0.000000E+00,2.225051E+03,0.000000E+00,1.568414E-01,0.000000E+00,2.811080E+03,0.000000E+00,1.981946E-01,0.000000E+00,2.818217E+03,0.000000E+00,1.986905E-01,0.000000E+00,1.934485E+03,0.000000E+00,1.363817E-01,0.000000E+00,3.811398E+03,0.000000E+00,2.687150E-01,0.000000E+00,4.428584E+03,0.000000E+00,3.122264E-01,0.000000E+00,5.030980E+03,0.000000E+00,3.546855E-01,0.000000E+00,4.629844E+03,0.000000E+00,3.264003E-01,0.000000E+00,4.048987E+03,0.000000E+00,2.854656E-01,0.000000E+00,4.828518E+03,0.000000E+00,3.404209E-01,0.000000E+00,5.511669E+03,0.000000E+00,3.885736E-01,0.000000E+00,5.039896E+03,0.000000E+00,3.553085E-01
17:10:00,0.000000E+00,2.317663E+03,0.000000E+00,1.633698E-01,0.000000E+00,2.942697E+03,0.000000E+00,2.074752E-01,0.000000E+00,2.972368E+03,0.000000E+00,2.095589E-01,0.000000E+00,2.048646E+03,0.000000E+00,1.444309E-01,0.000000E+00,3.900178E+03,0.000000E+00,2.749759E-01,0.000000E+00,4.577928E+03,0.000000E+00,3.227571E-01,0.000000E+00,5.199991E+03,0.000000E+00,3.666023E-01,0.000000E+00,4.732558E+03,0.000000E+00,3.336431E-01,0.000000E+00,4.141076E+03,0.000000E+00,2.919600E-01,0.000000E+00,4.963006E+03,0.000000E+00,3.499044E-01,0.000000E+00,5.682466E+03,0.000000E+00,4.006164E-01,0.000000E+00,5.142591E+03,0.000000E+00,3.625500E-01
17:20:00,0.000000E+00,2.413411E+03,0.000000E+00,1.701193E-01,0.000000E+00,3.076277E+03,0.000000E+00,2.168948E-01,0.000000E+00,3.122588E+03,0.000000E+00,2.201507E-01,0.000000E+00,2.168785E+03,0.000000E+00,1.529025E-01,0.000000E+00,3.992395E+03,0.000000E+00,2.814798E-01,0.000000E+00,4.728710E+03,0.000000E+00,3.333897E-01,0.000000E+00,5.365794E+03,0.000000E+00,3.782935E-01,0.000000E+00,4.840493E+03,0.000000E+00,3.412546E-01,0.000000E+00,4.236221E+03,0.000000E+00,2.986704E-01,0.000000E+00,5.095598E+03,0.000000E+00,3.592548E-01,0.000000E+00,5.848994E+03,0.000000E+00,4.123588E-01,0.000000E+00,5.249657E+03,0.000000E+00,3.701004E-01
17:30:00,0.000000E+00,2.510751E+03,0.000000E+00,1.769811E-01,0.000000E+00,3.207394E+03,0.000000E+00,2.261410E-01,0.000000E+00,3.267682E+03,0.000000E+00,2.303813E-01,0.000000E+00,2.292147E+03,0.000000E+00,1.616014E-01,0.000000E+00,4.086785E+03,0.000000E+00,2.881374E-01,0.000000E+00,4.877099E+03,0.000000E+00,3.438541E-01,0.000000E+00,5.527363E+03,0.000000E+00,3.896866E-01,0.000000E+00,4.951652E+03,0.000000E+00,3.490937E-01,0.000000E+00,4.333254E+03,0.000000E+00,3.055144E-01,0.000000E+00,5.226271E+03,0.000000E+00,3.684706E-01,0.000000E+00,6.010723E+03,0.000000E+00,4.237635E-01,0.000000E+00,5.358797E+03,0.000000E+00,3.777974E-01
17:40:00,0.000000E+00,2.609193E+03,0.000000E+00,1.839206E-01,0.000000E+00,3.335374E+03,0.000000E+00,2.351662E-01,0.000000E+00,3.407394E+03,0.000000E+00,2.402326E-01,0.000000E+00,2.417813E+03,0.000000E+00,1.704629E-01,0.000000E+00,4.182888E+03,0.000000E+00,2.949160E-01,0.000000E+00,5.022379E+03,0.000000E+00,3.540998E-01,0.000000E+00,5.684353E+03,0.000000E+00,4.007574E-01,0.000000E+00,5.065459E+03,0.000000E+00,3.571199E-01,0.000000E+00,4.431849E+03,0.000000E+00,3.124690E-01,0.000000E+00,5.354723E+03,0.000000E+00,3.775302E-01,0.000000E+00,6.167634E+03,0.000000E+00,4.348289E-01,0.000000E+00,5.469567E+03,0.000000E+00,3.856097E-01
17:50:00,0.000000E+00,2.708490E+03,0.000000E+00,1.909204E-01,0.000000E+00,3.459742E+03,0.000000E+00,2.439369E-01,0.000000E+00,3.541756E+03,0.000000E+00,2.497068E-01,0.000000E+00,2.545345E+03,0.000000E+00,1.794558E-01,0.000000E+00,4.280465E+03,0.000000E+00,3.017989E-01,0.000000E+00,5.164020E+03,0.000000E+00,3.640892E-01,0.000000E+00,5.836698E+03,0.000000E+00,4.115011E-01,0.000000E+00,5.181592E+03,0.000000E+00,3.653104E-01,0.000000E+00,4.531811E+03,0.000000E+00,3.195202E-01,0.000000E+00,5.480764E+03,0.000000E+00,3.864202E-01,0.000000E+00,6.319888E+03,0.000000E+00,4.455665E-01,0.000000E+00,5.581718E+03,0.000000E+00,3.935196E-01
18:00:00,0.000000E+00,2.808478E+03,0.000000E+00,1.979689E-01,0.000000E+00,3.580261E+03,0.000000E+00,2.524364E-01,0.000000E+00,3.670823E+03,0.000000E+00,2.588078E-01,0.000000E+00,2.674177E+03,0.000000E+00,1.885404E-01,0.000000E+00,4.379358E+03,0.000000E+00,3.087746E-01,0.000000E+00,5.301665E+03,0.000000E+00,3.737970E-01,0.000000E+00,5.984554E+03,0.000000E+00,4.219285E-01,0.000000E+00,5.299621E+03,0.000000E+00,3.736347E-01,0.000000E+00,4.632985E+03,0.000000E+00,3.266570E-01,0.000000E+00,5.604197E+03,0.000000E+00,3.951265E-01,0.000000E+00,6.467601E+03,0.000000E+00,4.559842E-01,0.000000E+00,5.695054E+03,0.000000E+00,4.015132E-01
18:10:00,0.000000E+00,2.827027E+03,0.000000E+00,1.992770E-01,0.000000E+00,3.613207E+03,0.000000E+00,2.547615E-01,0.000000E+00,3.706144E+03,0.000000E+00,2.612997E-01,0.000000E+00,2.713880E+03,0.000000E+00,1.913413E-01,0.000000E+00,4.403274E+03,0.000000E+00,3.104644E-01,0.000000E+00,5.352835E+03,0.000000E+00,3.774082E-01,0.000000E+00,6.046329E+03,0.000000E+00,4.262873E-01,0.000000E+00,5.337218E+03,0.000000E+00,3.762887E-01,0.000000E+00,4.652438E+03,0.000000E+00,3.280322E-01,0.000000E+00,5.636875E+03,0.000000E+00,3.974344E-01,0.000000E+00,6.520650E+03,0.000000E+00,4.597280E-01,0.000000E+00,5.719359E+03,0.000000E+00,4.032303E-01
18:20:00,0.000000E+00,2.840569E+03,0.000000E+00,2.002322E-01,0.000000E+00,3.630608E+03,0.000000E+00,2.559892E-01,0.000000E+00,3.731507E+03,0.000000E+00,2.630882E-01,0.000000E+00,2.746595E+03,0.000000E+00,1.936482E-01,0.000000E+00,4.422663E+03,0.000000E+00,3.118337E-01,0.000000E+00,5.388490E+03,0.000000E+00,3.799244E-01,0.000000E+00,6.098036E+03,0.000000E+00,4.299353E-01,0.000000E+00,5.369696E+03,0.000000E+00,3.785808E-01,0.000000E+00,4.668246E+03,0.000000E+00,3.291492E-01,0.000000E+00,5.662385E+03,0.000000E+00,3.992358E-01,0.000000E+00,6.564384E+03,0.000000E+00,4.628142E-01,0.000000E+00,5.739417E+03,0.000000E+00,4.046469E-01
18:30:00,0.000000E+00,2.852697E+03,0.000000E+00,2.010876E-01,0.000000E+00,3.643705E+03,0.000000E+00,2.569131E-01,0.000000E+00,3.751654E+03,0.000000E+00,2.645088E-01,0.000000E+00,2.774436E+03,0.000000E+00,1.956111E-01,0.000000E+00,4.440091E+03,0.000000E+00,3.130643E-01,0.000000E+00,5.418636E+03,0.000000E+00,3.820515E-01,0.000000E+00,6.143571E+03,0.000000E+00,4.331477E-01,0.000000E+00,5.399141E+03,0.000000E+00,3.806588E-01,0.000000E+00,4.682161E+03,0.000000E+00,3.301321E-01,0.000000E+00,5.683353E+03,0.000000E+00,4.007162E-01,0.000000E+00,6.602037E+03,0.000000E+00,4.654710E-01,0.000000E+00,5.757551E+03,0.000000E+00,4.059275E-01
18:40:00,0.000000E+00,2.864426E+03,0.000000E+00,2.019150E-01,0.000000E+00,3.654084E+03,0.000000E+00,2.576453E-01,0.000000E+00,3.768156E+03,0.000000E+00,2.656725E-01,0.000000E+00,2.799475E+03,0.000000E+00,1.973766E-01,0.000000E+00,4.456496E+03,0.000000E+00,3.142223E-01,0.000000E+00,5.444850E+03,0.000000E+00,3.839009E-01,0.000000E+00,6.184250E+03,0.000000E+00,4.360173E-01,0.000000E+00,5.426370E+03,0.000000E+00,3.825802E-01,0.000000E+00,4.694725E+03,0.000000E+00,3.310193E-01,0.000000E+00,5.700523E+03,0.000000E+00,4.019282E-01,0.000000E+00,6.634374E+03,0.000000E+00,4.677527E-01,0.000000E+00,5.774363E+03,0.000000E+00,4.071146E-01
18:50:00,0.000000E+00,2.876217E+03,0.000000E+00,2.027465E-01,0.000000E+00,3.662468E+03,0.000000E+00,2.582369E-01,0.000000E+00,3.781419E+03,0.000000E+00,2.666079E-01,0.000000E+00,2.822096E+03,0.000000E+00,1.989717E-01,0.000000E+00,4.472316E+03,0.000000E+00,3.153387E-01,0.000000E+00,5.467883E+03,0.000000E+00,3.855257E-01,0.000000E+00,6.220453E+03,0.000000E+00,4.385711E-01,0.000000E+00,5.451533E+03,0.000000E+00,3.843558E-01,0.000000E+00,4.706257E+03,0.000000E+00,3.318335E-01,0.000000E+00,5.714237E+03,0.000000E+00,4.028962E-01,0.000000E+00,6.661382E+03,0.000000E+00,4.696582E-01,0.000000E+00,5.790038E+03,0.000000E+00,4.082213E-01
19:00:00,0.000000E+00,2.888327E+03,0.000000E+00,2.036007E-01,0.000000E+00,3.669228E+03,0.000000E+00,2.587141E-01,0.000000E+00,3.791769E+03,0.000000E+00,2.673380E-01,0.000000E+00,2.842301E+03,0.000000E+00,2.003964E-01,0.000000E+00,4.487797E+03,0.000000E+00,3.164312E-01,0.000000E+00,5.488085E+03,0.000000E+00,3.869509E-01,0.000000E+00,6.252360E+03,0.000000E+00,4.408218E-01,0.000000E+00,5.474434E+03,0.000000E+00,3.859717E-01,0.000000E+00,4.717024E+03,0.000000E+00,3.325936E-01,0.000000E+00,5.724800E+03,0.000000E+00,4.036419E-01,0.000000E+00,6.682940E+03,0.000000E+00,4.711793E-01,0.000000E+00,5.804787E+03,0.000000E+00,4.092626E-01
19:10:00,0.000000E+00,2.864388E+03,0.000000E+00,2.019135E-01,0.000000E+00,3.636929E+03,0.000000E+00,2.564373E-01,0.000000E+00,3.755678E+03,0.000000E+00,2.647938E-01,0.000000E+00,2.812991E+03,0.000000E+00,1.983301E-01,0.000000E+00,4.468412E+03,0.000000E+00,3.150652E-01,0.000000E+00,5.468663E+03,0.000000E+00,3.855823E-01,0.000000E+00,6.239216E+03,0.000000E+00,4.398961E-01,0.000000E+00,5.450618E+03,0.000000E+00,3.842938E-01,0.000000E+00,4.690147E+03,0.000000E+00,3.306994E-01,0.000000E+00,5.693501E+03,0.000000E+00,4.014360E-01,0.000000E+00,6.655189E+03,0.000000E+00,4.692238E-01,0.000000E+00,5.771143E+03,0.000000E+00,4.068918E-01
19:20:00,0.000000E+00,2.838824E+03,0.000000E+00,2.001117E-01,0.000000E+00,3.598891E+03,0.000000E+00,2.537552E-01,0.000000E+00,3.714348E+03,0.000000E+00,2.618797E-01,0.000000E+00,2.779620E+03,0.000000E+00,1.959769E-01,0.000000E+00,4.446843E+03,0.000000E+00,3.135447E-01,0.000000E+00,5.442178E+03,0.000000E+00,3.837152E-01,0.000000E+00,6.219368E+03,0.000000E+00,4.384972E-01,0.000000E+00,5.422387E+03,0.000000E+00,3.823039E-01,0.000000E+00,4.661224E+03,0.000000E+00,3.286604E-01,0.000000E+00,5.657438E+03,0.000000E+00,3.988937E-01,0.000000E+00,6.620128E+03,0.000000E+00,4.667523E-01,0.000000E+00,5.734805E+03,0.000000E+00,4.043304E-01
19:30:00,0.000000E+00,2.811539E+03,0.000000E+00,1.981885E-01,0.000000E+00,3.556501E+03,0.000000E+00,2.507661E-01,0.000000E+00,3.667747E+03,0.000000E+00,2.585937E-01,0.000000E+00,2.744203E+03,0.000000E+00,1.934793E-01,0.000000E+00,4.423436E+03,0.000000E+00,3.118941E-01,0.000000E+00,5.409903E+03,0.000000E+00,3.814394E-01,0.000000E+00,6.192897E+03,0.000000E+00,4.366308E-01,0.000000E+00,5.391089E+03,0.000000E+00,3.800974E-01,0.000000E+00,4.630484E+03,0.000000E+00,3.264927E-01,0.000000E+00,5.616253E+03,0.000000E+00,3.959895E-01,0.000000E+00,6.577396E+03,0.000000E+00,4.637394E-01,0.000000E+00,5.695851E+03,0.000000E+00,4.015842E-01
19:40:00,0.000000E+00,2.782022E+03,0.000000E+00,1.961080E-01,0.000000E+00,3.509678E+03,0.000000E+00,2.474641E-01,0.000000E+00,3.616441E+03,0.000000E+00,2.549759E-01,0.000000E+00,2.707409E+03,0.000000E+00,1.908846E-01,0.000000E+00,4.397841E+03,0.000000E+00,3.100889E-01,0.000000E+00,5.371760E+03,0.000000E+00,3.787493E-01,0.000000E+00,6.160408E+03,0.000000E+00,4.343396E-01,0.000000E+00,5.357962E+03,0.000000E+00,3.777615E-01,0.000000E+00,4.598006E+03,0.000000E+00,3.242021E-01,0.000000E+00,5.570163E+03,0.000000E+00,3.927391E-01,0.000000E+00,6.527695E+03,0.000000E+00,4.602347E-01,0.000000E+00,5.654803E+03,0.000000E+00,3.986899E-01
19:50:00,0.000000E+00,2.750406E+03,0.000000E+00,1.938794E-01,0.000000E+00,3.458040E+03,0.000000E+00,2.438225E-01,0.000000E+00,3.560892E+03,0.000000E+00,2.510588E-01,0.000000E+00,2.669937E+03,0.000000E+00,1.882421E-01,0.000000E+00,4.370170E+03,0.000000E+00,3.081370E-01,0.000000E+00,5.327318E+03,0.000000E+00,3.756147E-01,0.000000E+00,6.122353E+03,0.000000E+00,4.316556E-01,0.000000E+00,5.323761E+03,0.000000E+00,3.753496E-01,0.000000E+00,4.563779E+03,0.000000E+00,3.217879E-01,0.000000E+00,5.518963E+03,0.000000E+00,3.891280E-01,0.000000E+00,6.471694E+03,0.000000E+00,4.562852E-01,0.000000E+00,5.612227E+03,0.000000E+00,3.956875E-01
20:00:00,0.000000E+00,2.716652E+03,0.000000E+00,1.915002E-01,0.000000E+00,3.400450E+03,0.000000E+00,2.397611E-01,0.000000E+00,3.500418E+03,0.000000E+00,2.467944E-01,0.000000E+00,2.631394E+03,0.000000E+00,1.855241E-01,0.000000E+00,4.340387E+03,0.000000E+00,3.060359E-01,0.000000E+00,5.275390E+03,0.000000E+00,3.719522E-01,0.000000E+00,6.078299E+03,0.000000E+00,4.285484E-01,0.000000E+00,5.288332E+03,0.000000E+00,3.728509E-01,0.000000E+00,4.527425E+03,0.000000E+00,3.192236E-01,0.000000E+00,5.461647E+03,0.000000E+00,3.850855E-01,0.000000E+00,6.408967E+03,0.000000E+00,4.518614E-01,0.000000E+00,5.567247E+03,0.000000E+00,3.925154E-01
20:10:00,0.000000E+00,2.688553E+03,0.000000E+00,1.895196E-01,0.000000E+00,3.345340E+03,0.000000E+00,2.358746E-01,0.000000E+00,3.443404E+03,0.000000E+00,2.427738E-01,0.000000E+00,2.599026E+03,0.000000E+00,1.832415E-01,0.000000E+00,4.315258E+03,0.000000E+00,3.042631E-01,0.000000E+00,5.223966E+03,0.000000E+00,3.683252E-01,0.000000E+00,6.035285E+03,0.000000E+00,4.255145E-01,0.000000E+00,5.257695E+03,0.000000E+00,3.706900E-01,0.000000E+00,4.496796E+03,0.000000E+00,3.170628E-01,0.000000E+00,5.407039E+03,0.000000E+00,3.812339E-01,0.000000E+00,6.348484E+03,0.000000E+00,4.475958E-01,0.000000E+00,5.527544E+03,0.000000E+00,3.897152E-01
20:20:00,0.000000E+00,2.660128E+03,0.000000E+00,1.875159E-01,0.000000E+00,3.287452E+03,0.000000E+00,2.317924E-01,0.000000E+00,3.384682E+03,0.000000E+00,2.386330E-01,0.000000E+00,2.568132E+03,0.000000E+00,1.810629E-01,0.000000E+00,4.289608E+03,0.000000E+00,3.024536E-01,0.000000E+00,5.168058E+03,0.000000E+00,3.643822E-01,0.000000E+00,5.989318E+03,0.000000E+00,4.222724E-01,0.000000E+00,5.228302E+03,0.000000E+00,3.686169E-01,0.000000E+00,4.465535E+03,0.000000E+00,3.148577E-01,0.000000E+00,5.348035E+03,0.000000E+00,3.770725E-01,0.000000E+00,6.284866E+03,0.000000E+00,4.431093E-01,0.000000E+00,5.488245E+03,0.000000E+00,3.869437E-01
20:30:00,0.000000E+00,2.631143E+03,0.000000E+00,1.854728E-01,0.000000E+00,3.225978E+03,0.000000E+00,2.274574E-01,0.000000E+00,3.323701E+03,0.000000E+00,2.343330E-01,0.000000E+00,2.538250E+03,0.000000E+00,1.789558E-01,0.000000E+00,4.263237E+03,0.000000E+00,3.005935E-01,0.000000E+00,5.106931E+03,0.000000E+00,3.600714E-01,0.000000E+00,5.940013E+03,0.000000E+00,4.187953E-01,0.000000E+00,5.199790E+03,0.000000E+00,3.666061E-01,0.000000E+00,4.433527E+03,0.000000E+00,3.126001E-01,0.000000E+00,5.284580E+03,0.000000E+00,3.725975E-01,0.000000E+00,6.217809E+03,0.000000E+00,4.383804E-01,0.000000E+00,5.449161E+03,0.000000E+00,3.841873E-01
20:40:00,0.000000E+00,2.602373E+03,0.000000E+00,1.834448E-01,0.000000E+00,3.161215E+03,0.000000E+00,2.228906E-01,0.000000E+00,3.259764E+03,0.000000E+00,2.298246E-01,0.000000E+00,2.508238E+03,0.000000E+00,1.768395E-01,0.000000E+00,4.236737E+03,0.000000E+00,2.987242E-01,0.000000E+00,5.040766E+03,0.000000E+00,3.554056E-01,0.000000E+00,5.886695E+03,0.000000E+00,4.150352E-01,0.000000E+00,5.171219E+03,0.000000E+00,3.645911E-01,0.000000E+00,4.400982E+03,0.000000E+00,3.103047E-01,0.000000E+00,5.216776E+03,0.000000E+00,3.678159E-01,0.000000E+00,6.146584E+03,0.000000E+00,4.333578E-01,0.000000E+00,5.409872E+03,0.000000E+00,3.814167E-01
20:50:00,0.000000E+00,2.573895E+03,0.000000E+00,1.814374E-01,0.000000E+00,3.094250E+03,0.000000E+00,2.181687E-01,0.000000E+00,3.192321E+03,0.000000E+00,2.250691E-01,0.000000E+00,2.477486E+03,0.000000E+00,1.746711E-01,0.000000E+00,4.210172E+03,0.000000E+00,2.968506E-01,0.000000E+00,4.970528E+03,0.000000E+00,3.504526E-01,0.000000E+00,5.828827E+03,0.000000E+00,4.109545E-01,0.000000E+00,5.141977E+03,0.000000E+00,3.625289E-01,0.000000E+00,4.368132E+03,0.000000E+00,3.079879E-01,0.000000E+00,5.145258E+03,0.000000E+00,3.627726E-01,0.000000E+00,6.070702E+03,0.000000E+00,4.280070E-01,0.000000E+00,5.369866E+03,0.000000E+00,3.785954E-01
21:00:00,0.000000E+00,2.545938E+03,0.000000E+00,1.794667E-01,0.000000E+00,3.027014E+03,0.000000E+00,2.134277E-01,0.000000E+00,3.121791E+03,0.000000E+00,2.200959E-01,0.000000E+00,2.446527E+03,0.000000E+00,1.724880E-01,0.000000E+00,4.183740E+03,0.000000E+00,2.949864E-01,0.000000E+00,4.898069E+03,0.000000E+00,3.453432E-01,0.000000E+00,5.766686E+03,0.000000E+00,4.065725E-01,0.000000E+00,5.112393E+03,0.000000E+00,3.604425E-01,0.000000E+00,4.335535E+03,0.000000E+00,3.056889E-01,0.000000E+00,5.071569E+03,0.000000E+00,3.575762E-01,0.000000E+00,5.990804E+03,0.000000E+00,4.223731E-01,0.000000E+00,5.329847E+03,0.000000E+00,3.757734E-01
21:10:00,0.000000E+00,2.506995E+03,0.000000E+00,1.767216E-01,0.000000E+00,2.948647E+03,0.000000E+00,2.079021E-01,0.000000E+00,3.029826E+03,0.000000E+00,2.136116E-01,0.000000E+00,2.398543E+03,0.000000E+00,1.691048E-01,0.000000E+00,4.146032E+03,0.000000E+00,2.923271E-01,0.000000E+00,4.811906E+03,0.000000E+00,3.392676E-01,0.000000E+00,5.682400E+03,0.000000E+00,4.006293E-01,0.000000E+00,5.065715E+03,0.000000E+00,3.571510E-01,0.000000E+00,4.291742E+03,0.000000E+00,3.026006E-01,0.000000E+00,4.983753E+03,0.000000E+00,3.513840E-01,0.000000E+00,5.887790E+03,0.000000E+00,4.151095E-01,0.000000E+00,5.272582E+03,0.000000E+00,3.717355E-01
21:20:00,0.000000E+00,2.467813E+03,0.000000E+00,1.739596E-01,0.000000E+00,2.868906E+03,0.000000E+00,2.022794E-01,0.000000E+00,2.925989E+03,0.000000E+00,2.062900E-01,0.000000E+00,2.346758E+03,0.000000E+00,1.654532E-01,0.000000E+00,4.107893E+03,0.000000E+00,2.896373E-01,0.000000E+00,4.721033E+03,0.000000E+00,3.328598E-01,0.000000E+00,5.585951E+03,0.000000E+00,3.938284E-01,0.000000E+00,5.015241E+03,0.000000E+00,3.535917E-01,0.000000E+00,4.247558E+03,0.000000E+00,2.994845E-01,0.000000E+00,4.891006E+03,0.000000E+00,3.448439E-01,0.000000E+00,5.770511E+03,0.000000E+00,4.068399E-01,0.000000E+00,5.210932E+03,0.000000E+00,3.673882E-01
21:30:00,0.000000E+00,2.428504E+03,0.000000E+00,1.711887E-01,0.000000E+00,2.789193E+03,0.000000E+00,1.966590E-01,0.000000E+00,2.813585E+03,0.000000E+00,1.983645E-01,0.000000E+00,2.291598E+03,0.000000E+00,1.615638E-01,0.000000E+00,4.069382E+03,0.000000E+00,2.869214E-01,0.000000E+00,4.627350E+03,0.000000E+00,3.262540E-01,0.000000E+00,5.479698E+03,0.000000E+00,3.863362E-01,0.000000E+00,4.961087E+03,0.000000E+00,3.497730E-01,0.000000E+00,4.203139E+03,0.000000E+00,2.963520E-01,0.000000E+00,4.796025E+03,0.000000E+00,3.381464E-01,0.000000E+00,5.642985E+03,0.000000E+00,3.978479E-01,0.000000E+00,5.145472E+03,0.000000E+00,3.627724E-01
21:40:00,0.000000E+00,2.389010E+03,0.000000E+00,1.684047E-01,0.000000E+00,2.709831E+03,0.000000E+00,1.910635E-01,0.000000E+00,2.692895E+03,0.000000E+00,1.898548E-01,0.000000E+00,2.232689E+03,0.000000E+00,1.574101E-01,0.000000E+00,4.030459E+03,0.000000E+00,2.841765E-01,0.000000E+00,4.531982E+03,0.000000E+00,3.195296E-01,0.000000E+00,5.363764E+03,0.000000E+00,3.781617E-01,0.000000E+00,4.902757E+03,0.000000E+00,3.456600E-01,0.000000E+00,4.158453E+03,0.000000E+00,2.932008E-01,0.000000E+00,4.699456E+03,0.000000E+00,3.313371E-01,0.000000E+00,5.505200E+03,0.000000E+00,3.881328E-01,0.000000E+00,5.075638E+03,0.000000E+00,3.578483E-01
21:50:00,0.000000E+00,2.349459E+03,0.000000E+00,1.656167E-01,0.000000E+00,2.632463E+03,0.000000E+00,1.856086E-01,0.000000E+00,2.568745E+03,0.000000E+00,1.811011E-01,0.000000E+00,2.171145E+03,0.000000E+00,1.530706E-01,0.000000E+00,3.991229E+03,0.000000E+00,2.814102E-01,0.000000E+00,4.437242E+03,0.000000E+00,3.128496E-01,0.000000E+00,5.242120E+03,0.000000E+00,3.695847E-01,0.000000E+00,4.841072E+03,0.000000E+00,3.413105E-01,0.000000E+00,4.113662E+03,0.000000E+00,2.900424E-01,0.000000E+00,4.603903E+03,0.000000E+00,3.245996E-01,0.000000E+00,5.362427E+03,0.000000E+00,3.780661E-01,0.000000E+00,5.002641E+03,0.000000E+00,3.527013E-01
22:00:00,0.000000E+00,2.309081E+03,0.000000E+00,1.627704E-01,0.000000E+00,2.556287E+03,0.000000E+00,1.802378E-01,0.000000E+00,2.438317E+03,0.000000E+00,1.719050E-01,0.000000E+00,2.104928E+03,0.000000E+00,1.484017E-01,0.000000E+00,3.951083E+03,0.000000E+00,2.785793E-01,0.000000E+00,4.342539E+03,0.000000E+00,3.061724E-01,0.000000E+00,5.112673E+03,0.000000E+00,3.604576E-01,0.000000E+00,4.774262E+03,0.000000E+00,3.365999E-01,0.000000E+00,4.067704E+03,0.000000E+00,2.868017E-01,0.000000E+00,4.507691E+03,0.000000E+00,3.178157E-01,0.000000E+00,5.210651E+03,0.000000E+00,3.673648E-01,0.000000E+00,4.923399E+03,0.000000E+00,3.471141E-01
22:10:00,0.000000E+00,2.224527E+03,0.000000E+00,1.568101E-01,0.000000E+00,2.442797E+03,0.000000E+00,1.722359E-01,0.000000E+00,2.266371E+03,0.000000E+00,1.597818E-01,0.000000E+00,1.987748E+03,0.000000E+00,1.401398E-01,0.000000E+00,3.869346E+03,0.000000E+00,2.728160E-01,0.000000E+00,4.209359E+03,0.000000E+00,2.967823E-01,0.000000E+00,4.941454E+03,0.000000E+00,3.483857E-01,0.000000E+00,4.658852E+03,0.000000E+00,3.284628E-01,0.000000E+00,3.977123E+03,0.000000E+00,2.804149E-01,0.000000E+00,4.370308E+03,0.000000E+00,3.081292E-01,0.000000E+00,5.016428E+03,0.000000E+00,3.536709E-01,0.000000E+00,4.792617E+03,0.000000E+00,3.378932E-01
22:20:00,0.000000E+00,2.137531E+03,0.000000E+00,1.506777E-01,0.000000E+00,2.331791E+03,0.000000E+00,1.644086E-01,0.000000E+00,2.106158E+03,0.000000E+00,1.484857E-01,0.000000E+00,1.870250E+03,0.000000E+00,1.318552E-01,0.000000E+00,3.784853E+03,0.000000E+00,2.668578E-01,0.000000E+00,4.079694E+03,0.000000E+00,2.876396E-01,0.000000E+00,4.777841E+03,0.000000E+00,3.368496E-01,0.000000E+00,4.541631E+03,0.000000E+00,3.201976E-01,0.000000E+00,3.884728E+03,0.000000E+00,2.738995E-01,0.000000E+00,4.239641E+03,0.000000E+00,2.989156E-01,0.000000E+00,4.835073E+03,0.000000E+00,3.408840E-01,0.000000E+00,4.662259E+03,0.000000E+00,3.287017E-01
22:30:00,0.000000E+00,2.049320E+03,0.000000E+00,1.444595E-01,0.000000E+00,2.225331E+03,0.000000E+00,1.569017E-01,0.000000E+00,1.957097E+03,0.000000E+00,1.379759E-01,0.000000E+00,1.753577E+03,0.000000E+00,1.236287E-01,0.000000E+00,3.698658E+03,0.000000E+00,2.607794E-01,0.000000E+00,3.955931E+03,0.000000E+00,2.789129E-01,0.000000E+00,4.622390E+03,0.000000E+00,3.258889E-01,0.000000E+00,4.424013E+03,0.000000E+00,3.119041E-01,0.000000E+00,3.791122E+03,0.000000E+00,2.672985E-01,0.000000E+00,4.114684E+03,0.000000E+00,2.901046E-01,0.000000E+00,4.665084E+03,0.000000E+00,3.288983E-01,0.000000E+00,4.532892E+03,0.000000E+00,3.195800E-01
22:40:00,0.000000E+00,1.960481E+03,0.000000E+00,1.381971E-01,0.000000E+00,2.123859E+03,0.000000E+00,1.497462E-01,0.000000E+00,1.820769E+03,0.000000E+00,1.283639E-01,0.000000E+00,1.639130E+03,0.000000E+00,1.155593E-01,0.000000E+00,3.611327E+03,0.000000E+00,2.546206E-01,0.000000E+00,3.838099E+03,0.000000E+00,2.706041E-01,0.000000E+00,4.477029E+03,0.000000E+00,3.156395E-01,0.000000E+00,4.307412E+03,0.000000E+00,3.036824E-01,0.000000E+00,3.696710E+03,0.000000E+00,2.606405E-01,0.000000E+00,3.995772E+03,0.000000E+00,2.817195E-01,0.000000E+00,4.508373E+03,0.000000E+00,3.178488E-01,0.000000E+00,4.405834E+03,0.000000E+00,3.106210E-01
22:50:00,0.000000E+00,1.871181E+03,0.000000E+00,1.319022E-01,0.000000E+00,2.026161E+03,0.000000E+00,1.428570E-01,0.000000E+00,1.693864E+03,0.000000E+00,1.194164E-01,0.000000E+00,1.526496E+03,0.000000E+00,1.076177E-01,0.000000E+00,3.523056E+03,0.000000E+00,2.483954E-01,0.000000E+00,3.724739E+03,0.000000E+00,2.626106E-01,0.000000E+00,4.339547E+03,0.000000E+00,3.059456E-01,0.000000E+00,4.191734E+03,0.000000E+00,2.955255E-01,0.000000E+00,3.601590E+03,0.000000E+00,2.539323E-01,0.000000E+00,3.881037E+03,0.000000E+00,2.736288E-01,0.000000E+00,4.361457E+03,0.000000E+00,3.074898E-01,0.000000E+00,4.280588E+03,0.000000E+00,3.017896E-01
23:00:00,0.000000E+00,1.782395E+03,0.000000E+00,1.256435E-01,0.000000E+00,1.933193E+03,0.000000E+00,1.363012E-01,0.000000E+00,1.580569E+03,0.000000E+00,1.114285E-01,0.000000E+00,1.418391E+03,0.000000E+00,9.999533E-02,0.000000E+00,3.434666E+03,0.000000E+00,2.421618E-01,0.000000E+00,3.616984E+03,0.000000E+00,2.550120E-01,0.000000E+00,4.213649E+03,0.000000E+00,2.970683E-01,0.000000E+00,4.079452E+03,0.000000E+00,2.876081E-01,0.000000E+00,3.507029E+03,0.000000E+00,2.472636E-01,0.000000E+00,3.772661E+03,0.000000E+00,2.659863E-01,0.000000E+00,4.230014E+03,0.000000E+00,2.982217E-01,0.000000E+00,4.160978E+03,0.000000E+00,2.933555E-01
23:10:00,0.000000E+00,1.700786E+03,0.000000E+00,1.198908E-01,0.000000E+00,1.849624E+03,0.000000E+00,1.304083E-01,0.000000E+00,1.478846E+03,0.000000E+00,1.042566E-01,0.000000E+00,1.320269E+03,0.000000E+00,9.307710E-02,0.000000E+00,3.352779E+03,0.000000E+00,2.363868E-01,0.000000E+00,3.518673E+03,0.000000E+00,2.480795E-01,0.000000E+00,4.099336E+03,0.000000E+00,2.890079E-01,0.000000E+00,3.976561E+03,0.000000E+00,2.803528E-01,0.000000E+00,3.419317E+03,0.000000E+00,2.410779E-01,0.000000E+00,3.672831E+03,0.000000E+00,2.589466E-01,0.000000E+00,4.110398E+03,0.000000E+00,2.897875E-01,0.000000E+00,4.051167E+03,0.000000E+00,2.856124E-01
23:20:00,0.000000E+00,1.619072E+03,0.000000E+00,1.141306E-01,0.000000E+00,1.767152E+03,0.000000E+00,1.245930E-01,0.000000E+00,1.378653E+03,0.000000E+00,9.719277E-02,0.000000E+00,1.222480E+03,0.000000E+00,8.618269E-02,0.000000E+00,3.270397E+03,0.000000E+00,2.305771E-01,0.000000E+00,3.421188E+03,0.000000E+00,2.412054E-01,0.000000E+00,3.986729E+03,0.000000E+00,2.810679E-01,0.000000E+00,3.873688E+03,0.000000E+00,2.730991E-01,0.000000E+00,3.331129E+03,0.000000E+00,2.348588E-01,0.000000E+00,3.573540E+03,0.000000E+00,2.519451E-01,0.000000E+00,3.992498E+03,0.000000E+00,2.814744E-01,0.000000E+00,3.941425E+03,0.000000E+00,2.778744E-01
23:30:00,0.000000E+00,1.537155E+03,0.000000E+00,1.083561E-01,0.000000E+00,1.684998E+03,0.000000E+00,1.188001E-01,0.000000E+00,1.279323E+03,0.000000E+00,9.018978E-02,0.000000E+00,1.124747E+03,0.000000E+00,7.929231E-02,0.000000E+00,3.187447E+03,0.000000E+00,2.247275E-01,0.000000E+00,3.323872E+03,0.000000E+00,2.343432E-01,0.000000E+00,3.875061E+03,0.000000E+00,2.731942E-01,0.000000E+00,3.770581E+03,0.000000E+00,2.658289E-01,0.000000E+00,3.242446E+03,0.000000E+00,2.286050E-01,0.000000E+00,3.474509E+03,0.000000E+00,2.449618E-01,0.000000E+00,3.875715E+03,0.000000E+00,2.732401E-01,0.000000E+00,3.831591E+03,0.000000E+00,2.701299E-01
23:40:00,0.000000E+00,1.455024E+03,0.000000E+00,1.025665E-01,0.000000E+00,1.603069E+03,0.000000E+00,1.130231E-01,0.000000E+00,1.180614E+03,0.000000E+00,8.323055E-02,0.000000E+00,1.027017E+03,0.000000E+00,7.240203E-02,0.000000E+00,3.103922E+03,0.000000E+00,2.188374E-01,0.000000E+00,3.226553E+03,0.000000E+00,2.274808E-01,0.000000E+00,3.763952E+03,0.000000E+00,2.653598E-01,0.000000E+00,3.667142E+03,0.000000E+00,2.585352E-01,0.000000E+00,3.153285E+03,0.000000E+00,2.223175E-01,0.000000E+00,3.375589E+03,0.000000E+00,2.379865E-01,0.000000E+00,3.759712E+03,0.000000E+00,2.650607E-01,0.000000E+00,3.721598E+03,0.000000E+00,2.623742E-01
23:50:00,0.000000E+00,1.372686E+03,0.000000E+00,9.676238E-02,0.000000E+00,1.521295E+03,0.000000E+00,1.072569E-01,0.000000E+00,1.082389E+03,0.000000E+00,7.630545E-02,0.000000E+00,9.292596E+02,0.000000E+00,6.550984E-02,0.000000E+00,3.019831E+03,0.000000E+00,2.129073E-01,0.000000E+00,3.129131E+03,0.000000E+00,2.206111E-01,0.000000E+00,3.653184E+03,0.000000E+00,2.575495E-01,0.000000E+00,3.563326E+03,0.000000E+00,2.512150E-01,0.000000E+00,3.063662E+03,0.000000E+00,2.159974E-01,0.000000E+00,3.276685E+03,0.000000E+00,2.310123E-01,0.000000E+00,3.644262E+03,0.000000E+00,2.569203E-01,0.000000E+00,3.611403E+03,0.000000E+00,2.546042E-01
24:00:00,0.000000E+00,1.290152E+03,0.000000E+00,9.094441E-02,0.000000E+00,1.439641E+03,0.000000E+00,1.014992E-01,0.000000E+00,9.845697E+02,0.000000E+00,6.940884E-02,0.000000E+00,8.314656E+02,0.000000E+00,5.861504E-02,0.000000E+00,2.935188E+03,0.000000E+00,2.069384E-01,0.000000E+00,3.031555E+03,0.000000E+00,2.137306E-01,0.000000E+00,3.542624E+03,0.000000E+00,2.497538E-01,0.000000E+00,3.459112E+03,0.000000E+00,2.438667E-01,0.000000E+00,2.973592E+03,0.000000E+00,2.096458E-01,0.000000E+00,3.177734E+03,0.000000E+00,2.240347E-01,0.000000E+00,3.529205E+03,0.000000E+00,2.488076E-01,0.000000E+00,3.500975E+03,0.000000E+00,2.468179E-01
Peak,2.511708E+01,2.888327E+03,2.218934E-03,2.036007E-01,0.000000E+00,3.669228E+03,0.000000E+00,2.587141E-01,1.412355E+02,3.791769E+03,9.965157E-03,2.673380E-01,1.017435E+02,2.842301E+03,7.178513E-03,2.003964E-01,0.000000E+00,4.487797E+03,0.000000E+00,3.164312E-01,0.000000E+00,5.488085E+03,0.000000E+00,3.869509E-01,0.000000E+00,6.252360E+03,0.000000E+00,4.408218E-01,0.000000E+00,5.474434E+03,0.000000E+00,3.859717E-01,0.000000E+00,4.717024E+03,0.000000E+00,3.325936E-01,0.000000E+00,5.724800E+03,0.000000E+00,4.036419E-01,0.000000E+00,6.682940E+03,0.000000E+00,4.711793E-01,0.000000E+00,5.804787E+03,0.000000E+00,4.092626E-01

Peak Vol Flow (m3/s),,,1.855438E-03,1.702477E-01,,,0.000000E+00,2.163327E-01,,,8.332710E-03,2.235439E-01,,,6.002561E-03,1.675683E-01,,,0.000000E+00,2.645948E-01,,,0.000000E+00,3.235624E-01,,,0.000000E+00,3.686084E-01,,,0.000000E+00,3.227435E-01,,,0.000000E+00,2.781096E-01,,,0.000000E+00,3.375191E-01,,,0.000000E+00,3.939929E-01,,,0.000000E+00,3.422190E-01
