Time,01_A1:LAKEHOODSEAPLANEANNHTG99.6CONDNSDB:Des Heat Load [W],01_A1:LAKEHOODSEAPLANEANNCLG.4CONDNSDBMWB:Des Sens Cool Load [W],01_A1:LAKEHOODSEAPLANEANNHTG99.6CONDNSDB:Des Heat Mass Flow [kg/s],01_A1:LAKEHOODSEAPLANEANNCLG.4CONDNSDBMWB:Des Cool Mass Flow [kg/s],01_A2::Des Heat Load [W],01_A2:LAKEHOODSEAPLANEANNCLG.4CONDNSDBMWB:Des Sens Cool Load [W],01_A2::Des Heat Mass Flow [kg/s],01_A2:LAKEHOODSEAPLANEANNCLG.4CONDNSDBMWB:Des Cool Mass Flow [kg/s],01_B2:LAKEHOODSEAPLANEANNHTG99.6CONDNSDB:Des Heat Load [W],01_B2:LAKEHOODSEAPLANEANNCLG.4CONDNSDBMWB:Des Sens Cool Load [W],01_B2:LAKEHOODSEAPLANEANNHTG99.6CONDNSDB:Des Heat Mass Flow [kg/s],01_B2:LAKEHOODSEAPLANEANNCLG.4CONDNSDBMWB:Des Cool Mass Flow [kg/s],01_C1::Des Heat Load [W],01_C1:LAKEHOODSEAPLANEANNCLG.4CONDNSDBMWB:Des Sens Cool Load [W],01_C1::Des Heat Mass Flow [kg/s],01_C1:LAKEHOODSEAPLANEANNCLG.4CONDNSDBMWB:Des Cool Mass Flow [kg/s],02_A1::Des Heat Load [W],02_A1:LAKEHOODSEAPLANEANNCLG.4CONDNSDBMWB:Des Sens Cool Load [W],02_A1::Des Heat Mass Flow [kg/s],02_A1:LAKEHOODSEAPLANEANNCLG.4CONDNSDBMWB:Des Cool Mass Flow [kg/s],02_A2::Des Heat Load [W],02_A2:LAKEHOODSEAPLANEANNCLG.4CONDNSDBMWB:Des Sens Cool Load [W],02_A2::Des Heat Mass Flow [kg/s],02_A2:LAKEHOODSEAPLANEANNCLG.4CONDNSDBMWB:Des Cool Mass Flow [kg/s],02_B2::Des Heat Load [W],02_B2:LAKEHOODSEAPLANEANNCLG.4CONDNSDBMWB:Des Sens Cool Load [W],02_B2::Des Heat Mass Flow [kg/s],02_B2:LAKEHOODSEAPLANEANNCLG.4CONDNSDBMWB:Des Cool Mass Flow [kg/s],02_C1::Des Heat Load [W],02_C1:LAKEHOODSEAPLANEANNCLG.4CONDNSDBMWB:Des Sens Cool Load [W],02_C1::Des Heat Mass Flow [kg/s],02_C1:LAKEHOODSEAPLANEANNCLG.4CONDNSDBMWB:Des Cool Mass Flow [kg/s],03_A1::Des Heat Load [W],03_A1:LAKEHOODSEAPLANEANNCLG.4CONDNSDBMWB:Des Sens Cool Load [W],03_A1::Des Heat Mass Flow [kg/s],03_A1:LAKEHOODSEAPLANEANNCLG.4CONDNSDBMWB:Des Cool Mass Flow [kg/s],03_A2::Des Heat Load [W],03_A2:LAKEHOODSEAPLANEANNCLG.4CONDNSDBMWB:Des Sens Cool Load [W],03_A2::Des Heat Mass Flow [kg/s],03_A2:LAKEHOODSEAPLANEANNCLG.4CONDNSDBMWB:Des Cool Mass Flow [kg/s],03_B2::Des Heat Load [W],03_B2:LAKEHOODSEAPLANEANNCLG.4CONDNSDBMWB:Des Sens Cool Load [W],03_B2::Des Heat Mass Flow [kg/s],03_B2:LAKEHOODSEAPLANEANNCLG.4CONDNSDBMWB:Des Cool Mass Flow [kg/s],03_C1::Des Heat Load [W],03_C1:LAKEHOODSEAPLANEANNCLG.4CONDNSDBMWB:Des Sens Cool Load [W],03_C1::Des Heat Mass Flow [kg/s],03_C1:LAKEHOODSEAPLANEANNCLG.4CONDNSDBMWB:Des Cool Mass Flow [kg/s]
00:10:00,0.000000E+00,1.226367E+03,0.000000E+00,8.644808E-02,0.000000E+00,1.381208E+03,0.000000E+00,9.737874E-02,0.000000E+00,9.197706E+02,0.000000E+00,6.484030E-02,0.000000E+00,7.665297E+02,0.000000E+00,5.403690E-02,0.000000E+00,2.875815E+03,0.000000E+00,2.027511E-01,0.000000E+00,2.971702E+03,0.000000E+00,2.095095E-01,0.000000E+00,3.481652E+03,0.000000E+00,2.454541E-01,0.000000E+00,3.400637E+03,0.000000E+00,2.397431E-01,0.000000E+00,2.912363E+03,0.000000E+00,2.053277E-01,0.000000E+00,3.117602E+03,0.000000E+00,2.197940E-01,0.000000E+00,3.468122E+03,0.000000E+00,2.445001E-01,0.000000E+00,3.442032E+03,0.000000E+00,2.426612E-01
00:20:00,0.000000E+00,1.148767E+03,0.000000E+00,8.097794E-02,0.000000E+00,1.305906E+03,0.000000E+00,9.206928E-02,0.000000E+00,8.296326E+02,0.000000E+00,5.848565E-02,0.000000E+00,6.765372E+02,0.000000E+00,4.769261E-02,0.000000E+00,2.795331E+03,0.000000E+00,1.970758E-01,0.000000E+00,2.879305E+03,0.000000E+00,2.029944E-01,0.000000E+00,3.378081E+03,0.000000E+00,2.381515E-01,0.000000E+00,3.303383E+03,0.000000E+00,2.328858E-01,0.000000E+00,2.826619E+03,0.000000E+00,1.992815E-01,0.000000E+00,3.023430E+03,0.000000E+00,2.131537E-01,0.000000E+00,3.360352E+03,0.000000E+00,2.369015E-01,0.000000E+00,3.338843E+03,0.000000E+00,2.353856E-01
00:30:00,0.000000E+00,1.071026E+03,0.000000E+00,7.549782E-02,0.000000E+00,1.230726E+03,0.000000E+00,8.676839E-02,0.000000E+00,7.397987E+02,0.000000E+00,5.215245E-02,0.000000E+00,5.865268E+02,0.000000E+00,4.134708E-02,0.000000E+00,2.714364E+03,0.000000E+00,1.913664E-01,0.000000E+00,2.786767E+03,0.000000E+00,1.964695E-01,0.000000E+00,3.274579E+03,0.000000E+00,2.308537E-01,0.000000E+00,3.205760E+03,0.000000E+00,2.260026E-01,0.000000E+00,2.740502E+03,0.000000E+00,1.932090E-01,0.000000E+00,2.929171E+03,0.000000E+00,2.065074E-01,0.000000E+00,3.252793E+03,0.000000E+00,2.293176E-01,0.000000E+00,3.235441E+03,0.000000E+00,2.280949E-01
00:40:00,0.000000E+00,9.931506E+02,0.000000E+00,7.000824E-02,0.000000E+00,1.155692E+03,0.000000E+00,8.147780E-02,0.000000E+00,6.502569E+02,0.000000E+00,4.583985E-02,0.000000E+00,4.965208E+02,0.000000E+00,3.500187E-02,0.000000E+00,2.632930E+03,0.000000E+00,1.856241E-01,0.000000E+00,2.694089E+03,0.000000E+00,1.899346E-01,0.000000E+00,3.171115E+03,0.000000E+00,2.235586E-01,0.000000E+00,3.107768E+03,0.000000E+00,2.190933E-01,0.000000E+00,2.654023E+03,0.000000E+00,1.871111E-01,0.000000E+00,2.834811E+03,0.000000E+00,1.998539E-01,0.000000E+00,3.145396E+03,0.000000E+00,2.217454E-01,0.000000E+00,3.131816E+03,0.000000E+00,2.207885E-01
00:50:00,0.000000E+00,9.151476E+02,0.000000E+00,6.450968E-02,0.000000E+00,1.080787E+03,0.000000E+00,7.619630E-02,0.000000E+00,5.609734E+02,0.000000E+00,3.954544E-02,0.000000E+00,4.065106E+02,0.000000E+00,2.865635E-02,0.000000E+00,2.551041E+03,0.000000E+00,1.798498E-01,0.000000E+00,2.601263E+03,0.000000E+00,1.833894E-01,0.000000E+00,3.067668E+03,0.000000E+00,2.162648E-01,0.000000E+00,3.009410E+03,0.000000E+00,2.121583E-01,0.000000E+00,2.567191E+03,0.000000E+00,1.809882E-01,0.000000E+00,2.740340E+03,0.000000E+00,1.931926E-01,0.000000E+00,3.038127E+03,0.000000E+00,2.141821E-01,0.000000E+00,3.027962E+03,0.000000E+00,2.134660E-01
01:00:00,0.000000E+00,8.370234E+02,0.000000E+00,5.900257E-02,0.000000E+00,1.006002E+03,0.000000E+00,7.092331E-02,0.000000E+00,4.719225E+02,0.000000E+00,3.326741E-02,0.000000E+00,3.164938E+02,0.000000E+00,2.231036E-02,0.000000E+00,2.468712E+03,0.000000E+00,1.740445E-01,0.000000E+00,2.508287E+03,0.000000E+00,1.768335E-01,0.000000E+00,2.964222E+03,0.000000E+00,2.089711E-01,0.000000E+00,2.910691E+03,0.000000E+00,2.051978E-01,0.000000E+00,2.480016E+03,0.000000E+00,1.748412E-01,0.000000E+00,2.645751E+03,0.000000E+00,1.865230E-01,0.000000E+00,2.930960E+03,0.000000E+00,2.066260E-01,0.000000E+00,2.923877E+03,0.000000E+00,2.061272E-01
01:10:00,0.000000E+00,8.008102E+02,0.000000E+00,5.644983E-02,0.000000E+00,9.715821E+02,0.000000E+00,6.849614E-02,0.000000E+00,4.303649E+02,0.000000E+00,3.033756E-02,0.000000E+00,2.748006E+02,0.000000E+00,1.937106E-02,0.000000E+00,2.425404E+03,0.000000E+00,1.709902E-01,0.000000E+00,2.456435E+03,0.000000E+00,1.731770E-01,0.000000E+00,2.904730E+03,0.000000E+00,2.047760E-01,0.000000E+00,2.856696E+03,0.000000E+00,2.013903E-01,0.000000E+00,2.435021E+03,0.000000E+00,1.716680E-01,0.000000E+00,2.595906E+03,0.000000E+00,1.830079E-01,0.000000E+00,2.871697E+03,0.000000E+00,2.024471E-01,0.000000E+00,2.868379E+03,0.000000E+00,2.022138E-01
01:20:00,1.386719E+00,7.671169E+02,1.225077E-04,5.407472E-02,0.000000E+00,9.410943E+02,0.000000E+00,6.634665E-02,0.000000E+00,3.917583E+02,0.000000E+00,2.761600E-02,0.000000E+00,2.358554E+02,0.000000E+00,1.662570E-02,0.000000E+00,2.384281E+03,0.000000E+00,1.680904E-01,0.000000E+00,2.409144E+03,0.000000E+00,1.698425E-01,0.000000E+00,2.848126E+03,0.000000E+00,2.007850E-01,0.000000E+00,2.805278E+03,0.000000E+00,1.977650E-01,0.000000E+00,2.391827E+03,0.000000E+00,1.686223E-01,0.000000E+00,2.548039E+03,0.000000E+00,1.796329E-01,0.000000E+00,2.814813E+03,0.000000E+00,1.984364E-01,0.000000E+00,2.815020E+03,0.000000E+00,1.984517E-01
01:30:00,4.970314E+00,7.348106E+02,4.390956E-04,5.179738E-02,0.000000E+00,9.119714E+02,0.000000E+00,6.429345E-02,0.000000E+00,3.548463E+02,0.000000E+00,2.501391E-02,0.000000E+00,1.985745E+02,0.000000E+00,1.399768E-02,0.000000E+00,2.344423E+03,0.000000E+00,1.652800E-01,0.000000E+00,2.363351E+03,0.000000E+00,1.666138E-01,0.000000E+00,2.793243E+03,0.000000E+00,1.969155E-01,0.000000E+00,2.755371E+03,0.000000E+00,1.942463E-01,0.000000E+00,2.349848E+03,0.000000E+00,1.656624E-01,0.000000E+00,2.501455E+03,0.000000E+00,1.763483E-01,0.000000E+00,2.759493E+03,0.000000E+00,1.945361E-01,0.000000E+00,2.763094E+03,0.000000E+00,1.947907E-01
01:40:00,1.043677E+01,7.034945E+02,9.220226E-04,4.958984E-02,0.000000E+00,8.837993E+02,0.000000E+00,6.230728E-02,0.000000E+00,3.190547E+02,0.000000E+00,2.249081E-02,0.000000E+00,1.623987E+02,0.000000E+00,1.144757E-02,0.000000E+00,2.305453E+03,0.000000E+00,1.625322E-01,0.000000E+00,2.318696E+03,0.000000E+00,1.634653E-01,0.000000E+00,2.739616E+03,0.000000E+00,1.931346E-01,0.000000E+00,2.706534E+03,0.000000E+00,1.908031E-01,0.000000E+00,2.308866E+03,0.000000E+00,1.627728E-01,0.000000E+00,2.455941E+03,0.000000E+00,1.731392E-01,0.000000E+00,2.705478E+03,0.000000E+00,1.907279E-01,0.000000E+00,2.712357E+03,0.000000E+00,1.912134E-01
01:50:00,1.757112E+01,6.729571E+02,1.552299E-03,4.743721E-02,0.000000E+00,8.563527E+02,0.000000E+00,6.037225E-02,0.000000E+00,2.841453E+02,0.000000E+00,2.002990E-02,0.000000E+00,1.271173E+02,0.000000E+00,8.960520E-03,0.000000E+00,2.267179E+03,0.000000E+00,1.598336E-01,0.000000E+00,2.274922E+03,0.000000E+00,1.603790E-01,0.000000E+00,2.687016E+03,0.000000E+00,1.894261E-01,0.000000E+00,2.658561E+03,0.000000E+00,1.874208E-01,0.000000E+00,2.268720E+03,0.000000E+00,1.599421E-01,0.000000E+00,2.411318E+03,0.000000E+00,1.699931E-01,0.000000E+00,2.652577E+03,0.000000E+00,1.869981E-01,0.000000E+00,2.662637E+03,0.000000E+00,1.877081E-01
02:00:00,2.622550E+01,6.430757E+02,2.316860E-03,4.533081E-02,0.000000E+00,8.295041E+02,0.000000E+00,5.847937E-02,0.000000E+00,2.499856E+02,0.000000E+00,1.762183E-02,0.000000E+00,9.260521E+01,0.000000E+00,6.527702E-03,0.000000E+00,2.229488E+03,0.000000E+00,1.571761E-01,0.000000E+00,2.231899E+03,0.000000E+00,1.573457E-01,0.000000E+00,2.635315E+03,0.000000E+00,1.857810E-01,0.000000E+00,2.611336E+03,0.000000E+00,1.840913E-01,0.000000E+00,2.229300E+03,0.000000E+00,1.571628E-01,0.000000E+00,2.367483E+03,0.000000E+00,1.669025E-01,0.000000E+00,2.600670E+03,0.000000E+00,1.833386E-01,0.000000E+00,2.613825E+03,0.000000E+00,1.842666E-01
02:10:00,2.622550E+01,6.222632E+02,2.316860E-03,4.386369E-02,0.000000E+00,8.111650E+02,0.000000E+00,5.718640E-02,0.000000E+00,2.258675E+02,0.000000E+00,1.592164E-02,0.000000E+00,7.009935E+01,0.000000E+00,4.941240E-03,0.000000E+00,2.200232E+03,0.000000E+00,1.551133E-01,0.000000E+00,2.197816E+03,0.000000E+00,1.549426E-01,0.000000E+00,2.593074E+03,0.000000E+00,1.828029E-01,0.000000E+00,2.573551E+03,0.000000E+00,1.814273E-01,0.000000E+00,2.199121E+03,0.000000E+00,1.550349E-01,0.000000E+00,2.333479E+03,0.000000E+00,1.645050E-01,0.000000E+00,2.559145E+03,0.000000E+00,1.804110E-01,0.000000E+00,2.575410E+03,0.000000E+00,1.815583E-01
02:20:00,2.483878E+01,6.025191E+02,2.194352E-03,4.247189E-02,0.000000E+00,7.941374E+02,0.000000E+00,5.598597E-02,0.000000E+00,2.029259E+02,0.000000E+00,1.430443E-02,0.000000E+00,5.106294E+01,0.000000E+00,3.599375E-03,0.000000E+00,2.171990E+03,0.000000E+00,1.531221E-01,0.000000E+00,2.165352E+03,0.000000E+00,1.526538E-01,0.000000E+00,2.552209E+03,0.000000E+00,1.799218E-01,0.000000E+00,2.536999E+03,0.000000E+00,1.788502E-01,0.000000E+00,2.169968E+03,0.000000E+00,1.529795E-01,0.000000E+00,2.300562E+03,0.000000E+00,1.621842E-01,0.000000E+00,2.518931E+03,0.000000E+00,1.775758E-01,0.000000E+00,2.538225E+03,0.000000E+00,1.789367E-01
02:30:00,2.125518E+01,5.835275E+02,1.877764E-03,4.113314E-02,0.000000E+00,7.777733E+02,0.000000E+00,5.483233E-02,0.000000E+00,1.808177E+02,0.000000E+00,1.274597E-02,0.000000E+00,3.488120E+01,0.000000E+00,2.458736E-03,0.000000E+00,2.144503E+03,0.000000E+00,1.511841E-01,0.000000E+00,2.133768E+03,0.000000E+00,1.504271E-01,0.000000E+00,2.512403E+03,0.000000E+00,1.771155E-01,0.000000E+00,2.501381E+03,0.000000E+00,1.763392E-01,0.000000E+00,2.141641E+03,0.000000E+00,1.509823E-01,0.000000E+00,2.268507E+03,0.000000E+00,1.599242E-01,0.000000E+00,2.479769E+03,0.000000E+00,1.748149E-01,0.000000E+00,2.502035E+03,0.000000E+00,1.763852E-01
02:40:00,1.578873E+01,5.651346E+02,1.394837E-03,3.983659E-02,0.000000E+00,7.619234E+02,0.000000E+00,5.371493E-02,0.000000E+00,1.593507E+02,0.000000E+00,1.123272E-02,0.000000E+00,2.111052E+01,0.000000E+00,1.488055E-03,0.000000E+00,2.117633E+03,0.000000E+00,1.492897E-01,0.000000E+00,2.102921E+03,0.000000E+00,1.482523E-01,0.000000E+00,2.473491E+03,0.000000E+00,1.743722E-01,0.000000E+00,2.466546E+03,0.000000E+00,1.738832E-01,0.000000E+00,2.114013E+03,0.000000E+00,1.490344E-01,0.000000E+00,2.237170E+03,0.000000E+00,1.577149E-01,0.000000E+00,2.441510E+03,0.000000E+00,1.721176E-01,0.000000E+00,2.466696E+03,0.000000E+00,1.738938E-01
02:50:00,8.654375E+00,5.472631E+02,7.645612E-04,3.857679E-02,0.000000E+00,7.465180E+02,0.000000E+00,5.262886E-02,0.000000E+00,1.384518E+02,0.000000E+00,9.759503E-03,0.000000E+00,9.542413E+00,0.000000E+00,6.726322E-04,0.000000E+00,2.091314E+03,0.000000E+00,1.474341E-01,0.000000E+00,2.072733E+03,0.000000E+00,1.461240E-01,0.000000E+00,2.435406E+03,0.000000E+00,1.716872E-01,0.000000E+00,2.432420E+03,0.000000E+00,1.714774E-01,0.000000E+00,2.087027E+03,0.000000E+00,1.471318E-01,0.000000E+00,2.206521E+03,0.000000E+00,1.555541E-01,0.000000E+00,2.404109E+03,0.000000E+00,1.694808E-01,0.000000E+00,2.432155E+03,0.000000E+00,1.714586E-01
03:00:00,0.000000E+00,5.298485E+02,0.000000E+00,3.734921E-02,0.000000E+00,7.315100E+02,0.000000E+00,5.157081E-02,0.000000E+00,1.180581E+02,0.000000E+00,8.321910E-03,0.000000E+00,0.000000E+00,0.000000E+00,0.000000E+00,0.000000E+00,2.065493E+03,0.000000E+00,1.456136E-01,0.000000E+00,2.043151E+03,0.000000E+00,1.440384E-01,0.000000E+00,2.398094E+03,0.000000E+00,1.690566E-01,0.000000E+00,2.398950E+03,0.000000E+00,1.691177E-01,0.000000E+00,2.060625E+03,0.000000E+00,1.452704E-01,0.000000E+00,2.176507E+03,0.000000E+00,1.534380E-01,0.000000E+00,2.367509E+03,0.000000E+00,1.669005E-01,0.000000E+00,2.398351E+03,0.000000E+00,1.690754E-01
03:10:00,0.000000E+00,5.170789E+02,0.000000E+00,3.644905E-02,0.000000E+00,7.207788E+02,0.000000E+00,5.081426E-02,0.000000E+00,1.027901E+02,0.000000E+00,7.245644E-03,0.000000E+00,0.000000E+00,0.000000E+00,0.000000E+00,0.000000E+00,2.044088E+03,0.000000E+00,1.441045E-01,0.000000E+00,2.018230E+03,0.000000E+00,1.422815E-01,0.000000E+00,2.365821E+03,0.000000E+00,1.667814E-01,0.000000E+00,2.370463E+03,0.000000E+00,1.671094E-01,0.000000E+00,2.039048E+03,0.000000E+00,1.437491E-01,0.000000E+00,2.151629E+03,0.000000E+00,1.516840E-01,0.000000E+00,2.336382E+03,0.000000E+00,1.647061E-01,0.000000E+00,2.370001E+03,0.000000E+00,1.670767E-01
03:20:00,0.000000E+00,5.049394E+02,0.000000E+00,3.559332E-02,0.000000E+00,7.107747E+02,0.000000E+00,5.010902E-02,0.000000E+00,8.819683E+01,0.000000E+00,6.216954E-03,0.000000E+00,0.000000E+00,0.000000E+00,0.000000E+00,0.000000E+00,2.023377E+03,0.000000E+00,1.426443E-01,0.000000E+00,1.994322E+03,0.000000E+00,1.405959E-01,0.000000E+00,2.334529E+03,0.000000E+00,1.645754E-01,0.000000E+00,2.342837E+03,0.000000E+00,1.651617E-01,0.000000E+00,2.018170E+03,0.000000E+00,1.422772E-01,0.000000E+00,2.127503E+03,0.000000E+00,1.499831E-01,0.000000E+00,2.306170E+03,0.000000E+00,1.625762E-01,0.000000E+00,2.342498E+03,0.000000E+00,1.651378E-01
03:30:00,0.000000E+00,4.932637E+02,0.000000E+00,3.477028E-02,0.000000E+00,7.011863E+02,0.000000E+00,4.943309E-02,0.000000E+00,7.410620E+01,0.000000E+00,5.223700E-03,0.000000E+00,0.000000E+00,0.000000E+00,0.000000E+00,0.000000E+00,2.003226E+03,0.000000E+00,1.412236E-01,0.000000E+00,1.971056E+03,0.000000E+00,1.389557E-01,0.000000E+00,2.304055E+03,0.000000E+00,1.624270E-01,0.000000E+00,2.315914E+03,0.000000E+00,1.632637E-01,0.000000E+00,1.997887E+03,0.000000E+00,1.408472E-01,0.000000E+00,2.104013E+03,0.000000E+00,1.483271E-01,0.000000E+00,2.276745E+03,0.000000E+00,1.605017E-01,0.000000E+00,2.315721E+03,0.000000E+00,1.632501E-01
03:40:00,0.000000E+00,4.819699E+02,0.000000E+00,3.397416E-02,0.000000E+00,6.919458E+02,0.000000E+00,4.878168E-02,0.000000E+00,6.041557E+01,0.000000E+00,4.258646E-03,0.000000E+00,0.000000E+00,0.000000E+00,0.000000E+00,0.000000E+00,1.983565E+03,0.000000E+00,1.398374E-01,0.000000E+00,1.948364E+03,0.000000E+00,1.373559E-01,0.000000E+00,2.274317E+03,0.000000E+00,1.603305E-01,0.000000E+00,2.289612E+03,0.000000E+00,1.614094E-01,0.000000E+00,1.978139E+03,0.000000E+00,1.394549E-01,0.000000E+00,2.081101E+03,0.000000E+00,1.467118E-01,0.000000E+00,2.248040E+03,0.000000E+00,1.584780E-01,0.000000E+00,2.289602E+03,0.000000E+00,1.614087E-01
03:50:00,0.000000E+00,4.710042E+02,0.000000E+00,3.320117E-02,0.000000E+00,6.830196E+02,0.000000E+00,4.815242E-02,0.000000E+00,4.707084E+01,0.000000E+00,3.317976E-03,0.000000E+00,0.000000E+00,0.000000E+00,0.000000E+00,0.000000E+00,1.964350E+03,0.000000E+00,1.384827E-01,0.000000E+00,1.926195E+03,0.000000E+00,1.357930E-01,0.000000E+00,2.245264E+03,0.000000E+00,1.582823E-01,0.000000E+00,2.263878E+03,0.000000E+00,1.595952E-01,0.000000E+00,1.958879E+03,0.000000E+00,1.380970E-01,0.000000E+00,2.058724E+03,0.000000E+00,1.451343E-01,0.000000E+00,2.220007E+03,0.000000E+00,1.565018E-01,0.000000E+00,2.264092E+03,0.000000E+00,1.596103E-01
04:00:00,0.000000E+00,4.603258E+02,0.000000E+00,3.244843E-02,0.000000E+00,6.743724E+02,0.000000E+00,4.754285E-02,4.020315E+00,3.403211E+01,2.839666E-04,2.398879E-03,0.000000E+00,0.000000E+00,0.000000E+00,0.000000E+00,0.000000E+00,1.945547E+03,0.000000E+00,1.371571E-01,0.000000E+00,1.904513E+03,0.000000E+00,1.342644E-01,0.000000E+00,2.216860E+03,0.000000E+00,1.562799E-01,0.000000E+00,2.238672E+03,0.000000E+00,1.578182E-01,0.000000E+00,1.940069E+03,0.000000E+00,1.367709E-01,0.000000E+00,2.036847E+03,0.000000E+00,1.435919E-01,0.000000E+00,2.192607E+03,0.000000E+00,1.545702E-01,0.000000E+00,2.239150E+03,0.000000E+00,1.578519E-01
04:10:00,0.000000E+00,4.589293E+02,0.000000E+00,3.234998E-02,0.000000E+00,6.743862E+02,0.000000E+00,4.754386E-02,5.597007E+00,3.231163E+01,3.952065E-04,2.277592E-03,0.000000E+00,0.000000E+00,0.000000E+00,0.000000E+00,0.000000E+00,1.935879E+03,0.000000E+00,1.364755E-01,0.000000E+00,1.892043E+03,0.000000E+00,1.333853E-01,0.000000E+00,2.199763E+03,0.000000E+00,1.550746E-01,0.000000E+00,2.225399E+03,0.000000E+00,1.568825E-01,0.000000E+00,1.930778E+03,0.000000E+00,1.361159E-01,0.000000E+00,2.024716E+03,0.000000E+00,1.427366E-01,0.000000E+00,2.176949E+03,0.000000E+00,1.534663E-01,0.000000E+00,2.226617E+03,0.000000E+00,1.569683E-01
04:20:00,0.000000E+00,4.628189E+02,0.000000E+00,3.262414E-02,0.000000E+00,6.754954E+02,0.000000E+00,4.762220E-02,7.551777E+00,3.781906E+01,5.331197E-04,2.665804E-03,0.000000E+00,0.000000E+00,0.000000E+00,0.000000E+00,0.000000E+00,1.930624E+03,0.000000E+00,1.361051E-01,0.000000E+00,1.881554E+03,0.000000E+00,1.326459E-01,0.000000E+00,2.189009E+03,0.000000E+00,1.543165E-01,0.000000E+00,2.222970E+03,0.000000E+00,1.567113E-01,0.000000E+00,1.927431E+03,0.000000E+00,1.358800E-01,0.000000E+00,2.015176E+03,0.000000E+00,1.420641E-01,0.000000E+00,2.170103E+03,0.000000E+00,1.529837E-01,0.000000E+00,2.229127E+03,0.000000E+00,1.571453E-01
04:30:00,0.000000E+00,4.714744E+02,0.000000E+00,3.323426E-02,0.000000E+00,6.773803E+02,0.000000E+00,4.775522E-02,1.155810E+01,4.860606E+01,8.157743E-04,3.426183E-03,0.000000E+00,0.000000E+00,0.000000E+00,0.000000E+00,0.000000E+00,1.929610E+03,0.000000E+00,1.360337E-01,0.000000E+00,1.872425E+03,0.000000E+00,1.320024E-01,0.000000E+00,2.183288E+03,0.000000E+00,1.539132E-01,0.000000E+00,2.230716E+03,0.000000E+00,1.572575E-01,0.000000E+00,1.929155E+03,0.000000E+00,1.360016E-01,0.000000E+00,2.007128E+03,0.000000E+00,1.414969E-01,0.000000E+00,2.169309E+03,0.000000E+00,1.529278E-01,0.000000E+00,2.243984E+03,0.000000E+00,1.581929E-01
04:40:00,0.000000E+00,4.873064E+02,0.000000E+00,3.435024E-02,0.000000E+00,6.799438E+02,0.000000E+00,4.793607E-02,1.687518E+01,6.624547E+01,1.190909E-03,4.669602E-03,0.000000E+00,0.000000E+00,0.000000E+00,0.000000E+00,0.000000E+00,1.934913E+03,0.000000E+00,1.364076E-01,0.000000E+00,1.864595E+03,0.000000E+00,1.314504E-01,0.000000E+00,2.183989E+03,0.000000E+00,1.539628E-01,0.000000E+00,2.253403E+03,0.000000E+00,1.588570E-01,0.000000E+00,1.938597E+03,0.000000E+00,1.366674E-01,0.000000E+00,2.000756E+03,0.000000E+00,1.410476E-01,0.000000E+00,2.176472E+03,0.000000E+00,1.534329E-01,0.000000E+00,2.277340E+03,0.000000E+00,1.605447E-01
04:50:00,0.000000E+00,5.113187E+02,0.000000E+00,3.604286E-02,0.000000E+00,6.831740E+02,0.000000E+00,4.816392E-02,2.339309E+01,9.010216E+01,1.650766E-03,6.351305E-03,0.000000E+00,3.015213E+01,0.000000E+00,2.131004E-03,0.000000E+00,1.947580E+03,0.000000E+00,1.373007E-01,0.000000E+00,1.858070E+03,0.000000E+00,1.309905E-01,0.000000E+00,2.190820E+03,0.000000E+00,1.544445E-01,0.000000E+00,2.292688E+03,0.000000E+00,1.616268E-01,0.000000E+00,1.956833E+03,0.000000E+00,1.379532E-01,0.000000E+00,1.996081E+03,0.000000E+00,1.407181E-01,0.000000E+00,2.191108E+03,0.000000E+00,1.544649E-01,0.000000E+00,2.330703E+03,0.000000E+00,1.643070E-01
05:00:00,0.000000E+00,5.463339E+02,0.000000E+00,3.851107E-02,0.000000E+00,6.871785E+02,0.000000E+00,4.844635E-02,2.698026E+01,1.210990E+02,1.903532E-03,8.536357E-03,0.000000E+00,8.307318E+01,0.000000E+00,5.861646E-03,0.000000E+00,1.970156E+03,0.000000E+00,1.388925E-01,0.000000E+00,1.853040E+03,0.000000E+00,1.306359E-01,0.000000E+00,2.204696E+03,0.000000E+00,1.554229E-01,0.000000E+00,2.353768E+03,0.000000E+00,1.659332E-01,0.000000E+00,1.987100E+03,0.000000E+00,1.400871E-01,0.000000E+00,1.993413E+03,0.000000E+00,1.405302E-01,0.000000E+00,2.214579E+03,0.000000E+00,1.561198E-01,0.000000E+00,2.410881E+03,0.000000E+00,1.699599E-01
05:10:00,0.000000E+00,6.169957E+02,0.000000E+00,4.349200E-02,0.000000E+00,7.137723E+02,0.000000E+00,5.032132E-02,2.540357E+01,1.852522E+02,1.792292E-03,1.305878E-02,0.000000E+00,1.889962E+02,0.000000E+00,1.332902E-02,0.000000E+00,2.026249E+03,0.000000E+00,1.428472E-01,0.000000E+00,1.873207E+03,0.000000E+00,1.320578E-01,0.000000E+00,2.250435E+03,0.000000E+00,1.586475E-01,0.000000E+00,2.463080E+03,0.000000E+00,1.736400E-01,0.000000E+00,2.054391E+03,0.000000E+00,1.448313E-01,0.000000E+00,2.019108E+03,0.000000E+00,1.423416E-01,0.000000E+00,2.273295E+03,0.000000E+00,1.602593E-01,0.000000E+00,2.545290E+03,0.000000E+00,1.794361E-01
05:20:00,0.000000E+00,6.942709E+02,0.000000E+00,4.893912E-02,0.000000E+00,7.431535E+02,0.000000E+00,5.239316E-02,2.344880E+01,2.466491E+02,1.654379E-03,1.738745E-02,0.000000E+00,3.136632E+02,0.000000E+00,2.211911E-02,0.000000E+00,2.089700E+03,0.000000E+00,1.473210E-01,0.000000E+00,1.896504E+03,0.000000E+00,1.337005E-01,0.000000E+00,2.296103E+03,0.000000E+00,1.618674E-01,0.000000E+00,2.582527E+03,0.000000E+00,1.820617E-01,0.000000E+00,2.128635E+03,0.000000E+00,1.500661E-01,0.000000E+00,2.046274E+03,0.000000E+00,1.442571E-01,0.000000E+00,2.329870E+03,0.000000E+00,1.642482E-01,0.000000E+00,2.688037E+03,0.000000E+00,1.895006E-01
05:30:00,0.000000E+00,7.780467E+02,0.000000E+00,5.484446E-02,0.000000E+00,7.737662E+02,0.000000E+00,5.455180E-02,1.944248E+01,3.058571E+02,1.371724E-03,2.156187E-02,0.000000E+00,4.547501E+02,0.000000E+00,3.206744E-02,0.000000E+00,2.160366E+03,0.000000E+00,1.523035E-01,0.000000E+00,1.921641E+03,0.000000E+00,1.354730E-01,0.000000E+00,2.341352E+03,0.000000E+00,1.650577E-01,0.000000E+00,2.711744E+03,0.000000E+00,1.911722E-01,0.000000E+00,2.210747E+03,0.000000E+00,1.558556E-01,0.000000E+00,2.075666E+03,0.000000E+00,1.463295E-01,0.000000E+00,2.385685E+03,0.000000E+00,1.681835E-01,0.000000E+00,2.841214E+03,0.000000E+00,2.003004E-01
05:40:00,0.000000E+00,8.656780E+02,0.000000E+00,6.102157E-02,0.000000E+00,8.054495E+02,0.000000E+00,5.678589E-02,1.412540E+01,3.599056E+02,9.965902E-04,2.537259E-02,0.000000E+00,6.110020E+02,0.000000E+00,4.308543E-02,0.000000E+00,2.236134E+03,0.000000E+00,1.576457E-01,0.000000E+00,1.948491E+03,0.000000E+00,1.373662E-01,0.000000E+00,2.383743E+03,0.000000E+00,1.680466E-01,0.000000E+00,2.845330E+03,0.000000E+00,2.005908E-01,0.000000E+00,2.298187E+03,0.000000E+00,1.620208E-01,0.000000E+00,2.107021E+03,0.000000E+00,1.485403E-01,0.000000E+00,2.437918E+03,0.000000E+00,1.718662E-01,0.000000E+00,2.998179E+03,0.000000E+00,2.113673E-01
05:50:00,0.000000E+00,9.559692E+02,0.000000E+00,6.738618E-02,0.000000E+00,8.381161E+02,0.000000E+00,5.908928E-02,7.607487E+00,4.087715E+02,5.367326E-04,2.881796E-02,0.000000E+00,7.515158E+02,0.000000E+00,5.298909E-02,0.000000E+00,2.315972E+03,0.000000E+00,1.632748E-01,0.000000E+00,1.976937E+03,0.000000E+00,1.393720E-01,0.000000E+00,2.422921E+03,0.000000E+00,1.708088E-01,0.000000E+00,2.981184E+03,0.000000E+00,2.101691E-01,0.000000E+00,2.389933E+03,0.000000E+00,1.684894E-01,0.000000E+00,2.140306E+03,0.000000E+00,1.508871E-01,0.000000E+00,2.486453E+03,0.000000E+00,1.752881E-01,0.000000E+00,3.156965E+03,0.000000E+00,2.225624E-01
06:00:00,0.000000E+00,1.045871E+03,0.000000E+00,7.372333E-02,0.000000E+00,8.716148E+02,0.000000E+00,6.145131E-02,0.000000E+00,4.511638E+02,0.000000E+00,3.180694E-02,0.000000E+00,8.829970E+02,0.000000E+00,6.226193E-02,0.000000E+00,2.397319E+03,0.000000E+00,1.690103E-01,0.000000E+00,2.006749E+03,0.000000E+00,1.414741E-01,0.000000E+00,2.457604E+03,0.000000E+00,1.732542E-01,0.000000E+00,3.113739E+03,0.000000E+00,2.195148E-01,0.000000E+00,2.482717E+03,0.000000E+00,1.750312E-01,0.000000E+00,2.175213E+03,0.000000E+00,1.533484E-01,0.000000E+00,2.529590E+03,0.000000E+00,1.783295E-01,0.000000E+00,3.310316E+03,0.000000E+00,2.333742E-01
06:10:00,0.000000E+00,1.154439E+03,0.000000E+00,8.137632E-02,0.000000E+00,9.237239E+02,0.000000E+00,6.512546E-02,0.000000E+00,5.089962E+02,0.000000E+00,3.588466E-02,0.000000E+00,1.029902E+03,0.000000E+00,7.262335E-02,0.000000E+00,2.497302E+03,0.000000E+00,1.760596E-01,0.000000E+00,2.056163E+03,0.000000E+00,1.449581E-01,0.000000E+00,2.506812E+03,0.000000E+00,1.767235E-01,0.000000E+00,3.260482E+03,0.000000E+00,2.298605E-01,0.000000E+00,2.596004E+03,0.000000E+00,1.830185E-01,0.000000E+00,2.233075E+03,0.000000E+00,1.574280E-01,0.000000E+00,2.589537E+03,0.000000E+00,1.825559E-01,0.000000E+00,3.479251E+03,0.000000E+00,2.452845E-01
06:20:00,0.000000E+00,1.265715E+03,0.000000E+00,8.922009E-02,0.000000E+00,9.800386E+02,0.000000E+00,6.909654E-02,0.000000E+00,5.678519E+02,0.000000E+00,4.003518E-02,0.000000E+00,1.175506E+03,0.000000E+00,8.289425E-02,0.000000E+00,2.601270E+03,0.000000E+00,1.833901E-01,0.000000E+00,2.110622E+03,0.000000E+00,1.487981E-01,0.000000E+00,2.557804E+03,0.000000E+00,1.803188E-01,0.000000E+00,3.410113E+03,0.000000E+00,2.404100E-01,0.000000E+00,2.713345E+03,0.000000E+00,1.912917E-01,0.000000E+00,2.294557E+03,0.000000E+00,1.617630E-01,0.000000E+00,2.651448E+03,0.000000E+00,1.869209E-01,0.000000E+00,3.651279E+03,0.000000E+00,2.574129E-01
06:30:00,0.000000E+00,1.377930E+03,0.000000E+00,9.713011E-02,0.000000E+00,1.038093E+03,0.000000E+00,7.319035E-02,0.000000E+00,6.273620E+02,0.000000E+00,4.423185E-02,0.000000E+00,1.320002E+03,0.000000E+00,9.308673E-02,0.000000E+00,2.707751E+03,0.000000E+00,1.908978E-01,0.000000E+00,2.167591E+03,0.000000E+00,1.528151E-01,0.000000E+00,2.610127E+03,0.000000E+00,1.840079E-01,0.000000E+00,3.561272E+03,0.000000E+00,2.510672E-01,0.000000E+00,2.833096E+03,0.000000E+00,1.997351E-01,0.000000E+00,2.358465E+03,0.000000E+00,1.662692E-01,0.000000E+00,2.714715E+03,0.000000E+00,1.913816E-01,0.000000E+00,3.824495E+03,0.000000E+00,2.696251E-01
06:40:00,0.000000E+00,1.490328E+03,0.000000E+00,1.050530E-01,0.000000E+00,1.097498E+03,0.000000E+00,7.737932E-02,0.000000E+00,6.880961E+02,0.000000E+00,4.851476E-02,0.000000E+00,1.463334E+03,0.000000E+00,1.031966E-01,0.000000E+00,2.815998E+03,0.000000E+00,1.985301E-01,0.000000E+00,2.226632E+03,0.000000E+00,1.569783E-01,0.000000E+00,2.664241E+03,0.000000E+00,1.878234E-01,0.000000E+00,3.713673E+03,0.000000E+00,2.618121E-01,0.000000E+00,2.954516E+03,0.000000E+00,2.082962E-01,0.000000E+00,2.424512E+03,0.000000E+00,1.709262E-01,0.000000E+00,2.779994E+03,0.000000E+00,1.959842E-01,0.000000E+00,3.998650E+03,0.000000E+00,2.819035E-01
06:50:00,0.000000E+00,1.602239E+03,0.000000E+00,1.129417E-01,0.000000E+00,1.158037E+03,0.000000E+00,8.164818E-02,0.000000E+00,7.505439E+02,0.000000E+00,5.291842E-02,0.000000E+00,1.605339E+03,0.000000E+00,1.132120E-01,0.000000E+00,2.925346E+03,0.000000E+00,2.062402E-01,0.000000E+00,2.287502E+03,0.000000E+00,1.612704E-01,0.000000E+00,2.720513E+03,0.000000E+00,1.917910E-01,0.000000E+00,3.866944E+03,0.000000E+00,2.726182E-01,0.000000E+00,3.076858E+03,0.000000E+00,2.169223E-01,0.000000E+00,2.492486E+03,0.000000E+00,1.757192E-01,0.000000E+00,2.847723E+03,0.000000E+00,2.007596E-01,0.000000E+00,4.173291E+03,0.000000E+00,2.942162E-01
07:00:00,0.000000E+00,1.713316E+03,0.000000E+00,1.207715E-01,0.000000E+00,1.219580E+03,0.000000E+00,8.598773E-02,0.000000E+00,8.152627E+02,0.000000E+00,5.748213E-02,0.000000E+00,1.746117E+03,0.000000E+00,1.231401E-01,0.000000E+00,3.035392E+03,0.000000E+00,2.139995E-01,0.000000E+00,2.350050E+03,0.000000E+00,1.656809E-01,0.000000E+00,2.779231E+03,0.000000E+00,1.959312E-01,0.000000E+00,4.020939E+03,0.000000E+00,2.834756E-01,0.000000E+00,3.199701E+03,0.000000E+00,2.255839E-01,0.000000E+00,2.562229E+03,0.000000E+00,1.806368E-01,0.000000E+00,2.918355E+03,0.000000E+00,2.057397E-01,0.000000E+00,4.348322E+03,0.000000E+00,3.065565E-01
07:10:00,0.000000E+00,1.817426E+03,0.000000E+00,1.281103E-01,0.000000E+00,1.277831E+03,0.000000E+00,9.009533E-02,0.000000E+00,8.741612E+02,0.000000E+00,6.163577E-02,0.000000E+00,1.875342E+03,0.000000E+00,1.322527E-01,0.000000E+00,3.140001E+03,0.000000E+00,2.213755E-01,0.000000E+00,2.408933E+03,0.000000E+00,1.698331E-01,0.000000E+00,2.832380E+03,0.000000E+00,1.996789E-01,0.000000E+00,4.165271E+03,0.000000E+00,2.936517E-01,0.000000E+00,3.316797E+03,0.000000E+00,2.338403E-01,0.000000E+00,2.627956E+03,0.000000E+00,1.852715E-01,0.000000E+00,2.983817E+03,0.000000E+00,2.103555E-01,0.000000E+00,4.513179E+03,0.000000E+00,3.181797E-01
07:20:00,0.000000E+00,1.919214E+03,0.000000E+00,1.352853E-01,0.000000E+00,1.336475E+03,0.000000E+00,9.423049E-02,0.000000E+00,9.343863E+02,0.000000E+00,6.588286E-02,0.000000E+00,2.001162E+03,0.000000E+00,1.411237E-01,0.000000E+00,3.243888E+03,0.000000E+00,2.287008E-01,0.000000E+00,2.468920E+03,0.000000E+00,1.740631E-01,0.000000E+00,2.887022E+03,0.000000E+00,2.035319E-01,0.000000E+00,4.307690E+03,0.000000E+00,3.036929E-01,0.000000E+00,3.432677E+03,0.000000E+00,2.420111E-01,0.000000E+00,2.694614E+03,0.000000E+00,1.899718E-01,0.000000E+00,3.050854E+03,0.000000E+00,2.150824E-01,0.000000E+00,4.675129E+03,0.000000E+00,3.295978E-01
07:30:00,0.000000E+00,2.018935E+03,0.000000E+00,1.423147E-01,0.000000E+00,1.395777E+03,0.000000E+00,9.841209E-02,0.000000E+00,9.961955E+02,0.000000E+00,7.024156E-02,0.000000E+00,2.123340E+03,0.000000E+00,1.497369E-01,0.000000E+00,3.347090E+03,0.000000E+00,2.359776E-01,0.000000E+00,2.530219E+03,0.000000E+00,1.783855E-01,0.000000E+00,2.943550E+03,0.000000E+00,2.075178E-01,0.000000E+00,4.448031E+03,0.000000E+00,3.135876E-01,0.000000E+00,3.547547E+03,0.000000E+00,2.501106E-01,0.000000E+00,2.762724E+03,0.000000E+00,1.947745E-01,0.000000E+00,3.120174E+03,0.000000E+00,2.199701E-01,0.000000E+00,4.834424E+03,0.000000E+00,3.408287E-01
07:40:00,0.000000E+00,2.116371E+03,0.000000E+00,1.491830E-01,0.000000E+00,1.455837E+03,0.000000E+00,1.026471E-01,0.000000E+00,1.059342E+03,0.000000E+00,7.469442E-02,0.000000E+00,2.241294E+03,0.000000E+00,1.580515E-01,0.000000E+00,3.449334E+03,0.000000E+00,2.431870E-01,0.000000E+00,2.592910E+03,0.000000E+00,1.828062E-01,0.000000E+00,3.001679E+03,0.000000E+00,2.116166E-01,0.000000E+00,4.585441E+03,0.000000E+00,3.232756E-01,0.000000E+00,3.661081E+03,0.000000E+00,2.581160E-01,0.000000E+00,2.832218E+03,0.000000E+00,1.996748E-01,0.000000E+00,3.191386E+03,0.000000E+00,2.249914E-01,0.000000E+00,4.990089E+03,0.000000E+00,3.518037E-01
07:50:00,0.000000E+00,2.211453E+03,0.000000E+00,1.558854E-01,0.000000E+00,1.516598E+03,0.000000E+00,1.069314E-01,0.000000E+00,1.123560E+03,0.000000E+00,7.922276E-02,0.000000E+00,2.354665E+03,0.000000E+00,1.660425E-01,0.000000E+00,3.550459E+03,0.000000E+00,2.503175E-01,0.000000E+00,2.656935E+03,0.000000E+00,1.873208E-01,0.000000E+00,3.061247E+03,0.000000E+00,2.158168E-01,0.000000E+00,4.719432E+03,0.000000E+00,3.327226E-01,0.000000E+00,3.773122E+03,0.000000E+00,2.660161E-01,0.000000E+00,2.903026E+03,0.000000E+00,2.046676E-01,0.000000E+00,3.264271E+03,0.000000E+00,2.301304E-01,0.000000E+00,5.141660E+03,0.000000E+00,3.624901E-01
08:00:00,0.000000E+00,2.304350E+03,0.000000E+00,1.624337E-01,0.000000E+00,1.578480E+03,0.000000E+00,1.112948E-01,0.000000E+00,1.188953E+03,0.000000E+00,8.383378E-02,0.000000E+00,2.463837E+03,0.000000E+00,1.737371E-01,0.000000E+00,3.650490E+03,0.000000E+00,2.573708E-01,0.000000E+00,2.722708E+03,0.000000E+00,1.919587E-01,0.000000E+00,3.122500E+03,0.000000E+00,2.201358E-01,0.000000E+00,4.850138E+03,0.000000E+00,3.419380E-01,0.000000E+00,3.883679E+03,0.000000E+00,2.738115E-01,0.000000E+00,2.975557E+03,0.000000E+00,2.097819E-01,0.000000E+00,3.339037E+03,0.000000E+00,2.354022E-01,0.000000E+00,5.289324E+03,0.000000E+00,3.729010E-01
08:10:00,0.000000E+00,2.341299E+03,0.000000E+00,1.650384E-01,0.000000E+00,1.590965E+03,0.000000E+00,1.121754E-01,0.000000E+00,1.192095E+03,0.000000E+00,8.405556E-02,0.000000E+00,2.501553E+03,0.000000E+00,1.763928E-01,0.000000E+00,3.698512E+03,0.000000E+00,2.607574E-01,0.000000E+00,2.738415E+03,0.000000E+00,1.930667E-01,0.000000E+00,3.125934E+03,0.000000E+00,2.203786E-01,0.000000E+00,4.914039E+03,0.000000E+00,3.464435E-01,0.000000E+00,3.938309E+03,0.000000E+00,2.776640E-01,0.000000E+00,2.992800E+03,0.000000E+00,2.109984E-01,0.000000E+00,3.351613E+03,0.000000E+00,2.362895E-01,0.000000E+00,5.365113E+03,0.000000E+00,3.782446E-01
08:20:00,0.000000E+00,2.373096E+03,0.000000E+00,1.672798E-01,0.000000E+00,1.599825E+03,0.000000E+00,1.127994E-01,0.000000E+00,1.193313E+03,0.000000E+00,8.414014E-02,0.000000E+00,2.532252E+03,0.000000E+00,1.785521E-01,0.000000E+00,3.742299E+03,0.000000E+00,2.638447E-01,0.000000E+00,2.750604E+03,0.000000E+00,1.939261E-01,0.000000E+00,3.127558E+03,0.000000E+00,2.204931E-01,0.000000E+00,4.971274E+03,0.000000E+00,3.504783E-01,0.000000E+00,3.988827E+03,0.000000E+00,2.812259E-01,0.000000E+00,3.009435E+03,0.000000E+00,2.121713E-01,0.000000E+00,3.363192E+03,0.000000E+00,2.371058E-01,0.000000E+00,5.434245E+03,0.000000E+00,3.831182E-01
08:30:00,0.000000E+00,2.400969E+03,0.000000E+00,1.692446E-01,0.000000E+00,1.608589E+03,0.000000E+00,1.134165E-01,0.000000E+00,1.193657E+03,0.000000E+00,8.416301E-02,0.000000E+00,2.557237E+03,0.000000E+00,1.803087E-01,0.000000E+00,3.782788E+03,0.000000E+00,2.666991E-01,0.000000E+00,2.762880E+03,0.000000E+00,1.947914E-01,0.000000E+00,3.128781E+03,0.000000E+00,2.205792E-01,0.000000E+00,5.023258E+03,0.000000E+00,3.541426E-01,0.000000E+00,4.035767E+03,0.000000E+00,2.845351E-01,0.000000E+00,3.026224E+03,0.000000E+00,2.133547E-01,0.000000E+00,3.374770E+03,0.000000E+00,2.379219E-01,0.000000E+00,5.497697E+03,0.000000E+00,3.875909E-01
08:40:00,0.000000E+00,2.425309E+03,0.000000E+00,1.709604E-01,0.000000E+00,1.617632E+03,0.000000E+00,1.140533E-01,0.000000E+00,1.194034E+03,0.000000E+00,8.418823E-02,0.000000E+00,2.577419E+03,0.000000E+00,1.817271E-01,0.000000E+00,3.820281E+03,0.000000E+00,2.693419E-01,0.000000E+00,2.775609E+03,0.000000E+00,1.956885E-01,0.000000E+00,3.130283E+03,0.000000E+00,2.206848E-01,0.000000E+00,5.070632E+03,0.000000E+00,3.574816E-01,0.000000E+00,4.079252E+03,0.000000E+00,2.876003E-01,0.000000E+00,3.043418E+03,0.000000E+00,2.145666E-01,0.000000E+00,3.386801E+03,0.000000E+00,2.387697E-01,0.000000E+00,5.555884E+03,0.000000E+00,3.916920E-01
08:50:00,0.000000E+00,2.446241E+03,0.000000E+00,1.724360E-01,0.000000E+00,1.627164E+03,0.000000E+00,1.147247E-01,0.000000E+00,1.194704E+03,0.000000E+00,8.423429E-02,0.000000E+00,2.592976E+03,0.000000E+00,1.828199E-01,0.000000E+00,3.854824E+03,0.000000E+00,2.717765E-01,0.000000E+00,2.789033E+03,0.000000E+00,1.966344E-01,0.000000E+00,3.132339E+03,0.000000E+00,2.208292E-01,0.000000E+00,5.113496E+03,0.000000E+00,3.605022E-01,0.000000E+00,4.119270E+03,0.000000E+00,2.904207E-01,0.000000E+00,3.061140E+03,0.000000E+00,2.158156E-01,0.000000E+00,3.399472E+03,0.000000E+00,2.396625E-01,0.000000E+00,5.608812E+03,0.000000E+00,3.954221E-01
09:00:00,0.000000E+00,2.463321E+03,0.000000E+00,1.736400E-01,0.000000E+00,1.636810E+03,0.000000E+00,1.154041E-01,0.000000E+00,1.195231E+03,0.000000E+00,8.427029E-02,0.000000E+00,2.602389E+03,0.000000E+00,1.834800E-01,0.000000E+00,3.886001E+03,0.000000E+00,2.739736E-01,0.000000E+00,2.802779E+03,0.000000E+00,1.976029E-01,0.000000E+00,3.134619E+03,0.000000E+00,2.209894E-01,0.000000E+00,5.150549E+03,0.000000E+00,3.631130E-01,0.000000E+00,4.155339E+03,0.000000E+00,2.929627E-01,0.000000E+00,3.078973E+03,0.000000E+00,2.170723E-01,0.000000E+00,3.412273E+03,0.000000E+00,2.405643E-01,0.000000E+00,5.655339E+03,0.000000E+00,3.987006E-01
09:10:00,0.000000E+00,2.487215E+03,0.000000E+00,1.753244E-01,0.000000E+00,1.657058E+03,0.000000E+00,1.168311E-01,0.000000E+00,1.211397E+03,0.000000E+00,8.540912E-02,0.000000E+00,2.624438E+03,0.000000E+00,1.850315E-01,0.000000E+00,3.924382E+03,0.000000E+00,2.766786E-01,0.000000E+00,2.827343E+03,0.000000E+00,1.993341E-01,0.000000E+00,3.152696E+03,0.000000E+00,2.222633E-01,0.000000E+00,5.200221E+03,0.000000E+00,3.666134E-01,0.000000E+00,4.198088E+03,0.000000E+00,2.959755E-01,0.000000E+00,3.107613E+03,0.000000E+00,2.190908E-01,0.000000E+00,3.440864E+03,0.000000E+00,2.425793E-01,0.000000E+00,5.714138E+03,0.000000E+00,4.028441E-01
09:20:00,0.000000E+00,2.506577E+03,0.000000E+00,1.766891E-01,0.000000E+00,1.676981E+03,0.000000E+00,1.182354E-01,0.000000E+00,1.227060E+03,0.000000E+00,8.651278E-02,0.000000E+00,2.639010E+03,0.000000E+00,1.860565E-01,0.000000E+00,3.958651E+03,0.000000E+00,2.790937E-01,0.000000E+00,2.851806E+03,0.000000E+00,2.010582E-01,0.000000E+00,3.170726E+03,0.000000E+00,2.235339E-01,0.000000E+00,5.242526E+03,0.000000E+00,3.695944E-01,0.000000E+00,4.236055E+03,0.000000E+00,2.986513E-01,0.000000E+00,3.135957E+03,0.000000E+00,2.210886E-01,0.000000E+00,3.469141E+03,0.000000E+00,2.445723E-01,0.000000E+00,5.764933E+03,0.000000E+00,4.064236E-01
09:30:00,0.000000E+00,2.521014E+03,0.000000E+00,1.777068E-01,0.000000E+00,1.696454E+03,0.000000E+00,1.196080E-01,0.000000E+00,1.242297E+03,0.000000E+00,8.758646E-02,0.000000E+00,2.645540E+03,0.000000E+00,1.865148E-01,0.000000E+00,3.988371E+03,0.000000E+00,2.811883E-01,0.000000E+00,2.876010E+03,0.000000E+00,2.027642E-01,0.000000E+00,3.188613E+03,0.000000E+00,2.247945E-01,0.000000E+00,5.276624E+03,0.000000E+00,3.719970E-01,0.000000E+00,4.268790E+03,0.000000E+00,3.009583E-01,0.000000E+00,3.163940E+03,0.000000E+00,2.230610E-01,0.000000E+00,3.497026E+03,0.000000E+00,2.465377E-01,0.000000E+00,5.806906E+03,0.000000E+00,4.093812E-01
09:40:00,0.000000E+00,2.530107E+03,0.000000E+00,1.783478E-01,0.000000E+00,1.715422E+03,0.000000E+00,1.209450E-01,0.000000E+00,1.256987E+03,0.000000E+00,8.862158E-02,0.000000E+00,2.643343E+03,0.000000E+00,1.863581E-01,0.000000E+00,4.013066E+03,0.000000E+00,2.829287E-01,0.000000E+00,2.899895E+03,0.000000E+00,2.044478E-01,0.000000E+00,3.206282E+03,0.000000E+00,2.260398E-01,0.000000E+00,5.301656E+03,0.000000E+00,3.737607E-01,0.000000E+00,4.295791E+03,0.000000E+00,3.028613E-01,0.000000E+00,3.191508E+03,0.000000E+00,2.250042E-01,0.000000E+00,3.524452E+03,0.000000E+00,2.484708E-01,0.000000E+00,5.839169E+03,0.000000E+00,4.116546E-01
09:50:00,0.000000E+00,2.532668E+03,0.000000E+00,1.785283E-01,0.000000E+00,1.734276E+03,0.000000E+00,1.222739E-01,0.000000E+00,1.272484E+03,0.000000E+00,8.971365E-02,0.000000E+00,2.631190E+03,0.000000E+00,1.854998E-01,0.000000E+00,4.031623E+03,0.000000E+00,2.842365E-01,0.000000E+00,2.923925E+03,0.000000E+00,2.061416E-01,0.000000E+00,3.224851E+03,0.000000E+00,2.273486E-01,0.000000E+00,5.316206E+03,0.000000E+00,3.747855E-01,0.000000E+00,4.315695E+03,0.000000E+00,3.042640E-01,0.000000E+00,3.219357E+03,0.000000E+00,2.269673E-01,0.000000E+00,3.553043E+03,0.000000E+00,2.504860E-01,0.000000E+00,5.859949E+03,0.000000E+00,4.131185E-01
10:00:00,0.000000E+00,2.528945E+03,0.000000E+00,1.782659E-01,0.000000E+00,1.752707E+03,0.000000E+00,1.235731E-01,0.000000E+00,1.287637E+03,0.000000E+00,9.078150E-02,0.000000E+00,2.609665E+03,0.000000E+00,1.839809E-01,0.000000E+00,4.044065E+03,0.000000E+00,2.851132E-01,0.000000E+00,2.947722E+03,0.000000E+00,2.078191E-01,0.000000E+00,3.243375E+03,0.000000E+00,2.286543E-01,0.000000E+00,5.320364E+03,0.000000E+00,3.750778E-01,0.000000E+00,4.328753E+03,0.000000E+00,3.051842E-01,0.000000E+00,3.246783E+03,0.000000E+00,2.289007E-01,0.000000E+00,3.581302E+03,0.000000E+00,2.524780E-01,0.000000E+00,5.869191E+03,0.000000E+00,4.137692E-01
10:10:00,0.000000E+00,2.527295E+03,0.000000E+00,1.781497E-01,0.000000E+00,1.778704E+03,0.000000E+00,1.254057E-01,0.000000E+00,1.312978E+03,0.000000E+00,9.256764E-02,0.000000E+00,2.590670E+03,0.000000E+00,1.826405E-01,0.000000E+00,4.058001E+03,0.000000E+00,2.860954E-01,0.000000E+00,2.979300E+03,0.000000E+00,2.100451E-01,0.000000E+00,3.271945E+03,0.000000E+00,2.306682E-01,0.000000E+00,5.325360E+03,0.000000E+00,3.754292E-01,0.000000E+00,4.342919E+03,0.000000E+00,3.061825E-01,0.000000E+00,3.282358E+03,0.000000E+00,2.314085E-01,0.000000E+00,3.619851E+03,0.000000E+00,2.551953E-01,0.000000E+00,5.878426E+03,0.000000E+00,4.144194E-01
10:20:00,0.000000E+00,2.519866E+03,0.000000E+00,1.776259E-01,0.000000E+00,1.804658E+03,0.000000E+00,1.272355E-01,0.000000E+00,1.338158E+03,0.000000E+00,9.434256E-02,0.000000E+00,2.562287E+03,0.000000E+00,1.806386E-01,0.000000E+00,4.065478E+03,0.000000E+00,2.866222E-01,0.000000E+00,3.011020E+03,0.000000E+00,2.122813E-01,0.000000E+00,3.300629E+03,0.000000E+00,2.326902E-01,0.000000E+00,5.319545E+03,0.000000E+00,3.750186E-01,0.000000E+00,4.349789E+03,0.000000E+00,3.066665E-01,0.000000E+00,3.317674E+03,0.000000E+00,2.338982E-01,0.000000E+00,3.658167E+03,0.000000E+00,2.578965E-01,0.000000E+00,5.875212E+03,0.000000E+00,4.141922E-01
10:30:00,0.000000E+00,2.506488E+03,0.000000E+00,1.766828E-01,0.000000E+00,1.830117E+03,0.000000E+00,1.290303E-01,0.000000E+00,1.362968E+03,0.000000E+00,9.609144E-02,0.000000E+00,2.524498E+03,0.000000E+00,1.779736E-01,0.000000E+00,4.066245E+03,0.000000E+00,2.866761E-01,0.000000E+00,3.042401E+03,0.000000E+00,2.144936E-01,0.000000E+00,3.329203E+03,0.000000E+00,2.347046E-01,0.000000E+00,5.302711E+03,0.000000E+00,3.738313E-01,0.000000E+00,4.349171E+03,0.000000E+00,3.066227E-01,0.000000E+00,3.352609E+03,0.000000E+00,2.363611E-01,0.000000E+00,3.696068E+03,0.000000E+00,2.605683E-01,0.000000E+00,5.859279E+03,0.000000E+00,4.130684E-01
10:40:00,0.000000E+00,2.487355E+03,0.000000E+00,1.753340E-01,0.000000E+00,1.854996E+03,0.000000E+00,1.307843E-01,0.000000E+00,1.387323E+03,0.000000E+00,9.780826E-02,0.000000E+00,2.477830E+03,0.000000E+00,1.746829E-01,0.000000E+00,4.060371E+03,0.000000E+00,2.862618E-01,0.000000E+00,3.073342E+03,0.000000E+00,2.166749E-01,0.000000E+00,3.357548E+03,0.000000E+00,2.367029E-01,0.000000E+00,5.275201E+03,0.000000E+00,3.718916E-01,0.000000E+00,4.341208E+03,0.000000E+00,3.060612E-01,0.000000E+00,3.387136E+03,0.000000E+00,2.387953E-01,0.000000E+00,3.733455E+03,0.000000E+00,2.632041E-01,0.000000E+00,5.830908E+03,0.000000E+00,4.110678E-01
10:50:00,0.000000E+00,2.463795E+03,0.000000E+00,1.736730E-01,0.000000E+00,1.878814E+03,0.000000E+00,1.324636E-01,0.000000E+00,1.409812E+03,0.000000E+00,9.939354E-02,0.000000E+00,2.424003E+03,0.000000E+00,1.708876E-01,0.000000E+00,4.048885E+03,0.000000E+00,2.854520E-01,0.000000E+00,3.103249E+03,0.000000E+00,2.187835E-01,0.000000E+00,3.384429E+03,0.000000E+00,2.385980E-01,0.000000E+00,5.238513E+03,0.000000E+00,3.693049E-01,0.000000E+00,4.327245E+03,0.000000E+00,3.050767E-01,0.000000E+00,3.420534E+03,0.000000E+00,2.411500E-01,0.000000E+00,3.768591E+03,0.000000E+00,2.656811E-01,0.000000E+00,5.791909E+03,0.000000E+00,4.083182E-01
11:00:00,0.000000E+00,2.436081E+03,0.000000E+00,1.717191E-01,0.000000E+00,1.901810E+03,0.000000E+00,1.340849E-01,0.000000E+00,1.431542E+03,0.000000E+00,1.009253E-01,0.000000E+00,2.364048E+03,0.000000E+00,1.666603E-01,0.000000E+00,4.032051E+03,0.000000E+00,2.842652E-01,0.000000E+00,3.132392E+03,0.000000E+00,2.208381E-01,0.000000E+00,3.410696E+03,0.000000E+00,2.404498E-01,0.000000E+00,5.193663E+03,0.000000E+00,3.661428E-01,0.000000E+00,4.307417E+03,0.000000E+00,3.036788E-01,0.000000E+00,3.453521E+03,0.000000E+00,2.434758E-01,0.000000E+00,3.802872E+03,0.000000E+00,2.680980E-01,0.000000E+00,5.743050E+03,0.000000E+00,4.048736E-01
11:10:00,0.000000E+00,2.400605E+03,0.000000E+00,1.692181E-01,0.000000E+00,1.919909E+03,0.000000E+00,1.353609E-01,0.000000E+00,1.447819E+03,0.000000E+00,1.020726E-01,0.000000E+00,2.295213E+03,0.000000E+00,1.618071E-01,0.000000E+00,4.006931E+03,0.000000E+00,2.824942E-01,0.000000E+00,3.156627E+03,0.000000E+00,2.225468E-01,0.000000E+00,3.431984E+03,0.000000E+00,2.419507E-01,0.000000E+00,5.138174E+03,0.000000E+00,3.622309E-01,0.000000E+00,4.278615E+03,0.000000E+00,3.016483E-01,0.000000E+00,3.481573E+03,0.000000E+00,2.454536E-01,0.000000E+00,3.831459E+03,0.000000E+00,2.701134E-01,0.000000E+00,5.681651E+03,0.000000E+00,4.005449E-01
11:20:00,0.000000E+00,2.362553E+03,0.000000E+00,1.665355E-01,0.000000E+00,1.936689E+03,0.000000E+00,1.365438E-01,0.000000E+00,1.463067E+03,0.000000E+00,1.031473E-01,0.000000E+00,2.224697E+03,0.000000E+00,1.568355E-01,0.000000E+00,3.978577E+03,0.000000E+00,2.804953E-01,0.000000E+00,3.179536E+03,0.000000E+00,2.241620E-01,0.000000E+00,3.452328E+03,0.000000E+00,2.433850E-01,0.000000E+00,5.078727E+03,0.000000E+00,3.580399E-01,0.000000E+00,4.246462E+03,0.000000E+00,2.993815E-01,0.000000E+00,3.509179E+03,0.000000E+00,2.473999E-01,0.000000E+00,3.858866E+03,0.000000E+00,2.720456E-01,0.000000E+00,5.615035E+03,0.000000E+00,3.958486E-01
11:30:00,0.000000E+00,2.323858E+03,0.000000E+00,1.638075E-01,0.000000E+00,1.952506E+03,0.000000E+00,1.376589E-01,0.000000E+00,1.477439E+03,0.000000E+00,1.041604E-01,0.000000E+00,2.155510E+03,0.000000E+00,1.519575E-01,0.000000E+00,3.948702E+03,0.000000E+00,2.783891E-01,0.000000E+00,3.201461E+03,0.000000E+00,2.257077E-01,0.000000E+00,3.471860E+03,0.000000E+00,2.447620E-01,0.000000E+00,5.018315E+03,0.000000E+00,3.537809E-01,0.000000E+00,4.212849E+03,0.000000E+00,2.970118E-01,0.000000E+00,3.536640E+03,0.000000E+00,2.493361E-01,0.000000E+00,3.885202E+03,0.000000E+00,2.739023E-01,0.000000E+00,5.546499E+03,0.000000E+00,3.910169E-01
11:40:00,0.000000E+00,2.286445E+03,0.000000E+00,1.611700E-01,0.000000E+00,1.967393E+03,0.000000E+00,1.387085E-01,0.000000E+00,1.491015E+03,0.000000E+00,1.051172E-01,0.000000E+00,2.090328E+03,0.000000E+00,1.473621E-01,0.000000E+00,3.919046E+03,0.000000E+00,2.762983E-01,0.000000E+00,3.222422E+03,0.000000E+00,2.271855E-01,0.000000E+00,3.490633E+03,0.000000E+00,2.460856E-01,0.000000E+00,4.959785E+03,0.000000E+00,3.496546E-01,0.000000E+00,4.179714E+03,0.000000E+00,2.946758E-01,0.000000E+00,3.564237E+03,0.000000E+00,2.512818E-01,0.000000E+00,3.910503E+03,0.000000E+00,2.756860E-01,0.000000E+00,5.479429E+03,0.000000E+00,3.862885E-01
11:50:00,0.000000E+00,2.251949E+03,0.000000E+00,1.587381E-01,0.000000E+00,1.981406E+03,0.000000E+00,1.396964E-01,0.000000E+00,1.503857E+03,0.000000E+00,1.060224E-01,0.000000E+00,2.031357E+03,0.000000E+00,1.432046E-01,0.000000E+00,3.891154E+03,0.000000E+00,2.743320E-01,0.000000E+00,3.242459E+03,0.000000E+00,2.285982E-01,0.000000E+00,3.508723E+03,0.000000E+00,2.473609E-01,0.000000E+00,4.905627E+03,0.000000E+00,3.458366E-01,0.000000E+00,4.148738E+03,0.000000E+00,2.924921E-01,0.000000E+00,3.592480E+03,0.000000E+00,2.532731E-01,0.000000E+00,3.934833E+03,0.000000E+00,2.774013E-01,0.000000E+00,5.416697E+03,0.000000E+00,3.818661E-01
12:00:00,0.000000E+00,2.221737E+03,0.000000E+00,1.566082E-01,0.000000E+00,1.994577E+03,0.000000E+00,1.406250E-01,0.000000E+00,1.516009E+03,0.000000E+00,1.068789E-01,0.000000E+00,1.980273E+03,0.000000E+00,1.396032E-01,0.000000E+00,3.866307E+03,0.000000E+00,2.725803E-01,0.000000E+00,3.261597E+03,0.000000E+00,2.299475E-01,0.000000E+00,3.526157E+03,0.000000E+00,2.485901E-01,0.000000E+00,4.857753E+03,0.000000E+00,3.424616E-01,0.000000E+00,4.121346E+03,0.000000E+00,2.905610E-01,0.000000E+00,3.621952E+03,0.000000E+00,2.553510E-01,0.000000E+00,3.958200E+03,0.000000E+00,2.790487E-01,0.000000E+00,5.360765E+03,0.000000E+00,3.779231E-01
12:10:00,0.000000E+00,2.188317E+03,0.000000E+00,1.542522E-01,0.000000E+00,1.998752E+03,0.000000E+00,1.409193E-01,0.000000E+00,1.518226E+03,0.000000E+00,1.070350E-01,0.000000E+00,1.928508E+03,0.000000E+00,1.359539E-01,0.000000E+00,3.837409E+03,0.000000E+00,2.705431E-01,0.000000E+00,3.271573E+03,0.000000E+00,2.306508E-01,0.000000E+00,3.534388E+03,0.000000E+00,2.491704E-01,0.000000E+00,4.808537E+03,0.000000E+00,3.389922E-01,0.000000E+00,4.089884E+03,0.000000E+00,2.883431E-01,0.000000E+00,3.644458E+03,0.000000E+00,2.569378E-01,0.000000E+00,3.971255E+03,0.000000E+00,2.799691E-01,0.000000E+00,5.303616E+03,0.000000E+00,3.738943E-01
12:20:00,0.000000E+00,2.159710E+03,0.000000E+00,1.522355E-01,0.000000E+00,2.001243E+03,0.000000E+00,1.410948E-01,0.000000E+00,1.519326E+03,0.000000E+00,1.071123E-01,0.000000E+00,1.884503E+03,0.000000E+00,1.328516E-01,0.000000E+00,3.811975E+03,0.000000E+00,2.687502E-01,0.000000E+00,3.279725E+03,0.000000E+00,2.312255E-01,0.000000E+00,3.541485E+03,0.000000E+00,2.496707E-01,0.000000E+00,4.766049E+03,0.000000E+00,3.359970E-01,0.000000E+00,4.062614E+03,0.000000E+00,2.864206E-01,0.000000E+00,3.669289E+03,0.000000E+00,2.586884E-01,0.000000E+00,3.983020E+03,0.000000E+00,2.807985E-01,0.000000E+00,5.254505E+03,0.000000E+00,3.704322E-01
12:30:00,0.000000E+00,2.135591E+03,0.000000E+00,1.505352E-01,0.000000E+00,2.002817E+03,0.000000E+00,1.412056E-01,0.000000E+00,1.519660E+03,0.000000E+00,1.071356E-01,0.000000E+00,1.847322E+03,0.000000E+00,1.302306E-01,0.000000E+00,3.789743E+03,0.000000E+00,2.671828E-01,0.000000E+00,3.286825E+03,0.000000E+00,2.317260E-01,0.000000E+00,3.547755E+03,0.000000E+00,2.501127E-01,0.000000E+00,4.729494E+03,0.000000E+00,3.334201E-01,0.000000E+00,4.039126E+03,0.000000E+00,2.847647E-01,0.000000E+00,3.696710E+03,0.000000E+00,2.606216E-01,0.000000E+00,3.993720E+03,0.000000E+00,2.815528E-01,0.000000E+00,5.212549E+03,0.000000E+00,3.674746E-01
12:40:00,0.000000E+00,2.114757E+03,0.000000E+00,1.490664E-01,0.000000E+00,2.003607E+03,0.000000E+00,1.412611E-01,0.000000E+00,1.519409E+03,0.000000E+00,1.071177E-01,0.000000E+00,1.815238E+03,0.000000E+00,1.279688E-01,0.000000E+00,3.769687E+03,0.000000E+00,2.657689E-01,0.000000E+00,3.293006E+03,0.000000E+00,2.321616E-01,0.000000E+00,3.553348E+03,0.000000E+00,2.505069E-01,0.000000E+00,4.697124E+03,0.000000E+00,3.311382E-01,0.000000E+00,4.018261E+03,0.000000E+00,2.832937E-01,0.000000E+00,3.726733E+03,0.000000E+00,2.627383E-01,0.000000E+00,4.003474E+03,0.000000E+00,2.822403E-01,0.000000E+00,5.175608E+03,0.000000E+00,3.648705E-01
12:50:00,0.000000E+00,2.095757E+03,0.000000E+00,1.477269E-01,0.000000E+00,2.003683E+03,0.000000E+00,1.412664E-01,0.000000E+00,1.518644E+03,0.000000E+00,1.070635E-01,0.000000E+00,1.786152E+03,0.000000E+00,1.259184E-01,0.000000E+00,3.750490E+03,0.000000E+00,2.644155E-01,0.000000E+00,3.298352E+03,0.000000E+00,2.325384E-01,0.000000E+00,3.558307E+03,0.000000E+00,2.508564E-01,0.000000E+00,4.666740E+03,0.000000E+00,3.289962E-01,0.000000E+00,3.998605E+03,0.000000E+00,2.819080E-01,0.000000E+00,3.758852E+03,0.000000E+00,2.650027E-01,0.000000E+00,4.012371E+03,0.000000E+00,2.828674E-01,0.000000E+00,5.141136E+03,0.000000E+00,3.624404E-01
13:00:00,0.000000E+00,2.077508E+03,0.000000E+00,1.464404E-01,0.000000E+00,2.003099E+03,0.000000E+00,1.412251E-01,0.000000E+00,1.517585E+03,0.000000E+00,1.069887E-01,0.000000E+00,1.758090E+03,0.000000E+00,1.239401E-01,0.000000E+00,3.731178E+03,0.000000E+00,2.630539E-01,0.000000E+00,3.302930E+03,0.000000E+00,2.328609E-01,0.000000E+00,3.562947E+03,0.000000E+00,2.511834E-01,0.000000E+00,4.636358E+03,0.000000E+00,3.268545E-01,0.000000E+00,3.978874E+03,0.000000E+00,2.805169E-01,0.000000E+00,3.791280E+03,0.000000E+00,2.672888E-01,0.000000E+00,4.020526E+03,0.000000E+00,2.834423E-01,0.000000E+00,5.106818E+03,0.000000E+00,3.600210E-01
13:10:00,0.000000E+00,2.051470E+03,0.000000E+00,1.446048E-01,0.000000E+00,1.993677E+03,0.000000E+00,1.405607E-01,0.000000E+00,1.508174E+03,0.000000E+00,1.063251E-01,0.000000E+00,1.721293E+03,0.000000E+00,1.213462E-01,0.000000E+00,3.703854E+03,0.000000E+00,2.611274E-01,0.000000E+00,3.298636E+03,0.000000E+00,2.325580E-01,0.000000E+00,3.559416E+03,0.000000E+00,2.509343E-01,0.000000E+00,4.596943E+03,0.000000E+00,3.240758E-01,0.000000E+00,3.950558E+03,0.000000E+00,2.785205E-01,0.000000E+00,3.812562E+03,0.000000E+00,2.687892E-01,0.000000E+00,4.019143E+03,0.000000E+00,2.833447E-01,0.000000E+00,5.063082E+03,0.000000E+00,3.569377E-01
13:20:00,0.000000E+00,2.025861E+03,0.000000E+00,1.427995E-01,0.000000E+00,1.983573E+03,0.000000E+00,1.398480E-01,0.000000E+00,1.500677E+03,0.000000E+00,1.057963E-01,0.000000E+00,1.684817E+03,0.000000E+00,1.187746E-01,0.000000E+00,3.676250E+03,0.000000E+00,2.591811E-01,0.000000E+00,3.293434E+03,0.000000E+00,2.321911E-01,0.000000E+00,3.557194E+03,0.000000E+00,2.507775E-01,0.000000E+00,4.557113E+03,0.000000E+00,3.212677E-01,0.000000E+00,3.922399E+03,0.000000E+00,2.765350E-01,0.000000E+00,3.831179E+03,0.000000E+00,2.701015E-01,0.000000E+00,4.018906E+03,0.000000E+00,2.833277E-01,0.000000E+00,5.019966E+03,0.000000E+00,3.538979E-01
13:30:00,0.000000E+00,2.000871E+03,0.000000E+00,1.410378E-01,0.000000E+00,1.973969E+03,0.000000E+00,1.391707E-01,0.000000E+00,1.495641E+03,0.000000E+00,1.054411E-01,0.000000E+00,1.648754E+03,0.000000E+00,1.162322E-01,0.000000E+00,3.648719E+03,0.000000E+00,2.572399E-01,0.000000E+00,3.288774E+03,0.000000E+00,2.318623E-01,0.000000E+00,3.556728E+03,0.000000E+00,2.507445E-01,0.000000E+00,4.517218E+03,0.000000E+00,3.184549E-01,0.000000E+00,3.894602E+03,0.000000E+00,2.745750E-01,0.000000E+00,3.846704E+03,0.000000E+00,2.711957E-01,0.000000E+00,4.020086E+03,0.000000E+00,2.834107E-01,0.000000E+00,4.977787E+03,0.000000E+00,3.509242E-01
13:40:00,0.000000E+00,1.976939E+03,0.000000E+00,1.393507E-01,0.000000E+00,1.965042E+03,0.000000E+00,1.385411E-01,0.000000E+00,1.492896E+03,0.000000E+00,1.052473E-01,0.000000E+00,1.613915E+03,0.000000E+00,1.137761E-01,0.000000E+00,3.621809E+03,0.000000E+00,2.553424E-01,0.000000E+00,3.284945E+03,0.000000E+00,2.315921E-01,0.000000E+00,3.557797E+03,0.000000E+00,2.508197E-01,0.000000E+00,4.477980E+03,0.000000E+00,3.156885E-01,0.000000E+00,3.867636E+03,0.000000E+00,2.726736E-01,0.000000E+00,3.858345E+03,0.000000E+00,2.720160E-01,0.000000E+00,4.022309E+03,0.000000E+00,2.835672E-01,0.000000E+00,4.937269E+03,0.000000E+00,3.480676E-01
13:50:00,0.000000E+00,1.954569E+03,0.000000E+00,1.377738E-01,0.000000E+00,1.957391E+03,0.000000E+00,1.380015E-01,0.000000E+00,1.492205E+03,0.000000E+00,1.051985E-01,0.000000E+00,1.581504E+03,0.000000E+00,1.114911E-01,0.000000E+00,3.596176E+03,0.000000E+00,2.535349E-01,0.000000E+00,3.282748E+03,0.000000E+00,2.314369E-01,0.000000E+00,3.560141E+03,0.000000E+00,2.509847E-01,0.000000E+00,4.440371E+03,0.000000E+00,3.130369E-01,0.000000E+00,3.842079E+03,0.000000E+00,2.708714E-01,0.000000E+00,3.865587E+03,0.000000E+00,2.725262E-01,0.000000E+00,4.025205E+03,0.000000E+00,2.837711E-01,0.000000E+00,4.899496E+03,0.000000E+00,3.454043E-01
14:00:00,0.000000E+00,1.933827E+03,0.000000E+00,1.363116E-01,0.000000E+00,1.951626E+03,0.000000E+00,1.375948E-01,0.000000E+00,1.493440E+03,0.000000E+00,1.052855E-01,0.000000E+00,1.552063E+03,0.000000E+00,1.094156E-01,0.000000E+00,3.572023E+03,0.000000E+00,2.518318E-01,0.000000E+00,3.282952E+03,0.000000E+00,2.314510E-01,0.000000E+00,3.563545E+03,0.000000E+00,2.512245E-01,0.000000E+00,4.405279E+03,0.000000E+00,3.105627E-01,0.000000E+00,3.818307E+03,0.000000E+00,2.691952E-01,0.000000E+00,3.869357E+03,0.000000E+00,2.727915E-01,0.000000E+00,4.028792E+03,0.000000E+00,2.840237E-01,0.000000E+00,4.865056E+03,0.000000E+00,3.429761E-01
14:10:00,0.000000E+00,1.922189E+03,0.000000E+00,1.354912E-01,0.000000E+00,1.956239E+03,0.000000E+00,1.379199E-01,0.000000E+00,1.505074E+03,0.000000E+00,1.061056E-01,0.000000E+00,1.534107E+03,0.000000E+00,1.081497E-01,0.000000E+00,3.556588E+03,0.000000E+00,2.507433E-01,0.000000E+00,3.294394E+03,0.000000E+00,2.322574E-01,0.000000E+00,3.576358E+03,0.000000E+00,2.521276E-01,0.000000E+00,4.380706E+03,0.000000E+00,3.088301E-01,0.000000E+00,3.803985E+03,0.000000E+00,2.681851E-01,0.000000E+00,3.880272E+03,0.000000E+00,2.735606E-01,0.000000E+00,4.042430E+03,0.000000E+00,2.849849E-01,0.000000E+00,4.842042E+03,0.000000E+00,3.413534E-01
14:20:00,0.000000E+00,1.910907E+03,0.000000E+00,1.346959E-01,0.000000E+00,1.963363E+03,0.000000E+00,1.384222E-01,0.000000E+00,1.517753E+03,0.000000E+00,1.069995E-01,0.000000E+00,1.517871E+03,0.000000E+00,1.070051E-01,0.000000E+00,3.541798E+03,0.000000E+00,2.497004E-01,0.000000E+00,3.309964E+03,0.000000E+00,2.333549E-01,0.000000E+00,3.590143E+03,0.000000E+00,2.530993E-01,0.000000E+00,4.357534E+03,0.000000E+00,3.071964E-01,0.000000E+00,3.789939E+03,0.000000E+00,2.671946E-01,0.000000E+00,3.889552E+03,0.000000E+00,2.742145E-01,0.000000E+00,4.056610E+03,0.000000E+00,2.859844E-01,0.000000E+00,4.819657E+03,0.000000E+00,3.397751E-01
14:30:00,0.000000E+00,1.899626E+03,0.000000E+00,1.339005E-01,0.000000E+00,1.972144E+03,0.000000E+00,1.390413E-01,0.000000E+00,1.532193E+03,0.000000E+00,1.080175E-01,0.000000E+00,1.503033E+03,0.000000E+00,1.059592E-01,0.000000E+00,3.527294E+03,0.000000E+00,2.486776E-01,0.000000E+00,3.328909E+03,0.000000E+00,2.346905E-01,0.000000E+00,3.605925E+03,0.000000E+00,2.542118E-01,0.000000E+00,4.335399E+03,0.000000E+00,3.056358E-01,0.000000E+00,3.775886E+03,0.000000E+00,2.662037E-01,0.000000E+00,3.898169E+03,0.000000E+00,2.748217E-01,0.000000E+00,4.072707E+03,0.000000E+00,2.871190E-01,0.000000E+00,4.797491E+03,0.000000E+00,3.382123E-01
14:40:00,0.000000E+00,1.888177E+03,0.000000E+00,1.330935E-01,0.000000E+00,1.982667E+03,0.000000E+00,1.397832E-01,0.000000E+00,1.550024E+03,0.000000E+00,1.092746E-01,0.000000E+00,1.489078E+03,0.000000E+00,1.049754E-01,0.000000E+00,3.512898E+03,0.000000E+00,2.476626E-01,0.000000E+00,3.351314E+03,0.000000E+00,2.362699E-01,0.000000E+00,3.625655E+03,0.000000E+00,2.556026E-01,0.000000E+00,4.314087E+03,0.000000E+00,3.041332E-01,0.000000E+00,3.761654E+03,0.000000E+00,2.652001E-01,0.000000E+00,3.907713E+03,0.000000E+00,2.754943E-01,0.000000E+00,4.092975E+03,0.000000E+00,2.885478E-01,0.000000E+00,4.775402E+03,0.000000E+00,3.366549E-01
14:50:00,0.000000E+00,1.876490E+03,0.000000E+00,1.322697E-01,0.000000E+00,1.994544E+03,0.000000E+00,1.406206E-01,0.000000E+00,1.573044E+03,0.000000E+00,1.108976E-01,0.000000E+00,1.475357E+03,0.000000E+00,1.040082E-01,0.000000E+00,3.498495E+03,0.000000E+00,2.466470E-01,0.000000E+00,3.376729E+03,0.000000E+00,2.380617E-01,0.000000E+00,3.651448E+03,0.000000E+00,2.574210E-01,0.000000E+00,4.293421E+03,0.000000E+00,3.026762E-01,0.000000E+00,3.747142E+03,0.000000E+00,2.641769E-01,0.000000E+00,3.919840E+03,0.000000E+00,2.763491E-01,0.000000E+00,4.119779E+03,0.000000E+00,2.904374E-01,0.000000E+00,4.753204E+03,0.000000E+00,3.350899E-01
15:00:00,0.000000E+00,1.864492E+03,0.000000E+00,1.314240E-01,0.000000E+00,2.007289E+03,0.000000E+00,1.415192E-01,0.000000E+00,1.602574E+03,0.000000E+00,1.129795E-01,0.000000E+00,1.461781E+03,0.000000E+00,1.030511E-01,0.000000E+00,3.484034E+03,0.000000E+00,2.456274E-01,0.000000E+00,3.404591E+03,0.000000E+00,2.400259E-01,0.000000E+00,3.684977E+03,0.000000E+00,2.597847E-01,0.000000E+00,4.273123E+03,0.000000E+00,3.012451E-01,0.000000E+00,3.732266E+03,0.000000E+00,2.631280E-01,0.000000E+00,3.935786E+03,0.000000E+00,2.774732E-01,0.000000E+00,4.154863E+03,0.000000E+00,2.929107E-01,0.000000E+00,4.730874E+03,0.000000E+00,3.335156E-01
15:10:00,0.000000E+00,1.872539E+03,0.000000E+00,1.319912E-01,0.000000E+00,2.040634E+03,0.000000E+00,1.438701E-01,0.000000E+00,1.662656E+03,0.000000E+00,1.172154E-01,0.000000E+00,1.472330E+03,0.000000E+00,1.037948E-01,0.000000E+00,3.488756E+03,0.000000E+00,2.459601E-01,0.000000E+00,3.455049E+03,0.000000E+00,2.435831E-01,0.000000E+00,3.749110E+03,0.000000E+00,2.643060E-01,0.000000E+00,4.275686E+03,0.000000E+00,3.014257E-01,0.000000E+00,3.737602E+03,0.000000E+00,2.635041E-01,0.000000E+00,3.977855E+03,0.000000E+00,2.804389E-01,0.000000E+00,4.222732E+03,0.000000E+00,2.976954E-01,0.000000E+00,4.732572E+03,0.000000E+00,3.336352E-01
15:20:00,0.000000E+00,1.881308E+03,0.000000E+00,1.326093E-01,0.000000E+00,2.076898E+03,0.000000E+00,1.464272E-01,0.000000E+00,1.731052E+03,0.000000E+00,1.220377E-01,0.000000E+00,1.484094E+03,0.000000E+00,1.046244E-01,0.000000E+00,3.494455E+03,0.000000E+00,2.463621E-01,0.000000E+00,3.510068E+03,0.000000E+00,2.474622E-01,0.000000E+00,3.823350E+03,0.000000E+00,2.695401E-01,0.000000E+00,4.279610E+03,0.000000E+00,3.017024E-01,0.000000E+00,3.743433E+03,0.000000E+00,2.639153E-01,0.000000E+00,4.025477E+03,0.000000E+00,2.837965E-01,0.000000E+00,4.300813E+03,0.000000E+00,3.032003E-01,0.000000E+00,4.735042E+03,0.000000E+00,3.338094E-01
15:30:00,0.000000E+00,1.890241E+03,0.000000E+00,1.332390E-01,0.000000E+00,2.115465E+03,0.000000E+00,1.491465E-01,0.000000E+00,1.806419E+03,0.000000E+00,1.273517E-01,0.000000E+00,1.496514E+03,0.000000E+00,1.055002E-01,0.000000E+00,3.500671E+03,0.000000E+00,2.468005E-01,0.000000E+00,3.568180E+03,0.000000E+00,2.515593E-01,0.000000E+00,3.906525E+03,0.000000E+00,2.754043E-01,0.000000E+00,4.284341E+03,0.000000E+00,3.020361E-01,0.000000E+00,3.749445E+03,0.000000E+00,2.643393E-01,0.000000E+00,4.077868E+03,0.000000E+00,2.874904E-01,0.000000E+00,4.387882E+03,0.000000E+00,3.093390E-01,0.000000E+00,4.737871E+03,0.000000E+00,3.340090E-01
15:40:00,0.000000E+00,1.899117E+03,0.000000E+00,1.338647E-01,0.000000E+00,2.156517E+03,0.000000E+00,1.520411E-01,0.000000E+00,1.887162E+03,0.000000E+00,1.330446E-01,0.000000E+00,1.509316E+03,0.000000E+00,1.064029E-01,0.000000E+00,3.507193E+03,0.000000E+00,2.472605E-01,0.000000E+00,3.629419E+03,0.000000E+00,2.558770E-01,0.000000E+00,3.997104E+03,0.000000E+00,2.817905E-01,0.000000E+00,4.289642E+03,0.000000E+00,3.024100E-01,0.000000E+00,3.755512E+03,0.000000E+00,2.647673E-01,0.000000E+00,4.134014E+03,0.000000E+00,2.914492E-01,0.000000E+00,4.482238E+03,0.000000E+00,3.159914E-01,0.000000E+00,4.740893E+03,0.000000E+00,3.342223E-01
15:50:00,0.000000E+00,1.907820E+03,0.000000E+00,1.344782E-01,0.000000E+00,2.200018E+03,0.000000E+00,1.551082E-01,0.000000E+00,1.971403E+03,0.000000E+00,1.389841E-01,0.000000E+00,1.522390E+03,0.000000E+00,1.073248E-01,0.000000E+00,3.513909E+03,0.000000E+00,2.477343E-01,0.000000E+00,3.693649E+03,0.000000E+00,2.604055E-01,0.000000E+00,4.093162E+03,0.000000E+00,2.885629E-01,0.000000E+00,4.295396E+03,0.000000E+00,3.028160E-01,0.000000E+00,3.761564E+03,0.000000E+00,2.651942E-01,0.000000E+00,4.192610E+03,0.000000E+00,2.955806E-01,0.000000E+00,4.581671E+03,0.000000E+00,3.230019E-01,0.000000E+00,4.744016E+03,0.000000E+00,3.344427E-01
16:00:00,0.000000E+00,1.916261E+03,0.000000E+00,1.350734E-01,0.000000E+00,2.245858E+03,0.000000E+00,1.583402E-01,0.000000E+00,2.057227E+03,0.000000E+00,1.450352E-01,0.000000E+00,1.535649E+03,0.000000E+00,1.082597E-01,0.000000E+00,3.520738E+03,0.000000E+00,2.482161E-01,0.000000E+00,3.760626E+03,0.000000E+00,2.651278E-01,0.000000E+00,4.192618E+03,0.000000E+00,2.955750E-01,0.000000E+00,4.301518E+03,0.000000E+00,3.032478E-01,0.000000E+00,3.767530E+03,0.000000E+00,2.656152E-01,0.000000E+00,4.252314E+03,0.000000E+00,2.997902E-01,0.000000E+00,4.683866E+03,0.000000E+00,3.302070E-01,0.000000E+00,4.747140E+03,0.000000E+00,3.346632E-01
16:10:00,0.000000E+00,1.969402E+03,0.000000E+00,1.388193E-01,0.000000E+00,2.338890E+03,0.000000E+00,1.648993E-01,0.000000E+00,2.193946E+03,0.000000E+00,1.546744E-01,0.000000E+00,1.602071E+03,0.000000E+00,1.129426E-01,0.000000E+00,3.569862E+03,0.000000E+00,2.516797E-01,0.000000E+00,3.874100E+03,0.000000E+00,2.731281E-01,0.000000E+00,4.341208E+03,0.000000E+00,3.060509E-01,0.000000E+00,4.357679E+03,0.000000E+00,3.072073E-01,0.000000E+00,3.818651E+03,0.000000E+00,2.692197E-01,0.000000E+00,4.359344E+03,0.000000E+00,3.073364E-01,0.000000E+00,4.838182E+03,0.000000E+00,3.410866E-01,0.000000E+00,4.803698E+03,0.000000E+00,3.386508E-01
16:20:00,0.000000E+00,2.025048E+03,0.000000E+00,1.427419E-01,0.000000E+00,2.438658E+03,0.000000E+00,1.719339E-01,0.000000E+00,2.331490E+03,0.000000E+00,1.643724E-01,0.000000E+00,1.671495E+03,0.000000E+00,1.178377E-01,0.000000E+00,3.621659E+03,0.000000E+00,2.553324E-01,0.000000E+00,3.993430E+03,0.000000E+00,2.815418E-01,0.000000E+00,4.492076E+03,0.000000E+00,3.166879E-01,0.000000E+00,4.417147E+03,0.000000E+00,3.114005E-01,0.000000E+00,3.871810E+03,0.000000E+00,2.729683E-01,0.000000E+00,4.467172E+03,0.000000E+00,3.149393E-01,0.000000E+00,4.993174E+03,0.000000E+00,3.520143E-01,0.000000E+00,4.862672E+03,0.000000E+00,3.428092E-01
16:30:00,0.000000E+00,2.081465E+03,0.000000E+00,1.467187E-01,0.000000E+00,2.540228E+03,0.000000E+00,1.790957E-01,0.000000E+00,2.467402E+03,0.000000E+00,1.739553E-01,0.000000E+00,1.741308E+03,0.000000E+00,1.227604E-01,0.000000E+00,3.674688E+03,0.000000E+00,2.590722E-01,0.000000E+00,4.114629E+03,0.000000E+00,2.900876E-01,0.000000E+00,4.642662E+03,0.000000E+00,3.273052E-01,0.000000E+00,4.477543E+03,0.000000E+00,3.156594E-01,0.000000E+00,3.925717E+03,0.000000E+00,2.767701E-01,0.000000E+00,4.575001E+03,0.000000E+00,3.225425E-01,0.000000E+00,5.146514E+03,0.000000E+00,3.628258E-01,0.000000E+00,4.921487E+03,0.000000E+00,3.469566E-01
16:40:00,0.000000E+00,2.138632E+03,0.000000E+00,1.507484E-01,0.000000E+00,2.641860E+03,0.000000E+00,1.862621E-01,0.000000E+00,2.599723E+03,0.000000E+00,1.832849E-01,0.000000E+00,1.812056E+03,0.000000E+00,1.277489E-01,0.000000E+00,3.728847E+03,0.000000E+00,2.628918E-01,0.000000E+00,4.235836E+03,0.000000E+00,2.986342E-01,0.000000E+00,4.790856E+03,0.000000E+00,3.377540E-01,0.000000E+00,4.539258E+03,0.000000E+00,3.200114E-01,0.000000E+00,3.980607E+03,0.000000E+00,2.806414E-01,0.000000E+00,4.681106E+03,0.000000E+00,3.300245E-01,0.000000E+00,5.296174E+03,0.000000E+00,3.733781E-01,0.000000E+00,4.981288E+03,0.000000E+00,3.511737E-01
16:50:00,0.000000E+00,2.196348E+03,0.000000E+00,1.548170E-01,0.000000E+00,2.742365E+03,0.000000E+00,1.933489E-01,0.000000E+00,2.727509E+03,0.000000E+00,1.922947E-01,0.000000E+00,1.883573E+03,0.000000E+00,1.327916E-01,0.000000E+00,3.783944E+03,0.000000E+00,2.667778E-01,0.000000E+00,4.355702E+03,0.000000E+00,3.070864E-01,0.000000E+00,4.935472E+03,0.000000E+00,3.479507E-01,0.000000E+00,4.602183E+03,0.000000E+00,3.244487E-01,0.000000E+00,4.036323E+03,0.000000E+00,2.845710E-01,0.000000E+00,4.784841E+03,0.000000E+00,3.373397E-01,0.000000E+00,5.440931E+03,0.000000E+00,3.835848E-01,0.000000E+00,5.041944E+03,0.000000E+00,3.554512E-01
17:00:00,0.000000E+00,2.254472E+03,0.000000E+00,1.589143E-01,0.000000E+00,2.841007E+03,0.000000E+00,2.003044E-01,0.000000E+00,2.850283E+03,0.000000E+00,2.009510E-01,0.000000E+00,1.955927E+03,0.000000E+00,1.378932E-01,0.000000E+00,3.839847E+03,0.000000E+00,2.707205E-01,0.000000E+00,4.473497E+03,0.000000E+00,3.153926E-01,0.000000E+00,5.075602E+03,0.000000E+00,3.578312E-01,0.000000E+00,4.666452E+03,0.000000E+00,3.289810E-01,0.000000E+00,4.092723E+03,0.000000E+00,2.885490E-01,0.000000E+00,4.885829E+03,0.000000E+00,3.444612E-01,0.000000E+00,5.580000E+03,0.000000E+00,3.933907E-01,0.000000E+00,5.103304E+03,0.000000E+00,3.597785E-01
17:10:00,0.000000E+00,2.347107E+03,0.000000E+00,1.654442E-01,0.000000E+00,2.973268E+03,0.000000E+00,2.096302E-01,0.000000E+00,3.005638E+03,0.000000E+00,2.119043E-01,0.000000E+00,2.070252E+03,0.000000E+00,1.459540E-01,0.000000E+00,3.928315E+03,0.000000E+00,2.769595E-01,0.000000E+00,4.623523E+03,0.000000E+00,3.259713E-01,0.000000E+00,5.245952E+03,0.000000E+00,3.698424E-01,0.000000E+00,4.769241E+03,0.000000E+00,3.362290E-01,0.000000E+00,4.184281E+03,0.000000E+00,2.950059E-01,0.000000E+00,5.020580E+03,0.000000E+00,3.539632E-01,0.000000E+00,5.751808E+03,0.000000E+00,4.055048E-01,0.000000E+00,5.205699E+03,0.000000E+00,3.669989E-01
17:20:00,0.000000E+00,2.442332E+03,0.000000E+00,1.721567E-01,0.000000E+00,3.108080E+03,0.000000E+00,2.191367E-01,0.000000E+00,3.157248E+03,0.000000E+00,2.225941E-01,0.000000E+00,2.189374E+03,0.000000E+00,1.543539E-01,0.000000E+00,4.019759E+03,0.000000E+00,2.834089E-01,0.000000E+00,4.775637E+03,0.000000E+00,3.366979E-01,0.000000E+00,5.413322E+03,0.000000E+00,3.816440E-01,0.000000E+00,4.876137E+03,0.000000E+00,3.437673E-01,0.000000E+00,4.278245E+03,0.000000E+00,3.016330E-01,0.000000E+00,5.154241E+03,0.000000E+00,3.633891E-01,0.000000E+00,5.919566E+03,0.000000E+00,4.173339E-01,0.000000E+00,5.310733E+03,0.000000E+00,3.744060E-01
17:30:00,0.000000E+00,2.539577E+03,0.000000E+00,1.790117E-01,0.000000E+00,3.240016E+03,0.000000E+00,2.284407E-01,0.000000E+00,3.303318E+03,0.000000E+00,2.328935E-01,0.000000E+00,2.312998E+03,0.000000E+00,1.630713E-01,0.000000E+00,4.113684E+03,0.000000E+00,2.900336E-01,0.000000E+00,4.924904E+03,0.000000E+00,3.472241E-01,0.000000E+00,5.576065E+03,0.000000E+00,3.931199E-01,0.000000E+00,4.987244E+03,0.000000E+00,3.516028E-01,0.000000E+00,4.374581E+03,0.000000E+00,3.084280E-01,0.000000E+00,5.285144E+03,0.000000E+00,3.726211E-01,0.000000E+00,6.082138E+03,0.000000E+00,4.287981E-01,0.000000E+00,5.419312E+03,0.000000E+00,3.820635E-01
17:40:00,0.000000E+00,2.637955E+03,0.000000E+00,1.859465E-01,0.000000E+00,3.368587E+03,0.000000E+00,2.375076E-01,0.000000E+00,3.443850E+03,0.000000E+00,2.428027E-01,0.000000E+00,2.439115E+03,0.000000E+00,1.719645E-01,0.000000E+00,4.209337E+03,0.000000E+00,2.967806E-01,0.000000E+00,5.070820E+03,0.000000E+00,3.575147E-01,0.000000E+00,5.734073E+03,0.000000E+00,4.042625E-01,0.000000E+00,5.101195E+03,0.000000E+00,3.596391E-01,0.000000E+00,4.472473E+03,0.000000E+00,3.153330E-01,0.000000E+00,5.413713E+03,0.000000E+00,3.816890E-01,0.000000E+00,6.239775E+03,0.000000E+00,4.399147E-01,0.000000E+00,5.529603E+03,0.000000E+00,3.898420E-01
17:50:00,0.000000E+00,2.737189E+03,0.000000E+00,1.929418E-01,0.000000E+00,3.493465E+03,0.000000E+00,2.463143E-01,0.000000E+00,3.578888E+03,0.000000E+00,2.523245E-01,0.000000E+00,2.567203E+03,0.000000E+00,1.809966E-01,0.000000E+00,4.306458E+03,0.000000E+00,3.036313E-01,0.000000E+00,5.213003E+03,0.000000E+00,3.675424E-01,0.000000E+00,5.887287E+03,0.000000E+00,4.150675E-01,0.000000E+00,5.217604E+03,0.000000E+00,3.678491E-01,0.000000E+00,4.571706E+03,0.000000E+00,3.223328E-01,0.000000E+00,5.539775E+03,0.000000E+00,3.905805E-01,0.000000E+00,6.392650E+03,0.000000E+00,4.506961E-01,0.000000E+00,5.641295E+03,0.000000E+00,3.977195E-01
18:00:00,0.000000E+00,2.837107E+03,0.000000E+00,1.999853E-01,0.000000E+00,3.614392E+03,0.000000E+00,2.548424E-01,0.000000E+00,3.708450E+03,0.000000E+00,2.614604E-01,0.000000E+00,2.696707E+03,0.000000E+00,1.901286E-01,0.000000E+00,4.404878E+03,0.000000E+00,3.105737E-01,0.000000E+00,5.351077E+03,0.000000E+00,3.772805E-01,0.000000E+00,6.035859E+03,0.000000E+00,4.255454E-01,0.000000E+00,5.336003E+03,0.000000E+00,3.761995E-01,0.000000E+00,4.672119E+03,0.000000E+00,3.294159E-01,0.000000E+00,5.663135E+03,0.000000E+00,3.992816E-01,0.000000E+00,6.540885E+03,0.000000E+00,4.611505E-01,0.000000E+00,5.754179E+03,0.000000E+00,4.056813E-01
18:10:00,0.000000E+00,2.855584E+03,0.000000E+00,2.012882E-01,0.000000E+00,3.647525E+03,0.000000E+00,2.571807E-01,0.000000E+00,3.744106E+03,0.000000E+00,2.639759E-01,0.000000E+00,2.737038E+03,0.000000E+00,1.929738E-01,0.000000E+00,4.428301E+03,0.000000E+00,3.122286E-01,0.000000E+00,5.402503E+03,0.000000E+00,3.809097E-01,0.000000E+00,6.098213E+03,0.000000E+00,4.299450E-01,0.000000E+00,5.373997E+03,0.000000E+00,3.788814E-01,0.000000E+00,4.690782E+03,0.000000E+00,3.307354E-01,0.000000E+00,5.695648E+03,0.000000E+00,4.015779E-01,0.000000E+00,6.594378E+03,0.000000E+00,4.649258E-01,0.000000E+00,5.778027E+03,0.000000E+00,4.073663E-01
18:20:00,0.000000E+00,2.868725E+03,0.000000E+00,2.022151E-01,0.000000E+00,3.664921E+03,0.000000E+00,2.584081E-01,0.000000E+00,3.769642E+03,0.000000E+00,2.657766E-01,0.000000E+00,2.770288E+03,0.000000E+00,1.953184E-01,0.000000E+00,4.447155E+03,0.000000E+00,3.135603E-01,0.000000E+00,5.438232E+03,0.000000E+00,3.834311E-01,0.000000E+00,6.150353E+03,0.000000E+00,4.336236E-01,0.000000E+00,5.406903E+03,0.000000E+00,3.812038E-01,0.000000E+00,4.705759E+03,0.000000E+00,3.317938E-01,0.000000E+00,5.720861E+03,0.000000E+00,4.033583E-01,0.000000E+00,6.638413E+03,0.000000E+00,4.680332E-01,0.000000E+00,5.797609E+03,0.000000E+00,4.087494E-01
18:30:00,0.000000E+00,2.879783E+03,0.000000E+00,2.029951E-01,0.000000E+00,3.678032E+03,0.000000E+00,2.593330E-01,0.000000E+00,3.789997E+03,0.000000E+00,2.672119E-01,0.000000E+00,2.798518E+03,0.000000E+00,1.973088E-01,0.000000E+00,4.464109E+03,0.000000E+00,3.147575E-01,0.000000E+00,5.468489E+03,0.000000E+00,3.855660E-01,0.000000E+00,6.196338E+03,0.000000E+00,4.368677E-01,0.000000E+00,5.436749E+03,0.000000E+00,3.833100E-01,0.000000E+00,4.718886E+03,0.000000E+00,3.327212E-01,0.000000E+00,5.741591E+03,0.000000E+00,4.048220E-01,0.000000E+00,6.676399E+03,0.000000E+00,4.707136E-01,0.000000E+00,5.815333E+03,0.000000E+00,4.100011E-01
18:40:00,0.000000E+00,2.889787E+03,0.000000E+00,2.037008E-01,0.000000E+00,3.688572E+03,0.000000E+00,2.600766E-01,0.000000E+00,3.806790E+03,0.000000E+00,2.683962E-01,0.000000E+00,2.823867E+03,0.000000E+00,1.990962E-01,0.000000E+00,4.480119E+03,0.000000E+00,3.158876E-01,0.000000E+00,5.494969E+03,0.000000E+00,3.874342E-01,0.000000E+00,6.237536E+03,0.000000E+00,4.397739E-01,0.000000E+00,5.464368E+03,0.000000E+00,3.852590E-01,0.000000E+00,4.730720E+03,0.000000E+00,3.335570E-01,0.000000E+00,5.758613E+03,0.000000E+00,4.060237E-01,0.000000E+00,6.709131E+03,0.000000E+00,4.730231E-01,0.000000E+00,5.831811E+03,0.000000E+00,4.111647E-01
18:50:00,0.000000E+00,2.899213E+03,0.000000E+00,2.043660E-01,0.000000E+00,3.697281E+03,0.000000E+00,2.606912E-01,0.000000E+00,3.820454E+03,0.000000E+00,2.693598E-01,0.000000E+00,2.846812E+03,0.000000E+00,2.007141E-01,0.000000E+00,4.495639E+03,0.000000E+00,3.169829E-01,0.000000E+00,5.518454E+03,0.000000E+00,3.890909E-01,0.000000E+00,6.274355E+03,0.000000E+00,4.423711E-01,0.000000E+00,5.489920E+03,0.000000E+00,3.870620E-01,0.000000E+00,4.741603E+03,0.000000E+00,3.343254E-01,0.000000E+00,5.772287E+03,0.000000E+00,4.069889E-01,0.000000E+00,6.736610E+03,0.000000E+00,4.749618E-01,0.000000E+00,5.847225E+03,0.000000E+00,4.122530E-01
19:00:00,0.000000E+00,2.908939E+03,0.000000E+00,2.050522E-01,0.000000E+00,3.704545E+03,0.000000E+00,2.612039E-01,0.000000E+00,3.831321E+03,0.000000E+00,2.701264E-01,0.000000E+00,2.867323E+03,0.000000E+00,2.021604E-01,0.000000E+00,4.510924E+03,0.000000E+00,3.180615E-01,0.000000E+00,5.539312E+03,0.000000E+00,3.905624E-01,0.000000E+00,6.306988E+03,0.000000E+00,4.446730E-01,0.000000E+00,5.513167E+03,0.000000E+00,3.887023E-01,0.000000E+00,4.751801E+03,0.000000E+00,3.350454E-01,0.000000E+00,5.782940E+03,0.000000E+00,4.077409E-01,0.000000E+00,6.758702E+03,0.000000E+00,4.765206E-01,0.000000E+00,5.861818E+03,0.000000E+00,4.132832E-01
19:10:00,0.000000E+00,2.882656E+03,0.000000E+00,2.032002E-01,0.000000E+00,3.672879E+03,0.000000E+00,2.589717E-01,0.000000E+00,3.795850E+03,0.000000E+00,2.676260E-01,0.000000E+00,2.838294E+03,0.000000E+00,2.001140E-01,0.000000E+00,4.491454E+03,0.000000E+00,3.166897E-01,0.000000E+00,5.520711E+03,0.000000E+00,3.892517E-01,0.000000E+00,6.294659E+03,0.000000E+00,4.438048E-01,0.000000E+00,5.489644E+03,0.000000E+00,3.870450E-01,0.000000E+00,4.724447E+03,0.000000E+00,3.331176E-01,0.000000E+00,5.751847E+03,0.000000E+00,4.055496E-01,0.000000E+00,6.731491E+03,0.000000E+00,4.746032E-01,0.000000E+00,5.828092E+03,0.000000E+00,4.109067E-01
19:20:00,0.000000E+00,2.855109E+03,0.000000E+00,2.012590E-01,0.000000E+00,3.635687E+03,0.000000E+00,2.563494E-01,0.000000E+00,3.755275E+03,0.000000E+00,2.647651E-01,0.000000E+00,2.805083E+03,0.000000E+00,1.977720E-01,0.000000E+00,4.469928E+03,0.000000E+00,3.151721E-01,0.000000E+00,5.495282E+03,0.000000E+00,3.874590E-01,0.000000E+00,6.275736E+03,0.000000E+00,4.424711E-01,0.000000E+00,5.461590E+03,0.000000E+00,3.850676E-01,0.000000E+00,4.695146E+03,0.000000E+00,3.310519E-01,0.000000E+00,5.716154E+03,0.000000E+00,4.030333E-01,0.000000E+00,6.697016E+03,0.000000E+00,4.721730E-01,0.000000E+00,5.791709E+03,0.000000E+00,4.083422E-01
19:30:00,0.000000E+00,2.826545E+03,0.000000E+00,1.992459E-01,0.000000E+00,3.594110E+03,0.000000E+00,2.534175E-01,0.000000E+00,3.709376E+03,0.000000E+00,2.615286E-01,0.000000E+00,2.769797E+03,0.000000E+00,1.952836E-01,0.000000E+00,4.446588E+03,0.000000E+00,3.135263E-01,0.000000E+00,5.464037E+03,0.000000E+00,3.852558E-01,0.000000E+00,6.250141E+03,0.000000E+00,4.406666E-01,0.000000E+00,5.430383E+03,0.000000E+00,3.828676E-01,0.000000E+00,4.664051E+03,0.000000E+00,3.288592E-01,0.000000E+00,5.675309E+03,0.000000E+00,4.001532E-01,0.000000E+00,6.654728E+03,0.000000E+00,4.691914E-01,0.000000E+00,5.752635E+03,0.000000E+00,4.055875E-01
19:40:00,0.000000E+00,2.796437E+03,0.000000E+00,1.971239E-01,0.000000E+00,3.547978E+03,0.000000E+00,2.501643E-01,0.000000E+00,3.658691E+03,0.000000E+00,2.579546E-01,0.000000E+00,2.733081E+03,0.000000E+00,1.926944E-01,0.000000E+00,4.421059E+03,0.000000E+00,3.117257E-01,0.000000E+00,5.426807E+03,0.000000E+00,3.826301E-01,0.000000E+00,6.218445E+03,0.000000E+00,4.384312E-01,0.000000E+00,5.397253E+03,0.000000E+00,3.805315E-01,0.000000E+00,4.631234E+03,0.000000E+00,3.265447E-01,0.000000E+00,5.629499E+03,0.000000E+00,3.969225E-01,0.000000E+00,6.605293E+03,0.000000E+00,4.657054E-01,0.000000E+00,5.711370E+03,0.000000E+00,4.026778E-01
19:50:00,0.000000E+00,2.764832E+03,0.000000E+00,1.948963E-01,0.000000E+00,3.496909E+03,0.000000E+00,2.465628E-01,0.000000E+00,3.603649E+03,0.000000E+00,2.540732E-01,0.000000E+00,2.695628E+03,0.000000E+00,1.900533E-01,0.000000E+00,4.393377E+03,0.000000E+00,3.097730E-01,0.000000E+00,5.383149E+03,0.000000E+00,3.795508E-01,0.000000E+00,6.181069E+03,0.000000E+00,4.357951E-01,0.000000E+00,5.363002E+03,0.000000E+00,3.781161E-01,0.000000E+00,4.596636E+03,0.000000E+00,3.241044E-01,0.000000E+00,5.578507E+03,0.000000E+00,3.933260E-01,0.000000E+00,6.549358E+03,0.000000E+00,4.617606E-01,0.000000E+00,5.668501E+03,0.000000E+00,3.996548E-01
20:00:00,0.000000E+00,2.731080E+03,0.000000E+00,1.925172E-01,0.000000E+00,3.439605E+03,0.000000E+00,2.425215E-01,0.000000E+00,3.543479E+03,0.000000E+00,2.498302E-01,0.000000E+00,2.657082E+03,0.000000E+00,1.873351E-01,0.000000E+00,4.363503E+03,0.000000E+00,3.076656E-01,0.000000E+00,5.331696E+03,0.000000E+00,3.759218E-01,0.000000E+00,6.137497E+03,0.000000E+00,4.327219E-01,0.000000E+00,5.327509E+03,0.000000E+00,3.756129E-01,0.000000E+00,4.559863E+03,0.000000E+00,3.215104E-01,0.000000E+00,5.521191E+03,0.000000E+00,3.892835E-01,0.000000E+00,6.486411E+03,0.000000E+00,4.573213E-01,0.000000E+00,5.623102E+03,0.000000E+00,3.964532E-01
20:10:00,0.000000E+00,2.702918E+03,0.000000E+00,1.905321E-01,0.000000E+00,3.384472E+03,0.000000E+00,2.386334E-01,0.000000E+00,3.486669E+03,0.000000E+00,2.458241E-01,0.000000E+00,2.624733E+03,0.000000E+00,1.850538E-01,0.000000E+00,4.338225E+03,0.000000E+00,3.058822E-01,0.000000E+00,5.280411E+03,0.000000E+00,3.723046E-01,0.000000E+00,6.094855E+03,0.000000E+00,4.297142E-01,0.000000E+00,5.296838E+03,0.000000E+00,3.734496E-01,0.000000E+00,4.528767E+03,0.000000E+00,3.193168E-01,0.000000E+00,5.466372E+03,0.000000E+00,3.854170E-01,0.000000E+00,6.425565E+03,0.000000E+00,4.530301E-01,0.000000E+00,5.582907E+03,0.000000E+00,3.936183E-01
20:20:00,0.000000E+00,2.674379E+03,0.000000E+00,1.885204E-01,0.000000E+00,3.326249E+03,0.000000E+00,2.345275E-01,0.000000E+00,3.428059E+03,0.000000E+00,2.416912E-01,0.000000E+00,2.593915E+03,0.000000E+00,1.828806E-01,0.000000E+00,4.312381E+03,0.000000E+00,3.040591E-01,0.000000E+00,5.224322E+03,0.000000E+00,3.683488E-01,0.000000E+00,6.049174E+03,0.000000E+00,4.264923E-01,0.000000E+00,5.267478E+03,0.000000E+00,3.713788E-01,0.000000E+00,4.496998E+03,0.000000E+00,3.170758E-01,0.000000E+00,5.406892E+03,0.000000E+00,3.812221E-01,0.000000E+00,6.361444E+03,0.000000E+00,4.485080E-01,0.000000E+00,5.543082E+03,0.000000E+00,3.908096E-01
20:30:00,0.000000E+00,2.645250E+03,0.000000E+00,1.864672E-01,0.000000E+00,3.264186E+03,0.000000E+00,2.301510E-01,0.000000E+00,3.367159E+03,0.000000E+00,2.373968E-01,0.000000E+00,2.564206E+03,0.000000E+00,1.807857E-01,0.000000E+00,4.285784E+03,0.000000E+00,3.021830E-01,0.000000E+00,5.162724E+03,0.000000E+00,3.640048E-01,0.000000E+00,6.000106E+03,0.000000E+00,4.230318E-01,0.000000E+00,5.239101E+03,0.000000E+00,3.693774E-01,0.000000E+00,4.464452E+03,0.000000E+00,3.147803E-01,0.000000E+00,5.342772E+03,0.000000E+00,3.767001E-01,0.000000E+00,6.293816E+03,0.000000E+00,4.437390E-01,0.000000E+00,5.503484E+03,0.000000E+00,3.880171E-01
20:40:00,0.000000E+00,2.616308E+03,0.000000E+00,1.844270E-01,0.000000E+00,3.198576E+03,0.000000E+00,2.255245E-01,0.000000E+00,3.303248E+03,0.000000E+00,2.328903E-01,0.000000E+00,2.534453E+03,0.000000E+00,1.786877E-01,0.000000E+00,4.259040E+03,0.000000E+00,3.002966E-01,0.000000E+00,5.095804E+03,0.000000E+00,3.592857E-01,0.000000E+00,5.946965E+03,0.000000E+00,4.192842E-01,0.000000E+00,5.210752E+03,0.000000E+00,3.673781E-01,0.000000E+00,4.431334E+03,0.000000E+00,3.124445E-01,0.000000E+00,5.274069E+03,0.000000E+00,3.718552E-01,0.000000E+00,6.221939E+03,0.000000E+00,4.386704E-01,0.000000E+00,5.463707E+03,0.000000E+00,3.852120E-01
20:50:00,0.000000E+00,2.587705E+03,0.000000E+00,1.824108E-01,0.000000E+00,3.130480E+03,0.000000E+00,2.207228E-01,0.000000E+00,3.235757E+03,0.000000E+00,2.281314E-01,0.000000E+00,2.503978E+03,0.000000E+00,1.765387E-01,0.000000E+00,4.232280E+03,0.000000E+00,2.984092E-01,0.000000E+00,5.024513E+03,0.000000E+00,3.542585E-01,0.000000E+00,5.889197E+03,0.000000E+00,4.152106E-01,0.000000E+00,5.181768E+03,0.000000E+00,3.653340E-01,0.000000E+00,4.397915E+03,0.000000E+00,3.100875E-01,0.000000E+00,5.201402E+03,0.000000E+00,3.667308E-01,0.000000E+00,6.145303E+03,0.000000E+00,4.332664E-01,0.000000E+00,5.423224E+03,0.000000E+00,3.823572E-01
21:00:00,0.000000E+00,2.559673E+03,0.000000E+00,1.804349E-01,0.000000E+00,3.061967E+03,0.000000E+00,2.158919E-01,0.000000E+00,3.165153E+03,0.000000E+00,2.231530E-01,0.000000E+00,2.473315E+03,0.000000E+00,1.743766E-01,0.000000E+00,4.205700E+03,0.000000E+00,2.965345E-01,0.000000E+00,4.950861E+03,0.000000E+00,3.490649E-01,0.000000E+00,5.827119E+03,0.000000E+00,4.108331E-01,0.000000E+00,5.152476E+03,0.000000E+00,3.632683E-01,0.000000E+00,4.364780E+03,0.000000E+00,3.077506E-01,0.000000E+00,5.126420E+03,0.000000E+00,3.614433E-01,0.000000E+00,6.064621E+03,0.000000E+00,4.275772E-01,0.000000E+00,5.382757E+03,0.000000E+00,3.795035E-01
21:10:00,0.000000E+00,2.520679E+03,0.000000E+00,1.776862E-01,0.000000E+00,2.982181E+03,0.000000E+00,2.102661E-01,0.000000E+00,3.073000E+03,0.000000E+00,2.166554E-01,0.000000E+00,2.425618E+03,0.000000E+00,1.710136E-01,0.000000E+00,4.167866E+03,0.000000E+00,2.938663E-01,0.000000E+00,4.863403E+03,0.000000E+00,3.428980E-01,0.000000E+00,5.742785E+03,0.000000E+00,4.048864E-01,0.000000E+00,5.106096E+03,0.000000E+00,3.599979E-01,0.000000E+00,4.320471E+03,0.000000E+00,3.046260E-01,0.000000E+00,5.037182E+03,0.000000E+00,3.551508E-01,0.000000E+00,5.960714E+03,0.000000E+00,4.202506E-01,0.000000E+00,5.325056E+03,0.000000E+00,3.754349E-01
21:20:00,0.000000E+00,2.481460E+03,0.000000E+00,1.749216E-01,0.000000E+00,2.900571E+03,0.000000E+00,2.045117E-01,0.000000E+00,2.968642E+03,0.000000E+00,2.092971E-01,0.000000E+00,2.374039E+03,0.000000E+00,1.673766E-01,0.000000E+00,4.129612E+03,0.000000E+00,2.911684E-01,0.000000E+00,4.771006E+03,0.000000E+00,3.363828E-01,0.000000E+00,5.645966E+03,0.000000E+00,3.980595E-01,0.000000E+00,5.055853E+03,0.000000E+00,3.564548E-01,0.000000E+00,4.275795E+03,0.000000E+00,3.014752E-01,0.000000E+00,4.942817E+03,0.000000E+00,3.484966E-01,0.000000E+00,5.842191E+03,0.000000E+00,4.118934E-01,0.000000E+00,5.262916E+03,0.000000E+00,3.710530E-01
21:30:00,0.000000E+00,2.442116E+03,0.000000E+00,1.721482E-01,0.000000E+00,2.819088E+03,0.000000E+00,1.987664E-01,0.000000E+00,2.855320E+03,0.000000E+00,2.013068E-01,0.000000E+00,2.318985E+03,0.000000E+00,1.634947E-01,0.000000E+00,4.090991E+03,0.000000E+00,2.884448E-01,0.000000E+00,4.675580E+03,0.000000E+00,3.296541E-01,0.000000E+00,5.538980E+03,0.000000E+00,3.905156E-01,0.000000E+00,5.001851E+03,0.000000E+00,3.526468E-01,0.000000E+00,4.230901E+03,0.000000E+00,2.983092E-01,0.000000E+00,4.846002E+03,0.000000E+00,3.416698E-01,0.000000E+00,5.713021E+03,0.000000E+00,4.027854E-01,0.000000E+00,5.196897E+03,0.000000E+00,3.663978E-01
21:40:00,0.000000E+00,2.402587E+03,0.000000E+00,1.693618E-01,0.000000E+00,2.737835E+03,0.000000E+00,1.930375E-01,0.000000E+00,2.733238E+03,0.000000E+00,1.926990E-01,0.000000E+00,2.260036E+03,0.000000E+00,1.593381E-01,0.000000E+00,4.051960E+03,0.000000E+00,2.856923E-01,0.000000E+00,4.578259E+03,0.000000E+00,3.227921E-01,0.000000E+00,5.421869E+03,0.000000E+00,3.822580E-01,0.000000E+00,4.943545E+03,0.000000E+00,3.485355E-01,0.000000E+00,4.185764E+03,0.000000E+00,2.951263E-01,0.000000E+00,4.747419E+03,0.000000E+00,3.347185E-01,0.000000E+00,5.573134E+03,0.000000E+00,3.929221E-01,0.000000E+00,5.126401E+03,0.000000E+00,3.614270E-01
21:50:00,0.000000E+00,2.363006E+03,0.000000E+00,1.665716E-01,0.000000E+00,2.658561E+03,0.000000E+00,1.874483E-01,0.000000E+00,2.607270E+03,0.000000E+00,1.838172E-01,0.000000E+00,2.198308E+03,0.000000E+00,1.549856E-01,0.000000E+00,4.012627E+03,0.000000E+00,2.829187E-01,0.000000E+00,4.481451E+03,0.000000E+00,3.159663E-01,0.000000E+00,5.298638E+03,0.000000E+00,3.735692E-01,0.000000E+00,4.881743E+03,0.000000E+00,3.441779E-01,0.000000E+00,4.140554E+03,0.000000E+00,2.919383E-01,0.000000E+00,4.649770E+03,0.000000E+00,3.278332E-01,0.000000E+00,5.427865E+03,0.000000E+00,3.826794E-01,0.000000E+00,5.052642E+03,0.000000E+00,3.562264E-01
22:00:00,0.000000E+00,2.322566E+03,0.000000E+00,1.637210E-01,0.000000E+00,2.580359E+03,0.000000E+00,1.819346E-01,0.000000E+00,2.474251E+03,0.000000E+00,1.744383E-01,0.000000E+00,2.131598E+03,0.000000E+00,1.502820E-01,0.000000E+00,3.972350E+03,0.000000E+00,2.800786E-01,0.000000E+00,4.384447E+03,0.000000E+00,3.091267E-01,0.000000E+00,5.166912E+03,0.000000E+00,3.642815E-01,0.000000E+00,4.814547E+03,0.000000E+00,3.394400E-01,0.000000E+00,4.094132E+03,0.000000E+00,2.886649E-01,0.000000E+00,4.551188E+03,0.000000E+00,3.208823E-01,0.000000E+00,5.272769E+03,0.000000E+00,3.717441E-01,0.000000E+00,4.972297E+03,0.000000E+00,3.505614E-01
22:10:00,0.000000E+00,2.237957E+03,0.000000E+00,1.577568E-01,0.000000E+00,2.465037E+03,0.000000E+00,1.738037E-01,0.000000E+00,2.299682E+03,0.000000E+00,1.621303E-01,0.000000E+00,2.013876E+03,0.000000E+00,1.419819E-01,0.000000E+00,3.890489E+03,0.000000E+00,2.743065E-01,0.000000E+00,4.249046E+03,0.000000E+00,2.995801E-01,0.000000E+00,4.993299E+03,0.000000E+00,3.520407E-01,0.000000E+00,4.698675E+03,0.000000E+00,3.312703E-01,0.000000E+00,4.003134E+03,0.000000E+00,2.822486E-01,0.000000E+00,4.411603E+03,0.000000E+00,3.110405E-01,0.000000E+00,5.075229E+03,0.000000E+00,3.578163E-01,0.000000E+00,4.840421E+03,0.000000E+00,3.412634E-01
22:20:00,0.000000E+00,2.150917E+03,0.000000E+00,1.516212E-01,0.000000E+00,2.352805E+03,0.000000E+00,1.658900E-01,0.000000E+00,2.137122E+03,0.000000E+00,1.506686E-01,0.000000E+00,1.895868E+03,0.000000E+00,1.336613E-01,0.000000E+00,3.805882E+03,0.000000E+00,2.683404E-01,0.000000E+00,4.117496E+03,0.000000E+00,2.903045E-01,0.000000E+00,4.827466E+03,0.000000E+00,3.403481E-01,0.000000E+00,4.581002E+03,0.000000E+00,3.229731E-01,0.000000E+00,3.910368E+03,0.000000E+00,2.757071E-01,0.000000E+00,4.279068E+03,0.000000E+00,3.016952E-01,0.000000E+00,4.890897E+03,0.000000E+00,3.448194E-01,0.000000E+00,4.709066E+03,0.000000E+00,3.320016E-01
22:30:00,0.000000E+00,2.062670E+03,0.000000E+00,1.454005E-01,0.000000E+00,2.245176E+03,0.000000E+00,1.583007E-01,0.000000E+00,1.986045E+03,0.000000E+00,1.400167E-01,0.000000E+00,1.778731E+03,0.000000E+00,1.254021E-01,0.000000E+00,3.719581E+03,0.000000E+00,2.622544E-01,0.000000E+00,3.992187E+03,0.000000E+00,2.814688E-01,0.000000E+00,4.670034E+03,0.000000E+00,3.292477E-01,0.000000E+00,4.462948E+03,0.000000E+00,3.146490E-01,0.000000E+00,3.816432E+03,0.000000E+00,2.690828E-01,0.000000E+00,4.152554E+03,0.000000E+00,2.927744E-01,0.000000E+00,4.718309E+03,0.000000E+00,3.326506E-01,0.000000E+00,4.578804E+03,0.000000E+00,3.228167E-01
22:40:00,0.000000E+00,1.973806E+03,0.000000E+00,1.391364E-01,0.000000E+00,2.142841E+03,0.000000E+00,1.510844E-01,0.000000E+00,1.848154E+03,0.000000E+00,1.302945E-01,0.000000E+00,1.663920E+03,0.000000E+00,1.173070E-01,0.000000E+00,3.632156E+03,0.000000E+00,2.560891E-01,0.000000E+00,3.873170E+03,0.000000E+00,2.730765E-01,0.000000E+00,4.523054E+03,0.000000E+00,3.188842E-01,0.000000E+00,4.345981E+03,0.000000E+00,3.064014E-01,0.000000E+00,3.721732E+03,0.000000E+00,2.624045E-01,0.000000E+00,4.032428E+03,0.000000E+00,2.843037E-01,0.000000E+00,4.559500E+03,0.000000E+00,3.214532E-01,0.000000E+00,4.451001E+03,0.000000E+00,3.138051E-01
22:50:00,0.000000E+00,1.884492E+03,0.000000E+00,1.328405E-01,0.000000E+00,2.044522E+03,0.000000E+00,1.441514E-01,0.000000E+00,1.720133E+03,0.000000E+00,1.212683E-01,0.000000E+00,1.551028E+03,0.000000E+00,1.093471E-01,0.000000E+00,3.543800E+03,0.000000E+00,2.498579E-01,0.000000E+00,3.758933E+03,0.000000E+00,2.650211E-01,0.000000E+00,4.384321E+03,0.000000E+00,3.091021E-01,0.000000E+00,4.230020E+03,0.000000E+00,2.982246E-01,0.000000E+00,3.626358E+03,0.000000E+00,2.556785E-01,0.000000E+00,3.916767E+03,0.000000E+00,2.761477E-01,0.000000E+00,4.410972E+03,0.000000E+00,3.109805E-01,0.000000E+00,4.325161E+03,0.000000E+00,3.049319E-01
23:00:00,0.000000E+00,1.795737E+03,0.000000E+00,1.265840E-01,0.000000E+00,1.951316E+03,0.000000E+00,1.375788E-01,0.000000E+00,1.606572E+03,0.000000E+00,1.132617E-01,0.000000E+00,1.442943E+03,0.000000E+00,1.017262E-01,0.000000E+00,3.455367E+03,0.000000E+00,2.436212E-01,0.000000E+00,3.650762E+03,0.000000E+00,2.573933E-01,0.000000E+00,4.257880E+03,0.000000E+00,3.001864E-01,0.000000E+00,4.117681E+03,0.000000E+00,2.903031E-01,0.000000E+00,3.531656E+03,0.000000E+00,2.489997E-01,0.000000E+00,3.807977E+03,0.000000E+00,2.684761E-01,0.000000E+00,4.278890E+03,0.000000E+00,3.016673E-01,0.000000E+00,4.205359E+03,0.000000E+00,2.964842E-01
23:10:00,0.000000E+00,1.714166E+03,0.000000E+00,1.208339E-01,0.000000E+00,1.867562E+03,0.000000E+00,1.316729E-01,0.000000E+00,1.504702E+03,0.000000E+00,1.060794E-01,0.000000E+00,1.344873E+03,0.000000E+00,9.481169E-02,0.000000E+00,3.373445E+03,0.000000E+00,2.378437E-01,0.000000E+00,3.552174E+03,0.000000E+00,2.504412E-01,0.000000E+00,4.143171E+03,0.000000E+00,2.920982E-01,0.000000E+00,4.014772E+03,0.000000E+00,2.830466E-01,0.000000E+00,3.443819E+03,0.000000E+00,2.428052E-01,0.000000E+00,3.707816E+03,0.000000E+00,2.614130E-01,0.000000E+00,4.158782E+03,0.000000E+00,2.931985E-01,0.000000E+00,4.095407E+03,0.000000E+00,2.887312E-01
23:20:00,0.000000E+00,1.632496E+03,0.000000E+00,1.150769E-01,0.000000E+00,1.784920E+03,0.000000E+00,1.258456E-01,0.000000E+00,1.404425E+03,0.000000E+00,9.900964E-02,0.000000E+00,1.247157E+03,0.000000E+00,8.792241E-02,0.000000E+00,3.291036E+03,0.000000E+00,2.320322E-01,0.000000E+00,3.454449E+03,0.000000E+00,2.435502E-01,0.000000E+00,4.030253E+03,0.000000E+00,2.841363E-01,0.000000E+00,3.911905E+03,0.000000E+00,2.757933E-01,0.000000E+00,3.355524E+03,0.000000E+00,2.365787E-01,0.000000E+00,3.608250E+03,0.000000E+00,2.543921E-01,0.000000E+00,4.040482E+03,0.000000E+00,2.848572E-01,0.000000E+00,3.985565E+03,0.000000E+00,2.809862E-01
23:30:00,0.000000E+00,1.550631E+03,0.000000E+00,1.093060E-01,0.000000E+00,1.702627E+03,0.000000E+00,1.200430E-01,0.000000E+00,1.305048E+03,0.000000E+00,9.200336E-02,0.000000E+00,1.149512E+03,0.000000E+00,8.103822E-02,0.000000E+00,3.208068E+03,0.000000E+00,2.261813E-01,0.000000E+00,3.356925E+03,0.000000E+00,2.366733E-01,0.000000E+00,3.918328E+03,0.000000E+00,2.762445E-01,0.000000E+00,3.808823E+03,0.000000E+00,2.685248E-01,0.000000E+00,3.266752E+03,0.000000E+00,2.303186E-01,0.000000E+00,3.508988E+03,0.000000E+00,2.473925E-01,0.000000E+00,3.923370E+03,0.000000E+00,2.765997E-01,0.000000E+00,3.875665E+03,0.000000E+00,2.732370E-01
23:40:00,0.000000E+00,1.468557E+03,0.000000E+00,1.035205E-01,0.000000E+00,1.620585E+03,0.000000E+00,1.142579E-01,0.000000E+00,1.206319E+03,0.000000E+00,8.504272E-02,0.000000E+00,1.051882E+03,0.000000E+00,7.415498E-02,0.000000E+00,3.124532E+03,0.000000E+00,2.202903E-01,0.000000E+00,3.259419E+03,0.000000E+00,2.297977E-01,0.000000E+00,3.807002E+03,0.000000E+00,2.683948E-01,0.000000E+00,3.705423E+03,0.000000E+00,2.612340E-01,0.000000E+00,3.177518E+03,0.000000E+00,2.240259E-01,0.000000E+00,3.409872E+03,0.000000E+00,2.404033E-01,0.000000E+00,3.807093E+03,0.000000E+00,2.684010E-01,0.000000E+00,3.765634E+03,0.000000E+00,2.654786E-01
23:50:00,0.000000E+00,1.386283E+03,0.000000E+00,9.772082E-02,0.000000E+00,1.538717E+03,0.000000E+00,1.084851E-01,0.000000E+00,1.108096E+03,0.000000E+00,7.811773E-02,0.000000E+00,9.542350E+02,0.000000E+00,6.727058E-02,0.000000E+00,3.040436E+03,0.000000E+00,2.143600E-01,0.000000E+00,3.161828E+03,0.000000E+00,2.229161E-01,0.000000E+00,3.696049E+03,0.000000E+00,2.605714E-01,0.000000E+00,3.601660E+03,0.000000E+00,2.539175E-01,0.000000E+00,3.087836E+03,0.000000E+00,2.177017E-01,0.000000E+00,3.310801E+03,0.000000E+00,2.334174E-01,0.000000E+00,3.691412E+03,0.000000E+00,2.602443E-01,0.000000E+00,3.655427E+03,0.000000E+00,2.577079E-01
24:00:00,0.000000E+00,1.303817E+03,0.000000E+00,9.190769E-02,0.000000E+00,1.456988E+03,0.000000E+00,1.027222E-01,0.000000E+00,1.010296E+03,0.000000E+00,7.122250E-02,0.000000E+00,8.565609E+02,0.000000E+00,6.038423E-02,0.000000E+00,2.955796E+03,0.000000E+00,2.083912E-01,0.000000E+00,3.064096E+03,0.000000E+00,2.160246E-01,0.000000E+00,3.585329E+03,0.000000E+00,2.527644E-01,0.000000E+00,3.497512E+03,0.000000E+00,2.465739E-01,0.000000E+00,2.997721E+03,0.000000E+00,2.113469E-01,0.000000E+00,3.211708E+03,0.000000E+00,2.264298E-01,0.000000E+00,3.576161E+03,0.000000E+00,2.521179E-01,0.000000E+00,3.545011E+03,0.000000E+00,2.499223E-01
Peak,2.622550E+01,2.908939E+03,2.316860E-03,2.050522E-01,0.000000E+00,3.704545E+03,0.000000E+00,2.612039E-01,2.698026E+01,3.831321E+03,1.903532E-03,2.701264E-01,0.000000E+00,2.867323E+03,0.000000E+00,2.021604E-01,0.000000E+00,4.510924E+03,0.000000E+00,3.180615E-01,0.000000E+00,5.539312E+03,0.000000E+00,3.905624E-01,0.000000E+00,6.306988E+03,0.000000E+00,4.446730E-01,0.000000E+00,5.513167E+03,0.000000E+00,3.887023E-01,0.000000E+00,4.751801E+03,0.000000E+00,3.350454E-01,0.000000E+00,5.782940E+03,0.000000E+00,4.077409E-01,0.000000E+00,6.758702E+03,0.000000E+00,4.765206E-01,0.000000E+00,5.878426E+03,0.000000E+00,4.144194E-01

Peak Vol Flow (m3/s),,,1.928835E-03,1.707103E-01,,,0.000000E+00,2.174577E-01,,,1.584731E-03,2.248860E-01,,,0.000000E+00,1.683028E-01,,,0.000000E+00,2.647929E-01,,,0.000000E+00,3.251514E-01,,,0.000000E+00,3.701997E-01,,,0.000000E+00,3.236029E-01,,,0.000000E+00,2.789324E-01,,,0.000000E+00,3.394529E-01,,,0.000000E+00,3.967134E-01,,,0.000000E+00,3.450129E-01
